customer_id,age,annual_income,credit_score,employment_type,loan_amount,loan_tenure_months,existing_loans,recency_days,frequency,monetary,default,R,F,M,RFM_Score,segment,risk_score,risk_tier,estimated_clv
CUST00001,26,77405,703,Self-Employed,264768,24,0,297,10,20927,1,1,2,1,4,Lost,100.0,Critical Risk,229036.0
CUST00002,47,67686,653,Self-Employed,83108,12,2,45,13,56091,1,4,2,3,9,Loyal,62.6,High Risk,3265666.0
CUST00003,25,44125,688,Salaried,123358,36,2,121,29,29645,1,3,4,1,8,Loyal,97.6,Critical Risk,1992332.0
CUST00004,41,15000,687,Salaried,65321,12,0,132,1,7327,0,3,1,1,5,Lost,100.0,Critical Risk,15872.0
CUST00005,45,75053,638,Salaried,338620,24,1,131,29,16097,1,3,4,1,8,Loyal,100.0,Critical Risk,1017234.0
CUST00006,61,31143,752,Salaried,337106,60,1,269,7,66953,1,2,1,4,7,At Risk,100.0,Critical Risk,559951.0
CUST00007,50,30837,700,Salaried,221567,24,2,193,28,65464,1,2,4,4,10,Champions,100.0,Critical Risk,2915216.0
CUST00008,36,53816,712,Business,192199,48,2,67,11,49632,1,4,2,3,9,Loyal,100.0,Critical Risk,1925338.0
CUST00009,45,67847,749,Salaried,61240,48,0,257,25,5000,0,2,4,1,7,At Risk,46.5,Medium Risk,155451.0
CUST00010,30,57497,777,Business,196677,12,1,263,12,66378,1,2,2,4,8,Loyal,100.0,Critical Risk,970737.0
CUST00011,47,65711,648,Self-Employed,190869,36,0,268,20,45313,1,2,3,3,8,Loyal,94.8,Critical Risk,1086322.0
CUST00012,64,44244,571,Salaried,98718,48,0,53,12,57584,1,4,2,3,9,Loyal,69.3,High Risk,2818077.0
CUST00013,48,79331,559,Self-Employed,218536,36,0,165,24,35159,1,3,4,2,9,Loyal,89.8,Critical Risk,1528500.0
CUST00014,30,57604,604,Business,221654,24,1,291,10,58896,1,1,2,4,7,At Risk,100.0,Critical Risk,656398.0
CUST00015,61,38702,670,Self-Employed,95338,48,1,8,1,71814,1,4,1,4,9,Loyal,73.0,High Risk,589036.0
CUST00016,60,57752,723,Self-Employed,132408,24,0,331,26,5708,0,1,4,1,6,At Risk,82.3,Critical Risk,147398.0
CUST00017,26,72845,612,Business,65856,24,0,164,11,47056,1,3,2,3,8,Loyal,48.9,Medium Risk,942293.0
CUST00018,29,43389,760,Self-Employed,340482,24,0,195,29,71034,1,2,4,4,10,Champions,100.0,Critical Risk,3247926.0
CUST00019,66,100555,594,Self-Employed,313757,24,1,343,9,86459,1,1,2,4,7,At Risk,100.0,Critical Risk,748400.0
CUST00020,22,59391,807,Salaried,137362,60,0,46,8,51481,0,4,1,3,8,Loyal,53.2,High Risk,1822115.0
CUST00021,33,72724,638,Business,334236,60,1,73,29,65863,1,4,4,4,12,Champions,100.0,Critical Risk,6366757.0
CUST00022,28,29666,700,Freelance,178776,24,1,213,6,49236,1,2,1,3,6,At Risk,100.0,Critical Risk,432172.0
CUST00023,41,50435,563,Business,179978,36,2,170,18,40594,1,3,3,2,8,Loyal,100.0,Critical Risk,1291538.0
CUST00024,66,21966,622,Salaried,136214,24,0,200,15,36827,1,2,2,2,6,At Risk,100.0,Critical Risk,852549.0
CUST00025,27,67436,706,Salaried,267060,48,0,21,3,5000,1,4,1,1,6,At Risk,91.4,Critical Risk,95217.0
CUST00026,46,29540,610,Salaried,203388,24,1,328,7,67418,1,1,1,4,6,At Risk,100.0,Critical Risk,472573.0
CUST00027,22,73844,818,Salaried,75918,48,0,362,26,95744,0,1,4,4,9,Loyal,52.6,High Risk,2280077.0
CUST00028,56,31617,588,Business,336665,24,0,81,11,67284,1,4,2,4,10,Champions,100.0,Critical Risk,2299109.0
CUST00029,31,75427,688,Salaried,238635,24,0,162,21,46092,1,3,3,3,9,Loyal,88.4,Critical Risk,1779825.0
CUST00030,36,61930,693,Self-Employed,243424,36,3,129,12,46401,1,3,2,3,8,Loyal,100.0,Critical Risk,1228014.0
CUST00031,60,73715,719,Salaried,133762,36,1,342,19,27745,1,1,3,1,5,Lost,83.9,Critical Risk,508353.0
CUST00032,26,65805,630,Salaried,239761,48,2,93,10,35858,1,3,2,2,7,At Risk,100.0,Critical Risk,1010669.0
CUST00033,31,61380,703,Salaried,43798,24,0,68,2,48715,0,4,1,3,8,Loyal,30.6,Medium Risk,340306.0
CUST00034,45,74772,637,Salaried,106613,60,1,43,21,61338,1,4,3,4,11,Champions,57.5,High Risk,5913909.0
CUST00035,57,51591,721,Business,131903,48,0,118,9,51751,0,3,2,3,8,Loyal,70.2,High Risk,1100337.0
CUST00036,25,33523,588,Salaried,183701,36,1,60,3,65954,1,4,1,4,9,Loyal,100.0,Critical Risk,748390.0
CUST00037,30,93968,662,Self-Employed,158228,48,0,341,17,50416,1,1,3,3,7,At Risk,75.4,Critical Risk,828692.0
CUST00038,41,52399,818,Salaried,151369,12,0,88,5,66881,0,4,1,4,9,Loyal,67.3,High Risk,980384.0
CUST00039,23,76127,589,Salaried,273819,36,0,143,26,37749,1,3,4,2,9,Loyal,100.0,Critical Risk,1995755.0
CUST00040,22,66688,603,Salaried,219559,36,1,285,16,26944,1,1,3,1,5,Lost,100.0,Critical Risk,489434.0
CUST00041,38,55304,634,Self-Employed,207861,36,3,196,9,7065,1,2,2,1,5,Lost,100.0,Critical Risk,99822.0
CUST00042,53,61086,787,Salaried,53422,48,1,268,1,62785,0,2,1,4,7,At Risk,54.1,High Risk,75260.0
CUST00043,51,58680,671,Salaried,20000,60,0,335,27,74343,0,1,4,4,9,Loyal,47.4,Medium Risk,1972141.0
CUST00044,66,61982,801,Self-Employed,67488,36,0,327,17,23546,0,1,3,1,5,Lost,52.2,High Risk,401934.0
CUST00045,50,43040,645,Business,253777,12,2,207,12,42904,1,2,2,2,6,At Risk,100.0,Critical Risk,771743.0
CUST00046,29,42962,669,Business,183083,48,1,323,20,42222,1,1,3,2,6,At Risk,100.0,Critical Risk,857359.0
CUST00047,45,26948,591,Self-Employed,200868,12,1,72,5,22911,1,4,1,1,6,At Risk,100.0,Critical Risk,385369.0
CUST00048,32,67904,665,Business,123752,24,2,191,25,16807,1,2,4,1,7,At Risk,85.6,Critical Risk,674127.0
CUST00049,63,105160,707,Salaried,133400,24,1,320,13,55419,0,1,2,3,6,At Risk,72.1,High Risk,737625.0
CUST00050,57,27931,700,Salaried,144763,36,2,112,23,30195,1,3,4,1,8,Loyal,100.0,Critical Risk,1706983.0
CUST00051,22,15000,423,Business,211353,60,1,133,24,29213,1,3,4,1,8,Loyal,100.0,Critical Risk,1509769.0
CUST00052,29,19069,677,Self-Employed,153476,12,0,209,12,37795,1,2,2,2,6,At Risk,100.0,Critical Risk,674306.0
CUST00053,45,40052,715,Salaried,285553,12,0,58,2,41419,1,4,1,2,7,At Risk,100.0,Critical Risk,319956.0
CUST00054,50,34544,614,Self-Employed,263599,48,1,35,7,21737,1,4,1,1,6,At Risk,100.0,Critical Risk,776756.0
CUST00055,54,49615,669,Salaried,224642,24,2,103,8,5000,1,3,1,1,5,Lost,100.0,Critical Risk,104659.0
CUST00056,43,23987,703,Salaried,224822,60,2,237,27,54421,1,2,4,3,9,Loyal,100.0,Critical Risk,1960947.0
CUST00057,58,64225,638,Business,101395,48,0,340,29,5000,1,1,4,1,6,At Risk,74.9,High Risk,140571.0
CUST00058,57,44816,686,Freelance,145882,36,2,33,17,59478,1,4,3,4,11,Champions,99.7,Critical Risk,5310230.0
CUST00059,55,74993,671,Salaried,166061,36,0,175,10,60104,1,3,2,4,9,Loyal,71.7,High Risk,1037256.0
CUST00060,25,66011,738,Salaried,127387,12,2,125,11,49056,1,3,2,3,8,Loyal,77.0,Critical Risk,1219566.0
CUST00061,49,103711,583,Self-Employed,234911,12,0,107,22,42195,1,3,3,2,8,Loyal,73.5,High Risk,2361156.0
CUST00062,55,79642,604,Salaried,88219,36,0,67,22,40016,1,4,3,2,9,Loyal,45.6,Medium Risk,3104623.0
CUST00063,41,51708,669,Salaried,172807,24,1,219,28,55984,1,2,4,3,9,Loyal,100.0,Critical Risk,2239360.0
CUST00064,49,73647,670,Salaried,134267,60,0,207,28,54133,0,2,4,3,9,Loyal,66.6,High Risk,2272030.0
CUST00065,26,58747,577,Business,108662,36,1,50,22,53501,1,4,3,3,10,Champions,71.0,High Risk,4966625.0
CUST00066,41,34424,688,Salaried,306770,36,1,269,5,5000,1,2,1,1,4,Lost,100.0,Critical Risk,29869.0
CUST00067,55,58938,643,Business,126637,60,0,37,27,60811,1,4,4,4,12,Champions,61.1,High Risk,8153638.0
CUST00068,52,41672,676,Salaried,191325,36,2,29,24,45889,1,4,4,3,11,Champions,100.0,Critical Risk,6137216.0
CUST00069,59,65755,829,Business,197325,12,1,129,24,72983,1,3,4,4,11,Champions,82.1,Critical Risk,3863028.0
CUST00070,31,63619,774,Salaried,237724,36,2,221,14,71494,1,2,2,4,8,Loyal,100.0,Critical Risk,1418774.0
CUST00071,51,56713,678,Salaried,188238,24,1,13,23,5000,1,4,4,1,9,Loyal,90.0,Critical Risk,847980.0
CUST00072,39,34812,714,Salaried,224361,36,0,188,5,46978,1,2,1,3,6,At Risk,100.0,Critical Risk,381892.0
CUST00073,53,70896,712,Salaried,161306,60,2,289,17,14839,1,1,3,1,5,Lost,99.3,Critical Risk,282876.0
CUST00074,24,61415,697,Salaried,223872,12,1,217,10,72207,1,2,2,4,8,Loyal,100.0,Critical Risk,1039667.0
CUST00075,41,41494,671,Salaried,187425,48,2,206,6,45117,1,2,1,3,6,At Risk,100.0,Critical Risk,407448.0
CUST00076,40,80171,608,Business,274832,60,0,274,28,30314,1,1,4,1,6,At Risk,100.0,Critical Risk,997775.0
CUST00077,43,57592,563,Business,245554,60,0,245,29,60212,1,2,4,4,10,Champions,100.0,Critical Risk,2264100.0
CUST00078,25,50226,850,Business,215606,60,0,19,2,53528,0,4,1,3,8,Loyal,87.4,Critical Risk,704062.0
CUST00079,33,72948,503,Business,189889,24,3,192,16,18012,1,2,3,1,6,At Risk,100.0,Critical Risk,460350.0
CUST00080,38,64112,664,Self-Employed,349883,12,3,101,7,27051,1,3,1,1,5,Lost,100.0,Critical Risk,502657.0
CUST00081,34,15000,604,Salaried,21139,12,1,154,6,57624,1,3,1,3,7,At Risk,68.7,High Risk,662449.0
CUST00082,51,38682,792,Salaried,204193,48,3,10,3,26985,1,4,1,1,6,At Risk,100.0,Critical Risk,635453.0
CUST00083,65,27237,704,Business,151127,36,0,138,6,22547,1,3,1,1,5,Lost,100.0,Critical Risk,282968.0
CUST00084,63,32190,802,Salaried,263145,36,2,53,21,54131,1,4,3,3,10,Champions,100.0,Critical Risk,4635912.0
CUST00085,31,74600,511,Salaried,153666,36,0,241,9,6013,1,2,2,1,5,Lost,85.7,Critical Risk,71181.0
CUST00086,34,52833,714,Salaried,232630,36,2,35,10,19636,1,4,2,1,7,At Risk,100.0,Critical Risk,1002397.0
CUST00087,25,46747,638,Salaried,270780,12,1,244,2,15257,1,2,1,1,4,Lost,100.0,Critical Risk,39706.0
CUST00088,36,41221,671,Salaried,20000,60,0,279,24,53974,1,1,4,3,8,Loyal,45.7,Medium Risk,1498612.0
CUST00089,42,39546,649,Salaried,246750,60,1,89,1,55859,1,4,1,3,8,Loyal,100.0,Critical Risk,162458.0
CUST00090,37,48060,665,Salaried,59242,36,2,10,25,26657,1,4,4,1,9,Loyal,58.9,High Risk,5231078.0
CUST00091,57,60767,788,Business,177341,48,2,232,19,7165,0,2,3,1,6,At Risk,100.0,Critical Risk,185062.0
CUST00092,26,72621,541,Salaried,190946,36,0,231,19,74424,1,2,3,4,9,Loyal,94.0,Critical Risk,1929460.0
CUST00093,65,34133,601,Self-Employed,20000,60,1,216,29,69939,1,2,4,4,10,Champions,57.6,High Risk,2931898.0
CUST00094,30,41805,557,Salaried,379552,48,1,13,3,83050,1,4,1,4,9,Loyal,100.0,Critical Risk,1837167.0
CUST00095,48,87950,702,Freelance,176749,48,2,12,12,45008,1,4,2,2,8,Loyal,71.9,High Risk,4064640.0
CUST00096,65,70269,801,Freelance,126230,24,1,92,3,24259,0,3,1,1,5,Lost,57.1,High Risk,206721.0
CUST00097,45,18705,522,Self-Employed,278148,24,1,309,27,33309,1,1,4,2,7,At Risk,100.0,Critical Risk,950102.0
CUST00098,35,67526,735,Salaried,204198,60,0,183,7,27445,0,2,1,1,4,Lost,83.9,Critical Risk,319462.0
CUST00099,61,40283,674,Business,210648,12,0,310,25,44489,1,1,4,2,7,At Risk,100.0,Critical Risk,1171608.0
CUST00100,25,47532,743,Salaried,20000,48,0,269,14,71046,0,2,2,4,8,Loyal,38.3,Medium Risk,1188364.0
CUST00101,51,63552,609,Salaried,118882,48,2,88,5,53277,1,4,1,3,8,Loyal,82.2,Critical Risk,780968.0
CUST00102,34,42809,691,Salaried,202501,48,0,232,18,46399,1,2,3,3,8,Loyal,100.0,Critical Risk,1135350.0
CUST00103,34,32644,713,Freelance,138170,48,1,56,8,89288,1,4,1,4,9,Loyal,100.0,Critical Risk,2818605.0
CUST00104,37,76382,777,Self-Employed,323457,60,2,144,7,24527,1,3,1,1,5,Lost,100.0,Critical Risk,347183.0
CUST00105,51,58919,749,Freelance,153408,48,1,256,28,43472,1,2,4,2,8,Loyal,90.5,Critical Risk,1518919.0
CUST00106,30,70451,723,Salaried,137728,60,1,196,4,38605,0,2,1,2,5,Lost,74.4,High Risk,242423.0
CUST00107,60,55088,630,Salaried,174684,12,0,324,23,5000,1,1,4,1,6,At Risk,100.0,Critical Risk,116436.0
CUST00108,28,57689,624,Salaried,125331,24,1,246,21,22390,1,2,3,1,6,At Risk,90.1,Critical Risk,607502.0
CUST00109,43,60412,660,Salaried,230666,24,0,217,1,32696,1,2,1,2,5,Lost,100.0,Critical Risk,47077.0
CUST00110,66,59116,740,Salaried,110773,24,1,103,20,36264,0,3,3,2,8,Loyal,63.9,High Risk,1897686.0
CUST00111,49,61666,618,Salaried,273059,48,0,225,10,36824,1,2,2,2,6,At Risk,100.0,Critical Risk,513987.0
CUST00112,29,53971,675,Salaried,265273,36,1,89,27,90663,1,4,4,4,12,Champions,100.0,Critical Risk,7119393.0
CUST00113,39,70854,631,Salaried,200946,12,2,76,4,13874,1,4,1,1,6,At Risk,98.9,Critical Risk,180054.0
CUST00114,64,34908,612,Self-Employed,85772,60,2,266,5,28365,1,2,1,1,4,Lost,100.0,Critical Risk,171128.0
CUST00115,27,54590,687,Freelance,179170,36,1,262,10,33973,1,2,2,2,6,At Risk,100.0,Critical Risk,415415.0
CUST00116,58,77714,771,Salaried,78758,24,1,83,3,35287,0,4,1,2,7,At Risk,42.8,Medium Risk,323341.0
CUST00117,63,33815,634,Salaried,170015,24,0,40,2,48698,1,4,1,3,8,Loyal,100.0,Critical Risk,464700.0
CUST00118,63,50942,657,Salaried,187558,24,0,288,26,35188,1,1,4,2,7,At Risk,100.0,Critical Risk,1029073.0
CUST00119,51,52946,569,Salaried,81267,48,0,133,11,30343,1,3,2,1,6,At Risk,62.1,High Risk,718744.0
CUST00120,48,48967,633,Salaried,20000,60,0,98,5,52473,1,3,1,3,7,At Risk,32.0,Medium Risk,711994.0
CUST00121,22,41114,666,Salaried,314186,12,1,90,25,42882,1,4,4,2,10,Champions,100.0,Critical Risk,3093267.0
CUST00122,44,57857,747,Salaried,160318,36,0,43,29,39504,0,4,4,2,10,Champions,66.4,High Risk,5259746.0
CUST00123,56,68032,723,Freelance,150072,24,1,5,27,61972,1,4,4,4,12,Champions,63.8,High Risk,14716483.0
CUST00124,34,65647,699,Self-Employed,171192,60,3,329,2,39566,1,1,1,2,4,Lost,100.0,Critical Risk,79024.0
CUST00125,28,56762,708,Salaried,87848,24,0,45,5,62911,0,4,1,4,9,Loyal,45.0,Medium Risk,1408743.0
CUST00126,62,75360,707,Business,215414,48,0,310,14,11667,1,1,2,1,4,Lost,93.0,Critical Risk,172059.0
CUST00127,56,74645,701,Business,142110,24,0,172,7,42770,0,3,1,2,6,At Risk,63.0,High Risk,524112.0
CUST00128,64,41481,705,Salaried,158931,36,1,43,23,5000,1,4,4,1,9,Loyal,100.0,Critical Risk,527987.0
CUST00129,51,59694,850,Self-Employed,114436,60,0,140,15,10490,0,3,2,1,6,At Risk,49.8,Medium Risk,325398.0
CUST00130,60,39033,679,Business,132267,60,1,329,25,53168,1,1,4,3,8,Loyal,100.0,Critical Risk,1327382.0
CUST00131,64,49620,653,Self-Employed,207035,12,0,255,21,17375,1,2,3,1,6,At Risk,100.0,Critical Risk,456876.0
CUST00132,39,51769,743,Business,102237,60,2,130,22,37914,1,3,3,2,8,Loyal,78.0,Critical Risk,1828525.0
CUST00133,27,42563,563,Self-Employed,93029,24,2,201,2,47348,1,2,1,3,6,At Risk,100.0,Critical Risk,145533.0
CUST00134,37,45588,796,Freelance,167094,60,1,324,12,34322,0,1,2,2,5,Lost,100.0,Critical Risk,417005.0
CUST00135,34,53170,771,Salaried,310839,36,1,139,21,32343,1,3,3,2,8,Loyal,100.0,Critical Risk,1412587.0
CUST00136,63,57560,648,Freelance,211562,24,0,8,28,61977,1,4,4,4,12,Champions,88.9,Critical Risk,14233819.0
CUST00137,62,36456,611,Salaried,149750,48,1,255,8,57042,1,2,1,3,6,At Risk,100.0,Critical Risk,571398.0
CUST00138,50,50736,471,Business,132590,48,0,358,9,80871,1,1,2,4,7,At Risk,100.0,Critical Risk,673413.0
CUST00139,59,67122,587,Salaried,258200,36,0,312,11,44024,1,1,2,2,5,Lost,100.0,Critical Risk,507192.0
CUST00140,31,57419,632,Self-Employed,237941,48,0,165,21,67869,1,3,3,4,10,Champions,100.0,Critical Risk,2581717.0
CUST00141,45,52414,735,Salaried,232312,12,1,15,21,48682,1,4,3,3,10,Champions,100.0,Critical Risk,7245583.0
CUST00142,43,41817,652,Self-Employed,192719,48,1,161,25,5000,1,3,4,1,8,Loyal,100.0,Critical Risk,231013.0
CUST00143,26,42188,510,Self-Employed,250827,48,0,177,21,43664,1,3,3,2,8,Loyal,100.0,Critical Risk,1567609.0
CUST00144,49,81254,761,Business,144839,36,0,162,12,82129,0,3,2,4,9,Loyal,55.4,High Risk,1812217.0
CUST00145,34,17875,605,Salaried,234692,60,0,254,16,5000,1,2,3,1,6,At Risk,100.0,Critical Risk,100516.0
CUST00146,63,35871,787,Self-Employed,213017,48,0,104,13,44883,1,3,2,2,7,At Risk,100.0,Critical Risk,1515800.0
CUST00147,33,47064,553,Salaried,135378,12,1,251,22,42377,1,2,3,2,7,At Risk,100.0,Critical Risk,1183608.0
CUST00148,28,73532,723,Salaried,22260,12,2,267,7,36739,1,2,1,2,5,Lost,57.2,High Risk,309285.0
CUST00149,55,31290,588,Self-Employed,157719,48,0,156,10,47320,1,3,2,3,8,Loyal,100.0,Critical Risk,897236.0
CUST00150,43,37403,675,Business,150218,36,1,310,4,61755,1,1,1,4,6,At Risk,100.0,Critical Risk,260209.0
CUST00151,43,76315,698,Salaried,199724,48,0,69,6,50330,1,4,1,3,8,Loyal,69.1,High Risk,1044765.0
CUST00152,52,50229,594,Salaried,313819,24,0,246,29,35500,1,2,4,2,8,Loyal,100.0,Critical Risk,1330150.0
CUST00153,65,22257,655,Salaried,99996,12,2,191,27,47671,1,2,4,3,9,Loyal,100.0,Critical Risk,2065045.0
CUST00154,50,65901,644,Salaried,253548,48,1,285,27,54371,1,1,4,3,8,Loyal,100.0,Critical Risk,1666644.0
CUST00155,34,51526,643,Salaried,217717,60,0,52,24,6758,1,4,4,1,9,Loyal,100.0,Critical Risk,668927.0
CUST00156,34,72227,687,Salaried,208200,12,0,302,22,38472,1,1,3,2,6,At Risk,94.3,Critical Risk,912644.0
CUST00157,67,51267,555,Self-Employed,215174,24,0,95,15,46841,1,3,2,3,8,Loyal,100.0,Critical Risk,1950224.0
CUST00158,58,44409,659,Salaried,268469,24,1,160,11,47229,1,3,2,3,8,Loyal,100.0,Critical Risk,965010.0
CUST00159,29,41054,792,Salaried,142810,24,0,226,26,45907,0,2,4,3,9,Loyal,92.4,Critical Risk,1659647.0
CUST00160,43,44711,736,Salaried,92636,24,0,244,29,62471,0,2,4,4,10,Champions,69.8,High Risk,2357417.0
CUST00161,63,51540,698,Self-Employed,168994,36,1,188,13,39018,1,2,2,2,6,At Risk,100.0,Critical Risk,824679.0
CUST00162,60,80033,663,Freelance,20000,24,3,41,20,62460,1,4,3,4,11,Champions,52.0,High Risk,5883329.0
CUST00163,37,79289,760,Salaried,226106,60,0,193,14,93649,0,2,2,4,8,Loyal,79.4,Critical Risk,2085169.0
CUST00164,65,45428,652,Salaried,143374,48,0,4,20,28269,1,4,3,1,8,Loyal,77.9,Critical Risk,5095400.0
CUST00165,40,26790,597,Freelance,118122,24,1,87,4,38617,1,4,1,2,7,At Risk,100.0,Critical Risk,456525.0
CUST00166,50,41826,546,Self-Employed,325099,36,2,164,14,40661,1,3,2,2,7,At Risk,100.0,Critical Risk,1036298.0
CUST00167,38,54903,764,Business,149789,12,1,228,8,54278,0,2,1,3,6,At Risk,89.6,Critical Risk,599213.0
CUST00168,27,61742,629,Salaried,225635,24,1,248,25,44690,1,2,4,2,8,Loyal,100.0,Critical Risk,1433379.0
CUST00169,57,52605,730,Salaried,46195,60,0,152,4,5000,0,3,1,1,5,Lost,38.8,Medium Risk,38727.0
CUST00170,35,57886,830,Salaried,61691,36,0,78,26,66657,0,4,4,4,12,Champions,29.2,Medium Risk,5524672.0
CUST00171,54,101793,618,Salaried,164130,60,2,239,25,55361,1,2,4,3,9,Loyal,88.8,Critical Risk,1833645.0
CUST00172,45,49717,761,Salaried,197368,24,0,309,14,75687,0,1,2,4,7,At Risk,100.0,Critical Risk,1119423.0
CUST00173,53,50061,665,Freelance,126602,24,1,117,14,56137,1,3,2,3,8,Loyal,83.7,Critical Risk,1868795.0
CUST00174,55,56448,760,Salaried,252911,60,0,232,9,64467,1,2,2,4,8,Loyal,100.0,Critical Risk,788730.0
CUST00175,67,65748,533,Salaried,193388,24,1,7,9,92675,1,4,2,4,10,Champions,92.5,Critical Risk,6998560.0
CUST00176,62,65200,798,Self-Employed,181079,48,1,149,11,15059,0,3,2,1,6,At Risk,81.6,Critical Risk,325940.0
CUST00177,49,89631,669,Business,82662,24,2,354,28,32974,1,1,4,2,7,At Risk,80.7,Critical Risk,862982.0
CUST00178,36,37462,557,Business,28545,48,0,66,26,56416,1,4,4,3,11,Champions,42.0,Medium Risk,5223296.0
CUST00179,67,69303,850,Salaried,168284,48,0,30,13,64417,0,4,2,4,10,Champions,51.0,High Risk,4596371.0
CUST00180,63,60260,671,Business,69728,48,0,199,27,85259,1,2,4,4,10,Champions,52.5,High Risk,3567845.0
CUST00181,64,70786,627,Self-Employed,20000,24,1,201,9,32286,0,2,2,2,6,At Risk,48.4,Medium Risk,446566.0
CUST00182,54,34785,750,Freelance,126089,36,1,206,3,31372,1,2,1,2,5,Lost,100.0,Critical Risk,141659.0
CUST00183,56,47255,799,Salaried,252904,60,2,335,1,45442,1,1,1,3,5,Lost,100.0,Critical Risk,44647.0
CUST00184,53,15000,700,Self-Employed,151992,60,1,349,8,11427,1,1,1,1,3,Lost,100.0,Critical Risk,86555.0
CUST00185,60,85953,742,Business,93968,36,1,84,26,6488,0,4,4,1,9,Loyal,46.6,Medium Risk,510964.0
CUST00186,40,75244,620,Business,237221,60,1,308,6,48673,1,1,1,3,5,Lost,100.0,Critical Risk,309416.0
CUST00187,31,27901,633,Salaried,183536,60,1,132,16,44511,1,3,3,2,8,Loyal,100.0,Critical Risk,1542696.0
CUST00188,31,39634,844,Freelance,20000,36,0,13,5,18838,0,4,1,1,6,At Risk,11.6,Low Risk,694532.0
CUST00189,35,61363,757,Business,123155,24,2,21,1,25402,1,4,1,1,6,At Risk,68.6,High Risk,161247.0
CUST00190,43,66926,780,Salaried,165005,24,0,96,1,22879,0,3,1,1,5,Lost,62.3,High Risk,63025.0
CUST00191,65,65889,680,Freelance,157592,24,2,171,7,81680,1,3,1,4,8,Loyal,94.3,Critical Risk,1005747.0
CUST00192,23,49204,715,Business,143848,60,3,164,23,29994,1,3,4,1,8,Loyal,100.0,Critical Risk,1255859.0
CUST00193,53,79607,533,Business,413208,60,1,16,15,22517,1,4,2,1,7,At Risk,100.0,Critical Risk,2348201.0
CUST00194,36,54678,722,Freelance,123011,60,0,301,21,66097,0,1,3,4,8,Loyal,79.0,Critical Risk,1501136.0
CUST00195,38,62746,710,Salaried,203431,24,0,218,26,65520,1,2,4,4,10,Champions,92.9,Critical Risk,2443162.0
CUST00196,47,57221,598,Salaried,267406,12,1,67,6,57434,1,4,1,3,8,Loyal,100.0,Critical Risk,1215270.0
CUST00197,55,67150,623,Salaried,130131,60,0,314,23,18733,1,1,4,1,6,At Risk,81.1,Critical Risk,448683.0
CUST00198,43,56186,764,Salaried,176697,48,1,178,16,20276,1,3,3,1,7,At Risk,93.8,Critical Risk,552037.0
CUST00199,41,87487,786,Salaried,280933,36,0,136,28,45114,0,3,4,2,9,Loyal,80.1,Critical Risk,2672841.0
CUST00200,40,34509,583,Business,202394,36,1,165,9,32769,1,3,2,2,7,At Risk,100.0,Critical Risk,534224.0
CUST00201,22,43304,709,Salaried,282508,24,0,281,1,40416,1,1,1,2,4,Lost,100.0,Critical Risk,46462.0
CUST00202,35,75400,715,Business,246501,12,2,24,22,56639,1,4,3,3,10,Champions,97.2,Critical Risk,7517540.0
CUST00203,32,29763,608,Freelance,20000,12,3,130,22,21788,1,3,3,1,7,At Risk,71.7,High Risk,1050797.0
CUST00204,49,37458,629,Business,255950,36,0,88,27,51823,1,4,4,3,11,Champions,100.0,Critical Risk,4102134.0
CUST00205,50,28092,713,Salaried,197397,60,2,338,3,71204,1,1,1,4,6,At Risk,100.0,Critical Risk,208193.0
CUST00206,30,55511,670,Business,207805,48,1,335,28,51134,1,1,4,3,8,Loyal,100.0,Critical Risk,1406701.0
CUST00207,55,56835,644,Business,171675,36,0,266,23,63939,1,2,4,4,10,Champions,97.3,Critical Risk,1774439.0
CUST00208,58,32962,672,Salaried,148005,36,1,205,9,30732,1,2,2,1,5,Lost,100.0,Critical Risk,418032.0
CUST00209,47,38273,588,Business,20000,24,0,112,21,39492,1,3,3,2,8,Loyal,38.7,Medium Risk,2038425.0
CUST00210,66,64876,763,Self-Employed,211109,12,3,175,10,62636,1,3,2,4,9,Loyal,100.0,Critical Risk,1080952.0
CUST00211,64,91695,687,Self-Employed,139808,24,1,50,6,59974,1,4,1,4,9,Loyal,56.5,High Risk,1518417.0
CUST00212,50,69778,681,Business,184819,48,1,259,6,51635,1,2,1,3,6,At Risk,96.6,Critical Risk,382676.0
CUST00213,29,38478,702,Salaried,141164,48,1,214,8,16807,1,2,1,1,4,Lost,100.0,Critical Risk,195914.0
CUST00214,37,35393,753,Salaried,104795,24,0,246,10,13084,0,2,2,1,5,Lost,86.5,Critical Risk,169050.0
CUST00215,22,48362,608,Self-Employed,167336,24,0,52,16,53596,1,4,3,3,10,Champions,91.1,Critical Risk,3536730.0
CUST00216,40,51484,619,Self-Employed,225753,36,0,209,26,25128,1,2,4,1,7,At Risk,100.0,Critical Risk,971343.0
CUST00217,61,60195,755,Salaried,121096,48,0,26,23,47948,0,4,4,3,11,Champions,49.3,Medium Risk,6440375.0
CUST00218,66,50706,737,Salaried,69178,48,0,253,5,50979,0,2,1,3,6,At Risk,56.3,High Risk,321370.0
CUST00219,22,32490,817,Self-Employed,210899,24,0,105,13,14974,0,3,2,1,6,At Risk,100.0,Critical Risk,502132.0
CUST00220,66,80248,634,Salaried,20000,60,1,143,2,42871,0,3,1,2,6,At Risk,42.4,Medium Risk,174350.0
CUST00221,31,90012,850,Business,250075,48,0,331,8,74696,0,1,1,4,6,At Risk,82.8,Critical Risk,593503.0
CUST00222,56,49874,618,Self-Employed,97344,48,0,160,4,5000,1,3,1,1,5,Lost,69.1,High Risk,37150.0
CUST00223,65,41165,729,Self-Employed,244207,12,2,170,7,58129,1,3,1,3,7,At Risk,100.0,Critical Risk,719223.0
CUST00224,27,69048,757,Salaried,147352,24,3,254,13,53778,1,2,2,3,7,At Risk,100.0,Critical Risk,878405.0
CUST00225,43,33842,732,Salaried,255902,24,1,265,17,13206,1,2,3,1,6,At Risk,100.0,Critical Risk,271785.0
CUST00226,38,35313,646,Salaried,248983,48,1,217,11,55672,1,2,2,3,7,At Risk,100.0,Critical Risk,881748.0
CUST00227,63,52981,772,Salaried,299824,12,0,49,14,35565,1,4,2,2,8,Loyal,100.0,Critical Risk,2125581.0
CUST00228,33,73107,680,Salaried,117414,12,0,40,2,47647,0,4,1,3,8,Loyal,47.8,Medium Risk,454671.0
CUST00229,64,55825,695,Salaried,235694,12,1,242,9,37446,1,2,2,2,6,At Risk,100.0,Critical Risk,441688.0
CUST00230,54,91672,666,Salaried,164950,12,1,81,8,25029,1,4,1,1,6,At Risk,66.0,High Risk,621997.0
CUST00231,62,50888,676,Self-Employed,129247,48,0,84,18,74545,1,4,3,4,11,Champions,70.4,High Risk,4064404.0
CUST00232,58,35535,763,Self-Employed,70551,36,2,313,6,22329,1,1,1,1,3,Lost,91.8,Critical Risk,139916.0
CUST00233,27,39733,713,Business,189323,24,1,192,15,66322,1,2,2,4,8,Loyal,100.0,Critical Risk,1589116.0
CUST00234,50,45874,825,Self-Employed,245977,48,1,155,29,37177,0,3,4,2,9,Loyal,100.0,Critical Risk,2054927.0
CUST00235,65,52336,614,Self-Employed,302505,60,2,58,7,47407,1,4,1,3,8,Loyal,100.0,Critical Risk,1281745.0
CUST00236,51,53094,728,Salaried,56640,12,2,162,2,52143,0,3,1,3,7,At Risk,63.5,High Risk,191760.0
CUST00237,64,67463,731,Salaried,104932,48,1,254,6,65644,1,2,1,4,7,At Risk,70.6,High Risk,494872.0
CUST00238,53,49915,673,Business,235497,12,2,101,22,89351,1,3,3,4,10,Champions,100.0,Critical Risk,5218098.0
CUST00239,29,19866,675,Salaried,111687,60,0,43,22,35668,1,4,3,2,9,Loyal,100.0,Critical Risk,3602692.0
CUST00240,50,68726,584,Business,216260,36,1,155,2,5000,1,3,1,1,5,Lost,100.0,Critical Risk,19060.0
CUST00241,36,37893,628,Self-Employed,240339,36,1,339,13,52986,1,1,2,3,6,At Risk,100.0,Critical Risk,669557.0
CUST00242,35,37939,721,Salaried,213167,24,0,60,29,50380,1,4,4,3,11,Champions,100.0,Critical Risk,5526138.0
CUST00243,41,72649,709,Business,176074,12,0,7,21,76825,1,4,3,4,11,Champions,59.3,High Risk,13537095.0
CUST00244,63,39733,658,Salaried,185937,24,0,341,6,64757,1,1,1,4,6,At Risk,100.0,Critical Risk,375676.0
CUST00245,35,67041,638,Business,207282,12,0,185,13,31482,1,2,2,2,6,At Risk,92.5,Critical Risk,674411.0
CUST00246,46,62983,811,Freelance,174701,12,1,21,26,87595,0,4,4,4,12,Champions,70.0,High Risk,14456983.0
CUST00247,25,48810,654,Salaried,190697,48,2,194,18,64079,1,2,3,4,9,Loyal,100.0,Critical Risk,1826460.0
CUST00248,29,62743,655,Salaried,56058,12,0,187,24,13538,1,2,4,1,7,At Risk,47.4,Medium Risk,530617.0
CUST00249,64,80285,850,Business,233327,36,1,354,3,81178,0,1,1,4,6,At Risk,97.2,Critical Risk,227631.0
CUST00250,54,45679,741,Self-Employed,98054,12,1,314,3,47424,0,1,1,3,5,Lost,86.7,Critical Risk,148158.0
CUST00251,55,70919,617,Salaried,122273,48,2,123,23,13584,1,3,4,1,8,Loyal,81.5,Critical Risk,714970.0
CUST00252,33,48312,709,Salaried,157841,24,1,42,7,52051,1,4,1,3,8,Loyal,89.0,Critical Risk,1694144.0
CUST00253,49,48687,617,Business,143312,36,0,188,25,39346,1,2,4,2,8,Loyal,91.3,Critical Risk,1599253.0
CUST00254,26,66955,696,Business,145420,60,0,191,1,30901,1,2,1,1,4,Lost,70.3,High Risk,49577.0
CUST00255,60,55878,615,Salaried,153395,36,2,76,26,47750,1,4,4,3,11,Champions,98.2,Critical Risk,4027978.0
CUST00256,53,55919,496,Self-Employed,237849,48,1,248,21,32384,1,2,3,2,7,At Risk,100.0,Critical Risk,872490.0
CUST00257,52,33200,768,Business,114641,48,2,141,4,65232,1,3,1,4,8,Loyal,100.0,Critical Risk,536556.0
CUST00258,36,79066,807,Salaried,230839,24,3,264,5,56928,1,2,1,3,6,At Risk,100.0,Critical Risk,345736.0
CUST00259,66,64554,657,Salaried,237130,60,0,77,10,11711,1,4,2,1,7,At Risk,93.8,Critical Risk,376609.0
CUST00260,65,82106,708,Salaried,116840,36,0,306,24,30361,0,1,4,1,6,At Risk,63.9,High Risk,776532.0
CUST00261,34,67004,692,Salaried,131168,36,1,275,20,50326,1,1,3,3,7,At Risk,83.2,Critical Risk,1179389.0
CUST00262,38,70776,807,Salaried,250401,60,0,356,2,32373,0,1,1,2,4,Lost,100.0,Critical Risk,60210.0
CUST00263,48,54760,700,Salaried,298463,48,2,347,20,58995,1,1,3,4,8,Loyal,100.0,Critical Risk,1122982.0
CUST00264,54,81072,697,Self-Employed,266745,12,0,19,9,30092,1,4,2,1,7,At Risk,78.5,Critical Risk,1781121.0
CUST00265,65,28332,720,Salaried,97042,48,0,170,12,35311,0,3,2,2,7,At Risk,91.9,Critical Risk,748969.0
CUST00266,55,64092,698,Salaried,165762,12,1,238,29,35980,1,2,4,2,8,Loyal,92.3,Critical Risk,1387426.0
CUST00267,30,43535,578,Salaried,146941,24,2,54,29,16679,1,4,4,1,9,Loyal,100.0,Critical Risk,1950798.0
CUST00268,52,43552,681,Business,159904,60,0,157,9,42020,1,3,2,2,7,At Risk,98.6,Critical Risk,713363.0
CUST00269,55,78238,683,Salaried,93640,36,1,124,22,38047,1,3,3,2,8,Loyal,56.3,High Risk,1903535.0
CUST00270,37,41983,564,Self-Employed,251019,48,1,56,17,42091,1,4,3,2,9,Loyal,100.0,Critical Risk,2823510.0
CUST00271,44,43888,675,Salaried,134647,12,1,217,8,13444,1,2,1,1,4,Lost,100.0,Critical Risk,154858.0
CUST00272,56,50172,690,Business,235440,36,1,139,13,13499,1,3,2,1,6,At Risk,100.0,Critical Risk,364973.0
CUST00273,34,45504,669,Freelance,175272,24,0,129,2,28229,1,3,1,1,5,Lost,100.0,Critical Risk,124515.0
CUST00274,26,31982,693,Self-Employed,45687,24,0,175,18,59529,0,3,3,4,10,Champions,54.4,High Risk,1849199.0
CUST00275,66,44688,687,Salaried,169740,60,0,238,20,60145,0,2,3,4,9,Loyal,100.0,Critical Risk,1599485.0
CUST00276,42,30083,740,Salaried,110652,60,3,322,17,15504,1,1,3,1,5,Lost,100.0,Critical Risk,268347.0
CUST00277,65,41696,616,Business,136454,36,0,39,28,41522,1,4,4,2,10,Champions,85.7,Critical Risk,5620594.0
CUST00278,40,56028,663,Freelance,305034,12,1,44,2,67042,1,4,1,4,9,Loyal,100.0,Critical Risk,607959.0
CUST00279,43,40301,821,Business,130881,24,0,263,12,58617,0,2,2,4,8,Loyal,88.7,Critical Risk,857237.0
CUST00280,44,51797,812,Business,81040,48,2,152,1,41984,0,3,1,2,6,At Risk,66.5,High Risk,81295.0
CUST00281,40,69480,613,Salaried,181199,48,1,260,26,56583,1,2,4,3,9,Loyal,100.0,Critical Risk,1811038.0
CUST00282,27,56078,759,Salaried,89977,36,0,42,28,54925,0,4,4,3,11,Champions,42.2,Medium Risk,7150745.0
CUST00283,61,30714,764,Salaried,363909,12,0,315,14,26447,1,1,2,1,4,Lost,100.0,Critical Risk,384478.0
CUST00284,27,66963,678,Business,184914,36,2,75,6,56508,1,4,1,3,8,Loyal,93.9,Critical Risk,1109888.0
CUST00285,27,72088,504,Salaried,156396,12,0,24,20,49453,1,4,3,3,10,Champions,70.5,High Risk,5967056.0
CUST00286,28,63901,700,Self-Employed,342531,36,0,235,14,28861,1,2,2,1,5,Lost,100.0,Critical Risk,543203.0
CUST00287,53,32829,708,Freelance,250624,12,0,106,9,67914,1,3,2,4,9,Loyal,100.0,Critical Risk,1565596.0
CUST00288,51,78968,683,Self-Employed,191814,12,3,82,25,55913,1,4,4,3,11,Champions,97.5,Critical Risk,4305537.0
CUST00289,38,34886,756,Self-Employed,358548,60,1,154,1,53504,1,3,1,3,7,At Risk,100.0,Critical Risk,102514.0
CUST00290,64,62282,695,Salaried,148503,12,0,150,19,35574,1,3,3,2,8,Loyal,71.3,High Risk,1322819.0
CUST00291,26,30577,761,Self-Employed,91007,12,1,100,3,36938,0,3,1,2,6,At Risk,84.2,Critical Risk,296316.0
CUST00292,60,66152,652,Salaried,74946,48,0,67,16,55184,0,4,3,3,10,Champions,42.6,Medium Risk,3113764.0
CUST00293,35,69739,793,Self-Employed,245423,36,0,304,8,57156,0,1,1,3,5,Lost,99.5,Critical Risk,490148.0
CUST00294,24,77830,593,Self-Employed,249320,60,1,26,5,5000,1,4,1,1,6,At Risk,94.9,Critical Risk,146000.0
CUST00295,34,48137,676,Self-Employed,246940,24,0,114,14,19081,1,3,2,1,6,At Risk,100.0,Critical Risk,647867.0
CUST00296,46,48608,646,Self-Employed,318510,60,1,165,16,41426,1,3,3,2,8,Loyal,100.0,Critical Risk,1200634.0
CUST00297,49,41579,658,Business,131201,60,1,310,28,7082,1,1,4,1,6,At Risk,100.0,Critical Risk,208883.0
CUST00298,38,56352,683,Salaried,56895,60,0,130,27,11247,0,3,4,1,8,Loyal,43.0,Medium Risk,665701.0
CUST00299,27,52607,709,Salaried,113242,12,0,215,2,67172,0,2,1,4,7,At Risk,71.0,High Risk,194972.0
CUST00300,62,57698,731,Salaried,166531,12,1,194,8,58448,1,2,1,4,7,At Risk,92.3,Critical Risk,740426.0
CUST00301,51,33770,725,Salaried,259619,36,2,232,28,5000,1,2,4,1,7,At Risk,100.0,Critical Risk,190317.0
CUST00302,31,61944,652,Self-Employed,195080,24,1,153,6,17924,1,3,1,1,5,Lost,100.0,Critical Risk,207143.0
CUST00303,66,60376,630,Salaried,234648,12,2,289,14,86344,1,1,2,4,7,At Risk,100.0,Critical Risk,1355508.0
CUST00304,61,18522,713,Business,212288,48,1,255,20,47798,1,2,3,3,8,Loyal,100.0,Critical Risk,1197000.0
CUST00305,36,65774,682,Salaried,214715,12,0,99,12,59883,1,3,2,4,9,Loyal,85.6,Critical Risk,1935701.0
CUST00306,28,59045,691,Freelance,93460,12,0,45,1,20113,0,4,1,1,6,At Risk,46.9,Medium Risk,90077.0
CUST00307,24,70819,549,Salaried,215492,24,0,43,17,26998,1,4,3,1,8,Loyal,86.3,Critical Risk,2107202.0
CUST00308,59,79902,697,Salaried,198330,60,1,174,15,26989,1,3,2,1,6,At Risk,85.1,Critical Risk,701970.0
CUST00309,44,38897,512,Salaried,20000,36,2,325,10,41436,1,1,2,2,5,Lost,81.6,Critical Risk,418372.0
CUST00310,31,46859,550,Business,128830,60,0,259,26,44190,1,2,4,2,8,Loyal,98.1,Critical Risk,1419164.0
CUST00311,57,50676,678,Business,215162,60,1,204,28,6226,1,2,4,1,7,At Risk,100.0,Critical Risk,264573.0
CUST00312,37,85195,618,Salaried,154800,60,0,40,10,62716,1,4,2,4,10,Champions,56.5,High Risk,2992332.0
CUST00313,42,33771,665,Salaried,239246,12,0,105,10,45729,1,3,2,3,8,Loyal,100.0,Critical Risk,1179582.0
CUST00314,54,49489,661,Salaried,235878,24,1,324,7,34233,1,1,1,2,4,Lost,100.0,Critical Risk,242622.0
CUST00315,57,68983,518,Salaried,165278,60,2,65,14,21361,1,4,2,1,7,At Risk,97.4,Critical Risk,1075416.0
CUST00316,43,42302,655,Salaried,328845,36,1,229,19,21649,1,2,3,1,6,At Risk,100.0,Critical Risk,565483.0
CUST00317,28,67301,690,Salaried,202062,12,0,64,27,71497,1,4,4,4,12,Champions,76.9,Critical Risk,7010974.0
CUST00318,42,54488,552,Salaried,198702,24,1,265,11,43963,1,2,2,2,6,At Risk,100.0,Critical Risk,585444.0
CUST00319,22,65898,564,Business,233236,60,1,198,2,64073,1,2,1,4,7,At Risk,100.0,Critical Risk,199460.0
CUST00320,42,64477,666,Salaried,254589,48,0,64,2,72162,1,4,1,4,9,Loyal,97.6,Critical Risk,524162.0
CUST00321,55,38378,588,Salaried,188058,60,0,45,20,49417,1,4,3,3,10,Champions,100.0,Critical Risk,4426308.0
CUST00322,43,53257,669,Business,105540,60,0,202,1,65350,0,2,1,4,7,At Risk,69.4,High Risk,100012.0
CUST00323,24,23157,686,Salaried,141155,60,0,335,10,75837,1,1,2,4,7,At Risk,100.0,Critical Risk,745101.0
CUST00324,33,93305,644,Self-Employed,231091,60,1,66,11,5000,1,4,2,1,7,At Risk,79.9,Critical Risk,195854.0
CUST00325,33,41962,603,Salaried,297736,36,0,64,6,29369,1,4,1,1,6,At Risk,100.0,Critical Risk,639981.0
CUST00326,58,41969,759,Self-Employed,114315,12,1,75,5,54516,1,4,1,3,8,Loyal,77.3,Critical Risk,892302.0
CUST00327,30,53343,827,Self-Employed,201887,36,2,168,21,23748,0,3,3,1,7,At Risk,100.0,Critical Risk,890115.0
CUST00328,67,64837,584,Self-Employed,163818,12,1,98,22,99307,1,3,3,4,10,Champions,87.9,Critical Risk,5928886.0
CUST00329,65,51320,619,Business,184159,24,1,79,29,69552,1,4,4,4,12,Champions,100.0,Critical Risk,6374095.0
CUST00330,29,53695,716,Salaried,152705,12,0,190,5,54012,1,2,1,3,6,At Risk,82.2,Critical Risk,435196.0
CUST00331,29,65771,807,Self-Employed,20000,36,3,315,12,69613,1,1,2,4,7,At Risk,65.1,High Risk,867439.0
CUST00332,43,58206,522,Salaried,359242,60,2,120,6,51022,1,3,1,3,7,At Risk,100.0,Critical Risk,713982.0
CUST00333,41,45442,517,Business,145125,24,2,111,18,52050,1,3,3,3,9,Loyal,100.0,Critical Risk,2318431.0
CUST00334,61,52306,735,Salaried,155987,48,2,328,29,61194,1,1,4,4,9,Loyal,100.0,Critical Risk,1777060.0
CUST00335,44,48490,544,Self-Employed,135110,48,0,200,4,61439,1,2,1,4,7,At Risk,94.4,Critical Risk,379285.0
CUST00336,67,78761,603,Salaried,108558,48,2,80,27,36394,1,4,4,2,10,Champions,72.1,High Risk,3078651.0
CUST00337,57,57403,596,Salaried,265109,60,0,55,19,37593,1,4,3,2,9,Loyal,100.0,Critical Risk,2849262.0
CUST00338,39,32613,709,Salaried,245056,12,1,318,27,75864,1,1,4,4,9,Loyal,100.0,Critical Risk,2108998.0
CUST00339,55,55916,633,Self-Employed,145979,12,1,65,6,66460,1,4,1,4,9,Loyal,83.3,Critical Risk,1433965.0
CUST00340,30,51834,807,Self-Employed,177681,48,0,282,28,55315,0,1,4,3,8,Loyal,94.9,Critical Risk,1774943.0
CUST00341,37,53846,763,Salaried,202265,12,2,200,27,24884,1,2,4,1,7,At Risk,100.0,Critical Risk,1036921.0
CUST00342,32,56930,754,Salaried,112916,60,2,236,15,33695,0,2,2,2,6,At Risk,86.0,Critical Risk,676991.0
CUST00343,40,19474,835,Salaried,255682,48,0,13,7,99346,0,4,1,4,9,Loyal,100.0,Critical Risk,5127859.0
CUST00344,49,62409,680,Salaried,201436,24,0,124,2,38281,1,3,1,2,6,At Risk,87.1,Critical Risk,174113.0
CUST00345,39,82761,629,Salaried,208178,24,2,261,29,5487,1,2,4,1,7,At Risk,100.0,Critical Risk,195227.0
CUST00346,48,75526,660,Self-Employed,268016,48,2,140,6,51695,1,3,1,3,7,At Risk,100.0,Critical Risk,641428.0
CUST00347,61,76717,775,Salaried,239044,12,0,332,5,45853,0,1,1,3,5,Lost,95.1,Critical Risk,227087.0
CUST00348,22,64836,504,Salaried,279482,48,2,57,12,52994,1,4,2,3,9,Loyal,100.0,Critical Risk,2482500.0
CUST00349,30,99102,702,Salaried,303574,48,0,155,21,21630,1,3,3,1,7,At Risk,84.8,Critical Risk,865765.0
CUST00350,35,76313,749,Business,69792,12,1,19,4,41613,0,4,1,2,7,At Risk,37.2,Medium Risk,1094684.0
CUST00351,46,52261,770,Freelance,270141,12,2,119,11,49505,1,3,2,3,8,Loyal,100.0,Critical Risk,1278216.0
CUST00352,34,63789,552,Business,291068,48,2,277,23,41187,1,1,4,2,7,At Risk,100.0,Critical Risk,1102918.0
CUST00353,56,57822,625,Salaried,43748,36,1,35,13,46799,1,4,2,3,9,Loyal,44.4,Medium Risk,3105752.0
CUST00354,25,66799,850,Salaried,276230,12,0,123,11,22802,1,3,2,1,6,At Risk,92.8,Critical Risk,573981.0
CUST00355,54,65566,707,Business,200207,36,1,208,16,60623,1,2,3,4,9,Loyal,98.6,Critical Risk,1448009.0
CUST00356,48,63582,756,Salaried,179216,24,1,255,16,43948,1,2,3,2,7,At Risk,94.2,Critical Risk,880468.0
CUST00357,39,85143,674,Self-Employed,197511,60,1,235,20,40201,1,2,3,2,7,At Risk,88.5,Critical Risk,1080911.0
CUST00358,33,48436,686,Salaried,181892,48,2,4,23,49789,1,4,4,3,11,Champions,100.0,Critical Risk,10320461.0
CUST00359,23,54250,703,Self-Employed,153548,60,1,95,15,61476,0,3,2,4,9,Loyal,85.1,Critical Risk,2559552.0
CUST00360,59,72698,633,Salaried,295945,24,1,243,16,57451,1,2,3,3,8,Loyal,100.0,Critical Risk,1200407.0
CUST00361,59,62206,660,Self-Employed,103672,48,2,254,14,30288,1,2,2,1,5,Lost,88.0,Critical Risk,532777.0
CUST00362,31,54419,653,Salaried,294530,48,1,341,5,62811,1,1,1,4,6,At Risk,100.0,Critical Risk,303656.0
CUST00363,49,56953,580,Salaried,69376,12,0,220,29,14595,1,2,4,1,7,At Risk,62.1,High Risk,602293.0
CUST00364,41,75049,689,Freelance,275272,12,0,33,12,53394,1,4,2,3,9,Loyal,87.8,Critical Risk,3364974.0
CUST00365,65,93985,562,Salaried,158103,36,1,287,21,75429,1,1,3,4,8,Loyal,88.2,Critical Risk,1787213.0
CUST00366,42,41919,696,Salaried,122921,36,2,65,16,48871,1,4,3,3,10,Champions,95.2,Critical Risk,2811888.0
CUST00367,24,55834,779,Salaried,83524,48,1,155,10,50852,0,3,2,3,8,Loyal,57.8,High Risk,969242.0
CUST00368,30,44451,708,Freelance,146312,48,0,171,6,74408,0,3,1,4,8,Loyal,90.2,Critical Risk,785318.0
CUST00369,42,52554,650,Salaried,176567,12,1,24,28,31832,1,4,4,2,10,Champions,93.7,Critical Risk,5377240.0
CUST00370,32,51079,558,Salaried,177410,12,1,199,17,60067,1,2,3,4,9,Loyal,100.0,Critical Risk,1582657.0
CUST00371,54,72823,582,Salaried,210590,24,2,294,11,54654,1,1,2,3,6,At Risk,100.0,Critical Risk,663951.0
CUST00372,67,68622,725,Salaried,246127,12,0,25,3,76139,1,4,1,4,9,Loyal,82.9,Critical Risk,1355646.0
CUST00373,24,38895,679,Business,302442,60,1,117,6,33788,1,3,1,2,6,At Risk,100.0,Critical Risk,482057.0
CUST00374,44,50039,768,Self-Employed,170891,60,0,161,29,48259,0,3,4,3,10,Champions,87.5,Critical Risk,2586438.0
CUST00375,25,46227,710,Salaried,273215,48,0,61,22,35032,1,4,3,2,9,Loyal,100.0,Critical Risk,2885200.0
CUST00376,63,53333,689,Self-Employed,155648,60,1,95,10,22458,1,3,2,1,6,At Risk,87.9,Critical Risk,623359.0
CUST00377,50,75879,595,Freelance,173658,36,0,100,4,8258,1,3,1,1,5,Lost,72.5,High Risk,88327.0
CUST00378,37,56796,649,Salaried,143021,24,1,152,11,17550,1,3,2,1,6,At Risk,87.5,Critical Risk,373810.0
CUST00379,67,63075,625,Salaried,310452,60,0,12,12,27110,1,4,2,1,7,At Risk,100.0,Critical Risk,2448285.0
CUST00380,60,52371,726,Salaried,263764,48,0,319,13,38950,1,1,2,2,5,Lost,100.0,Critical Risk,519881.0
CUST00381,31,45332,722,Self-Employed,20000,24,1,125,11,43781,0,3,2,2,7,At Risk,38.4,Medium Risk,1088425.0
CUST00382,63,49139,699,Salaried,193637,36,3,301,19,50924,1,1,3,3,7,At Risk,100.0,Critical Risk,1046394.0
CUST00383,63,41357,794,Business,234693,60,2,54,18,53926,1,4,3,3,10,Champions,100.0,Critical Risk,3914849.0
CUST00384,58,34549,654,Salaried,165866,36,2,248,17,5000,1,2,3,1,6,At Risk,100.0,Critical Risk,109051.0
CUST00385,62,80246,796,Business,110220,60,2,200,4,94057,1,2,1,4,7,At Risk,67.8,High Risk,580648.0
CUST00386,34,59302,714,Self-Employed,202299,24,0,68,21,51280,0,4,3,3,10,Champions,83.7,Critical Risk,3761351.0
CUST00387,56,67108,738,Self-Employed,78957,36,2,174,8,30618,1,3,1,1,5,Lost,66.0,High Risk,424725.0
CUST00388,58,60811,700,Self-Employed,128003,48,3,216,20,56804,1,2,3,3,8,Loyal,100.0,Critical Risk,1642254.0
CUST00389,44,67834,582,Self-Employed,215541,24,0,154,1,82086,1,3,1,4,8,Loyal,95.7,Critical Risk,157278.0
CUST00390,27,49340,637,Business,192400,36,1,3,22,39814,1,4,3,2,9,Loyal,100.0,Critical Risk,8093833.0
CUST00391,37,46522,630,Self-Employed,222179,12,2,85,15,61528,1,4,2,4,10,Champions,100.0,Critical Risk,2772558.0
CUST00392,25,33025,571,Freelance,189925,48,1,135,11,35949,1,3,2,2,7,At Risk,100.0,Critical Risk,841605.0
CUST00393,59,61250,716,Business,130233,36,0,52,20,19563,0,4,3,1,8,Loyal,56.5,High Risk,1613671.0
CUST00394,44,41352,762,Freelance,181392,12,2,189,23,55146,1,2,4,3,9,Loyal,100.0,Critical Risk,2052996.0
CUST00395,36,49144,695,Self-Employed,224960,48,2,214,8,64984,1,2,1,4,7,At Risk,100.0,Critical Risk,757498.0
CUST00396,58,47824,694,Business,219350,24,0,187,9,54157,1,2,2,3,7,At Risk,100.0,Critical Risk,795999.0
CUST00397,41,70517,680,Salaried,185647,24,1,81,27,70444,1,4,4,4,12,Champions,81.7,Critical Risk,5908303.0
CUST00398,66,47235,719,Business,78862,24,0,292,1,43286,0,1,1,2,4,Lost,66.9,High Risk,48096.0
CUST00399,59,92934,811,Self-Employed,276162,48,1,168,20,45614,1,3,3,3,9,Loyal,86.1,Critical Risk,1628275.0
CUST00400,45,56122,792,Salaried,125985,36,1,302,5,58025,0,1,1,3,5,Lost,83.9,Critical Risk,312838.0
CUST00401,27,94481,684,Salaried,197563,48,1,48,19,55157,1,4,3,3,10,Champions,67.8,High Risk,4526790.0
CUST00402,46,64059,701,Freelance,359506,12,1,236,14,37144,1,2,2,2,6,At Risk,100.0,Critical Risk,696535.0
CUST00403,33,56760,579,Self-Employed,165091,12,0,184,11,60607,1,2,2,4,8,Loyal,93.0,Critical Risk,1103570.0
CUST00404,48,53239,714,Salaried,147592,12,1,319,1,22711,1,1,1,1,3,Lost,100.0,Critical Risk,23318.0
CUST00405,56,48446,706,Salaried,160122,12,1,231,7,33317,1,2,1,2,5,Lost,100.0,Critical Risk,318224.0
CUST00406,38,33934,652,Salaried,184833,48,2,43,27,37027,1,4,4,2,10,Champions,100.0,Critical Risk,4589951.0
CUST00407,63,58617,807,Salaried,241841,60,1,145,5,31052,0,3,1,1,5,Lost,100.0,Critical Risk,312231.0
CUST00408,41,77914,601,Salaried,148251,36,0,10,1,76320,1,4,1,4,9,Loyal,57.0,High Risk,599071.0
CUST00409,56,92917,568,Self-Employed,168770,60,0,127,8,57014,1,3,1,3,7,At Risk,67.3,High Risk,1018232.0
CUST00410,32,32542,626,Salaried,307805,60,3,180,17,69775,1,2,3,4,9,Loyal,100.0,Critical Risk,1999787.0
CUST00411,26,41349,605,Business,120382,60,3,256,26,39890,1,2,4,2,8,Loyal,100.0,Critical Risk,1294209.0
CUST00412,25,78582,686,Self-Employed,163792,36,0,111,29,40365,0,3,4,2,9,Loyal,62.7,High Risk,2896702.0
CUST00413,26,72457,557,Salaried,274456,36,3,279,11,5000,1,1,2,1,4,Lost,100.0,Critical Risk,63629.0
CUST00414,62,58508,526,Self-Employed,230460,24,3,327,23,15627,1,1,4,1,6,At Risk,100.0,Critical Risk,360904.0
CUST00415,29,54933,623,Business,92997,36,3,59,6,69530,1,4,1,4,9,Loyal,85.2,Critical Risk,1594458.0
CUST00416,64,55657,686,Freelance,381447,48,0,193,18,72116,1,2,3,4,9,Loyal,100.0,Critical Risk,2064497.0
CUST00417,24,45323,652,Self-Employed,129748,12,0,300,8,36886,1,1,1,2,4,Lost,96.3,Critical Risk,320081.0
CUST00418,61,39893,775,Self-Employed,254996,24,1,171,2,65820,1,3,1,4,8,Loyal,100.0,Critical Risk,231560.0
CUST00419,32,59609,656,Freelance,159493,48,1,307,21,55215,1,1,3,3,7,At Risk,100.0,Critical Risk,1232090.0
CUST00420,30,23961,846,Self-Employed,273851,36,0,76,3,42635,0,4,1,2,7,At Risk,100.0,Critical Risk,414981.0
CUST00421,51,50994,658,Freelance,216030,60,0,41,19,65029,1,4,3,4,11,Champions,100.0,Critical Risk,5819047.0
CUST00422,26,58498,622,Salaried,189443,48,1,25,24,76622,1,4,4,4,12,Champions,93.4,Critical Risk,10913963.0
CUST00423,22,68718,733,Salaried,194546,48,2,363,6,18158,1,1,1,1,3,Lost,100.0,Critical Risk,99539.0
CUST00424,45,39662,732,Salaried,247263,36,1,61,12,31141,1,4,2,2,8,Loyal,100.0,Critical Risk,1398950.0
CUST00425,42,71781,675,Business,114988,60,0,20,16,56828,0,4,3,3,10,Champions,46.4,Medium Risk,5873903.0
CUST00426,51,15000,691,Freelance,232110,60,0,17,21,53108,1,4,3,3,10,Champions,100.0,Critical Risk,7608838.0
CUST00427,53,45520,654,Salaried,91528,60,0,336,22,63415,1,1,3,4,8,Loyal,82.1,Critical Risk,1367040.0
CUST00428,64,42337,627,Salaried,25291,24,1,349,25,62588,1,1,4,4,9,Loyal,66.9,High Risk,1481493.0
CUST00429,44,27386,647,Self-Employed,132297,36,1,117,12,49024,1,3,2,3,8,Loyal,100.0,Critical Risk,1398861.0
CUST00430,52,56316,658,Salaried,301886,48,0,183,24,51572,1,2,4,3,9,Loyal,100.0,Critical Risk,2058181.0
CUST00431,22,37946,688,Salaried,101839,24,1,353,24,28301,1,1,4,1,6,At Risk,100.0,Critical Risk,636500.0
CUST00432,56,56637,588,Business,172269,12,1,334,4,34254,1,1,1,2,4,Lost,100.0,Critical Risk,134982.0
CUST00433,42,67300,531,Self-Employed,223812,48,2,256,13,29874,1,2,2,1,5,Lost,100.0,Critical Risk,484623.0
CUST00434,37,88119,695,Business,227962,60,1,264,7,21124,1,2,1,1,4,Lost,94.7,Critical Risk,179607.0
CUST00435,42,44689,722,Salaried,20000,48,1,257,11,36554,0,2,2,2,6,At Risk,49.4,Medium Risk,500049.0
CUST00436,39,73365,720,Self-Employed,159798,48,1,304,12,52737,1,1,2,3,6,At Risk,88.0,Critical Risk,678379.0
CUST00437,32,54123,564,Self-Employed,217355,36,0,142,6,50476,1,3,1,3,7,At Risk,100.0,Critical Risk,619285.0
CUST00438,22,55657,598,Self-Employed,148861,36,1,14,17,35460,1,4,3,2,9,Loyal,83.0,Critical Risk,4357016.0
CUST00439,22,71384,734,Salaried,289228,48,1,192,4,34987,1,2,1,2,5,Lost,100.0,Critical Risk,223549.0
CUST00440,56,59186,690,Salaried,124579,48,2,80,21,34156,1,4,3,2,9,Loyal,80.3,Critical Risk,2247260.0
CUST00441,57,63483,640,Salaried,238823,36,3,136,18,26479,1,3,3,1,7,At Risk,100.0,Critical Risk,1008505.0
CUST00442,50,88496,749,Salaried,149560,24,2,182,20,98044,0,2,3,4,9,Loyal,76.1,Critical Risk,3275612.0
CUST00443,63,62115,825,Business,236725,48,0,124,26,58369,0,3,4,3,10,Champions,88.2,Critical Risk,3451226.0
CUST00444,57,76001,665,Salaried,235595,60,1,198,24,68097,1,2,4,4,10,Champions,100.0,Critical Risk,2543837.0
CUST00445,43,53509,667,Business,161193,60,0,143,20,40550,1,3,3,2,8,Loyal,85.3,Critical Risk,1649109.0
CUST00446,60,58799,599,Salaried,294146,36,0,114,9,13275,1,3,2,1,6,At Risk,100.0,Critical Risk,289757.0
CUST00447,67,43941,718,Freelance,229231,60,2,258,29,28921,1,2,4,1,7,At Risk,100.0,Critical Risk,1039487.0
CUST00448,46,73786,617,Freelance,122910,60,1,179,16,31337,1,2,3,2,7,At Risk,75.0,Critical Risk,849225.0
CUST00449,44,67612,670,Salaried,88943,12,2,360,13,50939,1,1,2,3,6,At Risk,89.0,Critical Risk,609598.0
CUST00450,45,39495,597,Business,215917,36,2,97,16,5000,1,3,3,1,7,At Risk,100.0,Critical Risk,218727.0
CUST00451,50,57713,792,Salaried,96999,60,3,252,1,13647,1,2,1,1,4,Lost,88.5,Critical Risk,17266.0
CUST00452,33,59526,723,Freelance,210095,60,1,27,23,28325,1,4,4,1,9,Loyal,92.0,Critical Risk,3744699.0
CUST00453,33,33395,637,Salaried,145868,24,0,138,20,66297,1,3,3,4,10,Champions,100.0,Critical Risk,2773456.0
CUST00454,44,51467,606,Salaried,230383,48,0,78,9,22766,1,4,2,1,7,At Risk,100.0,Critical Risk,653156.0
CUST00455,50,38876,610,Business,80454,36,2,171,19,23049,1,3,3,1,7,At Risk,92.9,Critical Risk,770336.0
CUST00456,58,23428,555,Business,170065,24,3,199,21,58261,1,2,3,3,8,Loyal,100.0,Critical Risk,1896266.0
CUST00457,24,56911,493,Business,83247,24,3,91,19,16721,1,4,3,1,8,Loyal,92.7,Critical Risk,909491.0
CUST00458,51,42523,696,Self-Employed,126959,24,1,279,13,27653,1,1,2,1,4,Lost,100.0,Critical Risk,415891.0
CUST00459,61,54989,767,Salaried,271699,24,1,167,18,18573,1,3,3,1,7,At Risk,100.0,Critical Risk,599630.0
CUST00460,63,33957,789,Self-Employed,60745,24,2,69,13,5000,1,4,2,1,7,At Risk,65.9,High Risk,224882.0
CUST00461,64,39248,850,Self-Employed,119115,48,0,221,16,29749,0,2,3,1,6,At Risk,78.9,Critical Risk,674696.0
CUST00462,30,77916,650,Salaried,97343,36,1,338,28,35978,1,1,4,2,7,At Risk,77.3,Critical Risk,981830.0
CUST00463,60,37040,729,Self-Employed,143182,60,1,309,3,31325,0,1,1,2,4,Lost,100.0,Critical Risk,99279.0
CUST00464,48,44828,794,Salaried,258731,48,1,207,13,77657,1,2,2,4,8,Loyal,100.0,Critical Risk,1513275.0
CUST00465,39,93656,658,Salaried,240267,36,1,92,22,64415,1,3,3,4,10,Champions,82.8,Critical Risk,4025311.0
CUST00466,38,85052,709,Salaried,245350,60,1,223,4,61601,1,2,1,4,7,At Risk,96.3,Critical Risk,346580.0
CUST00467,29,49672,653,Freelance,260904,48,0,169,25,60315,1,3,4,4,11,Champions,100.0,Critical Risk,2678221.0
CUST00468,26,51604,756,Freelance,150414,48,1,293,13,42952,1,1,2,2,5,Lost,99.2,Critical Risk,618535.0
CUST00469,25,49258,701,Self-Employed,170340,60,1,212,2,54509,1,2,1,3,6,At Risk,100.0,Critical Risk,160127.0
CUST00470,45,53020,501,Business,126823,60,1,179,2,30397,1,2,1,1,4,Lost,97.9,Critical Risk,102969.0
CUST00471,50,15921,738,Self-Employed,170524,36,0,240,29,74445,0,2,4,4,10,Champions,100.0,Critical Risk,2849911.0
CUST00472,66,39536,621,Self-Employed,144883,48,1,199,11,11981,1,2,2,1,5,Lost,100.0,Critical Risk,204262.0
CUST00473,58,66868,674,Freelance,167754,36,1,112,15,43585,1,3,2,2,7,At Risk,82.2,Critical Risk,1606922.0
CUST00474,53,15000,517,Salaried,309722,48,0,261,15,65362,1,2,2,4,8,Loyal,100.0,Critical Risk,1202881.0
CUST00475,62,46027,719,Salaried,225800,12,0,209,6,18401,1,2,1,1,4,Lost,100.0,Critical Risk,164147.0
CUST00476,43,47031,627,Salaried,94434,36,2,178,25,70415,1,3,4,4,11,Champions,91.0,Critical Risk,2995510.0
CUST00477,22,77065,492,Salaried,247027,24,1,181,7,69703,1,2,1,4,7,At Risk,100.0,Critical Risk,818810.0
CUST00478,50,63153,741,Business,324117,24,1,174,26,66500,1,3,4,4,11,Champions,100.0,Critical Risk,2998029.0
CUST00479,29,44172,708,Freelance,47901,48,1,45,4,14882,0,4,1,1,6,At Risk,45.7,Medium Risk,266598.0
CUST00480,65,62773,782,Salaried,222816,60,2,34,7,54977,1,4,1,3,8,Loyal,98.7,Critical Risk,1992429.0
CUST00481,48,46880,745,Self-Employed,92977,24,2,186,9,49007,1,2,2,3,7,At Risk,82.6,Critical Risk,723542.0
CUST00482,27,66056,600,Salaried,239720,12,2,217,22,66212,1,2,3,4,9,Loyal,100.0,Critical Risk,2097366.0
CUST00483,34,45095,623,Business,176003,48,1,263,1,27384,1,2,1,1,4,Lost,100.0,Critical Risk,33373.0
CUST00484,23,77076,693,Salaried,299152,12,2,310,19,65992,1,1,3,4,8,Loyal,100.0,Critical Risk,1320792.0
CUST00485,43,81714,716,Salaried,20000,24,1,75,4,55549,0,4,1,3,8,Loyal,30.8,Medium Risk,727368.0
CUST00486,47,57455,655,Salaried,121018,12,1,117,27,45065,1,3,4,2,9,Loyal,75.9,Critical Risk,2893261.0
CUST00487,47,41294,687,Business,117583,48,1,197,17,56735,1,2,3,3,8,Loyal,95.0,Critical Risk,1507669.0
CUST00488,43,52405,799,Self-Employed,167022,24,1,11,2,62732,0,4,1,4,9,Loyal,78.4,Critical Risk,964092.0
CUST00489,60,97891,673,Salaried,281739,12,3,159,10,41591,1,3,2,2,7,At Risk,100.0,Critical Risk,776507.0
CUST00490,65,65967,730,Business,96466,60,0,235,7,49778,0,2,1,3,6,At Risk,57.3,High Risk,468445.0
CUST00491,59,66467,616,Salaried,149145,12,2,83,6,34478,1,4,1,2,7,At Risk,88.7,Critical Risk,631856.0
CUST00492,47,42726,724,Business,140769,48,1,208,15,39999,1,2,2,2,6,At Risk,100.0,Critical Risk,895683.0
CUST00493,26,72294,626,Salaried,239003,60,0,70,27,34367,1,4,4,2,10,Champions,88.2,Critical Risk,3180158.0
CUST00494,51,61237,611,Salaried,185841,60,1,192,16,74837,1,2,3,4,9,Loyal,100.0,Critical Risk,1912683.0
CUST00495,44,63800,692,Salaried,125161,24,3,98,23,44675,1,3,4,2,9,Loyal,88.8,Critical Risk,2788451.0
CUST00496,54,26158,693,Salaried,157128,48,0,92,7,73132,1,3,1,4,8,Loyal,100.0,Critical Risk,1454103.0
CUST00497,44,15594,592,Freelance,109530,24,0,18,27,55503,1,4,4,3,11,Champions,100.0,Critical Risk,10036368.0
CUST00498,56,77701,721,Salaried,140557,12,0,1,19,59917,0,4,3,4,11,Champions,45.6,Medium Risk,11080651.0
CUST00499,32,59635,728,Salaried,208023,12,2,86,5,51825,1,4,1,3,8,Loyal,100.0,Critical Risk,772087.0
CUST00500,35,50790,530,Salaried,89587,60,0,118,10,5000,1,3,2,1,6,At Risk,68.2,High Risk,118123.0
CUST00501,57,70579,708,Salaried,191230,12,3,289,5,62895,1,1,1,4,6,At Risk,100.0,Critical Risk,352637.0
CUST00502,55,45366,736,Salaried,272191,36,3,151,17,52167,1,3,3,3,9,Loyal,100.0,Critical Risk,1726380.0
CUST00503,60,50166,684,Salaried,154060,36,1,12,24,31426,1,4,4,2,10,Champions,84.5,Critical Risk,5676119.0
CUST00504,61,50618,766,Salaried,80960,12,0,338,4,57017,0,1,1,3,5,Lost,65.9,High Risk,222283.0
CUST00505,38,35846,719,Salaried,149857,12,1,266,29,58228,1,2,4,3,9,Loyal,100.0,Critical Risk,2037499.0
CUST00506,26,59526,721,Self-Employed,133781,60,1,2,13,26690,1,4,2,1,7,At Risk,64.5,High Risk,3289456.0
CUST00507,45,54138,673,Salaried,158288,36,1,364,24,26016,1,1,4,1,6,At Risk,100.0,Critical Risk,569039.0
CUST00508,22,63853,731,Salaried,123407,36,2,42,1,51835,1,4,1,3,8,Loyal,70.8,High Risk,241016.0
CUST00509,40,44059,705,Salaried,158419,60,0,253,1,46986,1,2,1,3,6,At Risk,100.0,Critical Risk,59240.0
CUST00510,31,68763,729,Salaried,201353,24,1,29,27,79544,1,4,4,4,12,Champions,79.7,Critical Risk,11968032.0
CUST00511,28,48643,564,Salaried,220223,36,0,303,13,57722,1,1,2,3,6,At Risk,100.0,Critical Risk,806748.0
CUST00512,39,63150,582,Business,139066,36,1,327,11,53324,1,1,2,3,6,At Risk,100.0,Critical Risk,588984.0
CUST00513,24,44988,675,Business,20000,12,1,208,11,81749,0,2,2,4,8,Loyal,48.7,Medium Risk,1342422.0
CUST00514,36,51814,664,Salaried,297980,12,2,141,20,39429,1,3,3,2,8,Loyal,100.0,Critical Risk,1621587.0
CUST00515,24,31694,659,Salaried,217758,60,2,133,19,56405,1,3,3,3,9,Loyal,100.0,Critical Risk,2307780.0
CUST00516,53,49595,618,Self-Employed,114932,24,1,331,22,17312,1,1,3,1,5,Lost,100.0,Critical Risk,378273.0
CUST00517,30,73996,609,Self-Employed,220727,24,1,90,28,74579,1,4,4,4,12,Champions,94.6,Critical Risk,6025276.0
CUST00518,35,50688,612,Salaried,307819,12,1,117,7,54055,1,3,1,3,7,At Risk,100.0,Critical Risk,899743.0
CUST00519,50,86982,580,Business,63451,24,1,349,19,34139,1,1,3,2,6,At Risk,72.9,High Risk,614148.0
CUST00520,63,56148,820,Salaried,371085,48,0,125,11,93933,0,3,2,4,9,Loyal,100.0,Critical Risk,2335238.0
CUST00521,48,47277,623,Salaried,193914,24,0,347,8,27944,1,1,1,1,3,Lost,100.0,Critical Risk,212768.0
CUST00522,61,86024,623,Business,157211,36,2,30,13,67994,1,4,2,4,10,Champions,75.5,Critical Risk,4851602.0
CUST00523,40,64143,594,Salaried,37897,24,3,252,15,40904,1,2,2,2,6,At Risk,81.1,Critical Risk,776254.0
CUST00524,42,61126,675,Salaried,192155,36,2,52,25,8694,1,4,4,1,9,Loyal,99.9,Critical Risk,896415.0
CUST00525,45,94519,664,Salaried,214307,24,1,124,10,61671,1,3,2,4,9,Loyal,79.1,Critical Risk,1402487.0
CUST00526,50,31051,798,Self-Employed,291957,24,0,250,22,50470,1,2,3,3,8,Loyal,100.0,Critical Risk,1414569.0
CUST00527,50,48798,632,Salaried,65971,48,2,43,3,6973,1,4,1,1,6,At Risk,66.4,High Risk,96043.0
CUST00528,37,57194,669,Salaried,160537,48,0,115,14,45585,1,3,2,3,8,Loyal,78.8,Critical Risk,1537553.0
CUST00529,67,82289,706,Salaried,214459,12,3,145,16,42414,1,3,3,2,8,Loyal,100.0,Critical Risk,1364726.0
CUST00530,55,55194,694,Salaried,237645,48,1,112,8,48169,1,3,1,3,7,At Risk,100.0,Critical Risk,947161.0
CUST00531,22,68770,738,Salaried,239744,48,0,347,2,59152,1,1,1,4,6,At Risk,100.0,Critical Risk,112597.0
CUST00532,23,39190,761,Self-Employed,236871,48,1,360,24,64444,1,1,4,4,9,Loyal,100.0,Critical Risk,1423782.0
CUST00533,46,80217,642,Self-Employed,213471,12,2,35,13,36486,1,4,2,2,8,Loyal,91.2,Critical Risk,2421344.0
CUST00534,61,56128,639,Freelance,189699,60,3,92,14,35637,1,3,2,2,7,At Risk,100.0,Critical Risk,1417160.0
CUST00535,58,39240,626,Salaried,124181,48,0,37,13,35477,1,4,2,2,8,Loyal,82.6,Critical Risk,2290318.0
CUST00536,64,36145,776,Salaried,275539,24,1,30,29,68845,1,4,4,4,12,Champions,100.0,Critical Risk,10958261.0
CUST00537,44,49786,653,Self-Employed,250842,48,1,135,28,73477,1,3,4,4,11,Champions,100.0,Critical Risk,4378629.0
CUST00538,65,24778,666,Self-Employed,132754,48,1,328,29,24335,1,1,4,1,6,At Risk,100.0,Critical Risk,706683.0
CUST00539,23,52439,758,Salaried,257416,12,0,138,10,25792,1,3,2,1,6,At Risk,100.0,Critical Risk,539489.0
CUST00540,42,30113,734,Business,266734,60,1,156,4,31198,1,3,1,2,6,At Risk,100.0,Critical Risk,236619.0
CUST00541,30,24556,619,Business,248651,24,1,342,3,47091,1,1,1,3,5,Lost,100.0,Critical Risk,136234.0
CUST00542,45,55605,842,Salaried,225564,48,2,149,20,70363,1,3,3,4,10,Champions,100.0,Critical Risk,2769002.0
CUST00543,49,23328,584,Freelance,222221,48,1,342,5,37316,1,1,1,2,4,Lost,100.0,Critical Risk,179925.0
CUST00544,57,53259,717,Business,161235,24,0,328,7,50826,1,1,1,3,5,Lost,97.2,Critical Risk,356270.0
CUST00545,36,38161,614,Salaried,156614,48,0,261,5,61845,1,2,1,4,7,At Risk,100.0,Critical Risk,379385.0
CUST00546,44,57953,613,Freelance,146797,24,0,80,10,56960,1,4,2,3,9,Loyal,74.5,High Risk,1784584.0
CUST00547,47,78708,596,Salaried,130799,12,2,93,3,31494,1,3,1,2,6,At Risk,79.4,Critical Risk,266301.0
CUST00548,47,60552,772,Salaried,20000,24,3,290,13,60279,0,1,2,4,7,At Risk,66.1,High Risk,876030.0
CUST00549,52,83371,678,Self-Employed,151031,12,2,164,7,63484,1,3,1,4,8,Loyal,82.2,Critical Risk,808986.0
CUST00550,64,52117,668,Salaried,205190,12,1,268,4,55802,1,2,1,3,6,At Risk,100.0,Critical Risk,267556.0
CUST00551,34,31491,704,Salaried,98344,60,0,32,12,27136,0,4,2,1,7,At Risk,75.7,Critical Risk,1735119.0
CUST00552,67,46512,634,Self-Employed,138892,36,1,76,19,47741,1,4,3,3,10,Champions,91.7,Critical Risk,2942967.0
CUST00553,45,45800,634,Self-Employed,101240,48,1,259,7,30089,1,2,1,1,4,Lost,91.2,Critical Risk,260160.0
CUST00554,60,60362,748,Self-Employed,198824,48,1,111,16,47238,1,3,3,3,9,Loyal,92.4,Critical Risk,1870305.0
CUST00555,46,54711,733,Business,188893,48,1,103,18,86222,1,3,3,4,10,Champions,96.0,Critical Risk,4060778.0
CUST00556,44,37048,664,Self-Employed,132265,48,0,97,25,30950,1,3,4,1,8,Loyal,92.9,Critical Risk,2115496.0
CUST00557,49,45921,762,Salaried,197548,60,2,197,21,61879,1,2,3,4,9,Loyal,100.0,Critical Risk,2031274.0
CUST00558,24,49962,569,Business,228858,24,1,195,19,64913,1,2,3,4,9,Loyal,100.0,Critical Risk,1944586.0
CUST00559,40,57143,826,Salaried,303195,12,0,291,19,35905,0,1,3,2,6,At Risk,100.0,Critical Risk,760309.0
CUST00560,65,65748,724,Self-Employed,203233,60,2,200,27,82000,1,2,4,4,10,Champions,100.0,Critical Risk,3416956.0
CUST00561,59,55028,682,Self-Employed,203821,60,1,200,25,25220,1,2,4,1,7,At Risk,100.0,Critical Risk,973076.0
CUST00562,39,31556,664,Freelance,61715,12,1,334,29,19209,1,1,4,1,6,At Risk,90.1,Critical Risk,548792.0
CUST00563,39,45932,671,Salaried,209412,60,2,9,25,45993,1,4,4,3,11,Champions,100.0,Critical Risk,9223871.0
CUST00564,26,72863,740,Self-Employed,268754,36,1,202,5,27344,1,2,1,1,4,Lost,100.0,Critical Risk,209236.0
CUST00565,47,58166,592,Self-Employed,205864,60,2,127,1,38562,1,3,1,2,6,At Risk,100.0,Critical Risk,86086.0
CUST00566,51,27180,618,Salaried,353433,48,0,244,18,42989,1,2,3,2,7,At Risk,100.0,Critical Risk,1006908.0
CUST00567,33,45488,665,Business,150893,60,0,267,28,49496,1,2,4,3,9,Loyal,100.0,Critical Risk,1666719.0
CUST00568,59,39608,539,Salaried,222017,24,0,26,1,46352,1,4,1,3,8,Loyal,100.0,Critical Risk,270696.0
CUST00569,53,71238,600,Freelance,173424,36,0,82,29,33157,1,4,4,2,10,Champions,73.6,High Risk,2961746.0
CUST00570,25,61491,611,Freelance,120232,48,0,322,12,74973,1,1,2,4,7,At Risk,83.0,Critical Risk,915988.0
CUST00571,52,62005,642,Salaried,280537,48,2,19,15,52760,1,4,2,3,9,Loyal,100.0,Critical Risk,5204703.0
CUST00572,35,54878,661,Salaried,186424,36,0,58,18,26927,1,4,3,1,8,Loyal,86.5,Critical Risk,1872068.0
CUST00573,27,76461,603,Salaried,211118,60,3,362,9,20784,1,1,2,1,4,Lost,100.0,Critical Risk,171331.0
CUST00574,61,69121,494,Self-Employed,237337,24,2,206,3,74043,1,2,1,4,7,At Risk,100.0,Critical Risk,334338.0
CUST00575,22,77498,706,Salaried,235995,24,0,241,24,97069,0,2,4,4,10,Champions,91.2,Critical Risk,3064232.0
CUST00576,64,38812,806,Salaried,117742,60,1,85,9,59183,0,4,2,4,10,Champions,80.9,Critical Risk,1600133.0
CUST00577,66,31357,593,Self-Employed,222277,24,1,20,15,7504,1,4,2,1,7,At Risk,100.0,Critical Risk,727158.0
CUST00578,37,48160,751,Salaried,232232,36,0,231,23,49993,0,2,4,3,9,Loyal,100.0,Critical Risk,1568939.0
CUST00579,58,52258,701,Freelance,160906,36,2,43,28,97433,1,4,4,4,12,Champions,96.0,Critical Risk,12525349.0
CUST00580,66,43993,739,Business,281385,48,2,98,28,12269,1,3,4,1,8,Loyal,100.0,Critical Risk,932262.0
CUST00581,35,59484,702,Salaried,245899,12,0,344,14,76688,1,1,2,4,7,At Risk,100.0,Critical Risk,1029897.0
CUST00582,54,34324,764,Business,313168,12,0,167,27,67397,1,3,4,4,11,Champions,100.0,Critical Risk,3263869.0
CUST00583,54,57935,717,Self-Employed,124607,60,1,338,4,61211,0,1,1,4,6,At Risk,90.5,Critical Risk,238633.0
CUST00584,33,60658,593,Freelance,170803,12,3,233,25,18194,1,2,4,1,7,At Risk,100.0,Critical Risk,616031.0
CUST00585,65,74057,587,Salaried,154043,24,3,245,28,49821,1,2,4,3,9,Loyal,100.0,Critical Risk,1808777.0
CUST00586,23,58684,650,Self-Employed,239857,48,1,350,25,10531,1,1,4,1,6,At Risk,100.0,Critical Risk,248630.0
CUST00587,54,45806,593,Salaried,182285,36,2,212,2,77481,1,2,1,4,7,At Risk,100.0,Critical Risk,227610.0
CUST00588,61,49446,766,Freelance,261837,24,1,313,5,27907,1,1,1,1,3,Lost,100.0,Critical Risk,145723.0
CUST00589,28,94465,601,Self-Employed,133397,48,2,166,10,77196,1,3,2,4,9,Loyal,80.0,Critical Risk,1391434.0
CUST00590,25,84120,789,Salaried,118060,60,1,183,9,76595,0,2,2,4,8,Loyal,57.5,High Risk,1146308.0
CUST00591,60,56542,749,Salaried,239477,24,0,145,5,38522,0,3,1,2,6,At Risk,100.0,Critical Risk,387342.0
CUST00592,52,35731,658,Business,138400,60,1,349,29,25227,1,1,4,1,6,At Risk,100.0,Critical Risk,692679.0
CUST00593,26,54420,834,Salaried,232197,60,0,234,23,5000,0,2,4,1,7,At Risk,100.0,Critical Risk,155176.0
CUST00594,49,76539,808,Self-Employed,86993,24,0,113,12,21204,0,3,2,1,6,At Risk,35.1,Medium Risk,621228.0
CUST00595,62,37697,786,Salaried,279860,24,0,55,16,49774,0,4,3,3,10,Champions,100.0,Critical Risk,3176832.0
CUST00596,52,45369,706,Salaried,77744,24,0,243,15,52986,0,2,2,3,7,At Risk,64.7,High Risk,1037919.0
CUST00597,48,61265,749,Business,176174,60,0,58,24,34833,0,4,4,2,10,Champions,69.6,High Risk,3228964.0
CUST00598,63,49833,737,Salaried,141290,48,0,206,23,19748,0,2,4,1,7,At Risk,81.9,Critical Risk,683647.0
CUST00599,48,40366,728,Salaried,304670,24,2,83,26,84917,1,4,4,4,12,Champions,100.0,Critical Risk,6743618.0
CUST00600,49,45211,531,Business,207776,24,0,265,14,5000,1,2,2,1,5,Lost,100.0,Critical Risk,84743.0
CUST00601,47,54394,684,Salaried,311448,36,0,279,13,30229,1,1,2,1,4,Lost,100.0,Critical Risk,454633.0
CUST00602,24,65879,681,Business,115481,36,2,6,4,28165,1,4,1,1,6,At Risk,67.8,High Risk,967551.0
CUST00603,43,46548,728,Salaried,121086,48,2,87,16,5000,1,4,3,1,8,Loyal,88.0,Critical Risk,236437.0
CUST00604,66,55725,531,Business,143337,12,1,161,23,20274,1,3,4,1,8,Loyal,97.9,Critical Risk,861773.0
CUST00605,42,40787,676,Freelance,228913,60,1,259,11,57625,1,2,2,3,7,At Risk,100.0,Critical Risk,782959.0
CUST00606,32,46550,649,Self-Employed,94407,60,1,166,17,78022,1,3,3,4,10,Champions,78.8,Critical Risk,2390748.0
CUST00607,55,32942,800,Salaried,377115,36,0,199,2,113462,1,2,1,4,7,At Risk,100.0,Critical Risk,351708.0
CUST00608,59,53643,624,Salaried,221662,60,1,344,29,25823,1,1,4,1,6,At Risk,100.0,Critical Risk,718361.0
CUST00609,66,79517,630,Self-Employed,98893,48,0,101,15,31592,0,3,2,2,7,At Risk,49.2,Medium Risk,1257936.0
CUST00610,40,50580,691,Business,238384,36,0,281,4,67060,1,1,1,4,6,At Risk,100.0,Critical Risk,308370.0
CUST00611,67,48069,705,Freelance,100497,12,0,148,1,67517,0,3,1,4,8,Loyal,64.5,High Risk,133570.0
CUST00612,39,97065,563,Salaried,157110,24,0,145,23,10651,1,3,4,1,8,Loyal,65.2,High Risk,492645.0
CUST00613,39,62362,491,Self-Employed,188902,60,0,192,21,5720,1,2,3,1,6,At Risk,100.0,Critical Risk,191877.0
CUST00614,56,79554,741,Self-Employed,248705,24,2,116,15,38265,1,3,2,2,7,At Risk,100.0,Critical Risk,1373776.0
CUST00615,30,15000,501,Salaried,137698,24,0,112,6,39514,1,3,1,2,6,At Risk,100.0,Critical Risk,582732.0
CUST00616,35,56015,795,Business,250106,48,1,271,27,77744,0,2,4,4,10,Champions,100.0,Critical Risk,2491600.0
CUST00617,27,63951,752,Freelance,192102,60,0,26,21,27213,0,4,3,1,8,Loyal,69.3,High Risk,3337402.0
CUST00618,44,65749,687,Salaried,131256,12,0,23,21,22801,1,4,3,1,8,Loyal,53.7,High Risk,2937305.0
CUST00619,62,29285,731,Self-Employed,250370,60,1,303,1,15610,1,1,1,1,3,Lost,100.0,Critical Risk,16782.0
CUST00620,40,46531,647,Business,62831,60,1,275,5,27784,1,1,1,1,3,Lost,74.4,High Risk,162779.0
CUST00621,23,56230,679,Self-Employed,203648,12,0,115,10,60826,1,3,2,4,9,Loyal,94.3,Critical Risk,1465445.0
CUST00622,67,34091,691,Business,152147,36,0,127,12,52769,0,3,2,3,8,Loyal,100.0,Critical Risk,1413628.0
CUST00623,54,36969,771,Salaried,215820,60,0,263,19,39769,0,2,3,2,7,At Risk,100.0,Critical Risk,920861.0
CUST00624,29,71911,658,Salaried,156322,48,0,116,22,40079,1,3,3,2,8,Loyal,67.0,High Risk,2110389.0
CUST00625,26,54101,744,Self-Employed,295916,48,0,234,17,44722,1,2,3,2,7,At Risk,100.0,Critical Risk,1025878.0
CUST00626,51,57230,757,Freelance,214209,12,1,122,27,37208,1,3,4,2,9,Loyal,100.0,Critical Risk,2313469.0
CUST00627,34,91364,701,Salaried,233150,12,1,203,15,60027,1,2,2,4,8,Loyal,88.6,Critical Risk,1372225.0
CUST00628,58,80212,738,Self-Employed,101463,36,2,143,28,9726,1,3,4,1,8,Loyal,65.2,High Risk,553759.0
CUST00629,22,64982,823,Salaried,116849,60,0,161,11,37869,0,3,2,2,7,At Risk,51.2,High Risk,769843.0
CUST00630,59,63756,635,Self-Employed,131359,36,1,78,20,67215,1,4,3,4,11,Champions,73.3,High Risk,4285323.0
CUST00631,24,68885,736,Salaried,169598,12,1,16,6,63952,0,4,1,4,9,Loyal,68.8,High Risk,2667712.0
CUST00632,43,15000,804,Salaried,400445,48,1,111,21,52412,1,3,3,3,9,Loyal,100.0,Critical Risk,2723647.0
CUST00633,44,65438,493,Salaried,53342,48,0,36,21,69432,1,4,3,4,11,Champions,45.2,Medium Risk,7340638.0
CUST00634,31,75900,659,Salaried,409828,12,0,174,27,18522,1,3,4,1,8,Loyal,100.0,Critical Risk,867146.0
CUST00635,52,38967,655,Self-Employed,237147,60,0,357,5,54226,1,1,1,3,5,Lost,100.0,Critical Risk,251493.0
CUST00636,44,50391,670,Self-Employed,93487,12,0,249,27,44948,1,2,4,2,8,Loyal,70.7,High Risk,1551533.0
CUST00637,45,75628,713,Salaried,228152,12,2,163,11,43347,1,3,2,2,7,At Risk,100.0,Critical Risk,872372.0
CUST00638,65,42385,636,Freelance,73461,60,0,57,2,31636,1,4,1,2,7,At Risk,54.9,High Risk,246998.0
CUST00639,32,53099,591,Business,26713,12,1,308,1,69305,1,1,1,4,6,At Risk,64.2,High Risk,73429.0
CUST00640,30,71532,635,Salaried,137641,60,2,343,24,51836,1,1,4,3,8,Loyal,100.0,Critical Risk,1196531.0
CUST00641,33,65554,643,Salaried,386241,60,0,354,14,22357,1,1,2,1,4,Lost,100.0,Critical Risk,292559.0
CUST00642,61,72029,690,Self-Employed,108215,48,1,252,24,63357,0,2,4,4,10,Champions,72.4,High Risk,1923769.0
CUST00643,25,37497,742,Salaried,184018,48,2,22,21,58820,1,4,3,4,11,Champions,100.0,Critical Risk,7706928.0
CUST00644,29,38511,713,Salaried,206635,12,0,155,12,54933,1,3,2,3,8,Loyal,100.0,Critical Risk,1256431.0
CUST00645,38,50368,576,Business,356416,36,1,182,6,19960,1,2,1,1,4,Lost,100.0,Critical Risk,200057.0
CUST00646,28,59349,736,Salaried,271919,60,1,57,9,48460,1,4,2,3,9,Loyal,100.0,Critical Risk,1702579.0
CUST00647,29,25580,694,Salaried,185175,36,1,14,29,21982,1,4,4,1,9,Loyal,100.0,Critical Risk,4607514.0
CUST00648,35,62092,754,Salaried,182091,36,0,177,6,42699,0,3,1,2,6,At Risk,80.2,Critical Risk,437990.0
CUST00649,38,65633,789,Salaried,158715,24,1,156,27,66640,0,3,4,4,11,Champions,75.6,Critical Risk,3411622.0
CUST00650,24,42655,755,Salaried,108560,60,1,234,24,33469,1,2,4,2,8,Loyal,87.0,Critical Risk,1083876.0
CUST00651,61,61843,710,Salaried,157685,36,2,58,18,52650,1,4,3,3,10,Champions,85.9,Critical Risk,3660429.0
CUST00652,26,67716,538,Self-Employed,148697,36,1,291,9,35105,1,1,2,2,5,Lost,100.0,Critical Risk,352122.0
CUST00653,24,68085,732,Self-Employed,241059,24,0,103,10,29447,1,3,2,1,6,At Risk,87.9,Critical Risk,770477.0
CUST00654,51,64261,600,Salaried,273541,24,0,254,5,34826,1,2,1,2,5,Lost,100.0,Critical Risk,218786.0
CUST00655,59,69616,611,Freelance,170492,60,1,280,21,26055,1,1,3,1,5,Lost,99.4,Critical Risk,631000.0
CUST00656,35,44545,717,Salaried,20000,12,2,55,25,43128,1,4,4,2,10,Champions,43.2,Medium Risk,4301016.0
CUST00657,46,20981,632,Salaried,20000,24,1,124,10,32485,1,3,2,2,7,At Risk,55.1,High Risk,738755.0
CUST00658,22,27561,734,Business,120604,12,0,288,23,29021,0,1,4,1,6,At Risk,100.0,Critical Risk,750790.0
CUST00659,43,42026,657,Self-Employed,313103,24,0,149,7,43437,1,3,1,2,6,At Risk,100.0,Critical Risk,598283.0
CUST00660,57,83017,618,Self-Employed,207649,12,0,25,10,10869,1,4,2,1,7,At Risk,69.0,High Risk,645071.0
CUST00661,65,44863,617,Business,20000,60,2,151,15,78307,1,3,2,4,9,Loyal,58.3,High Risk,2286564.0
CUST00662,48,56473,620,Salaried,196498,48,2,294,4,82160,1,1,1,4,6,At Risk,100.0,Critical Risk,362946.0
CUST00663,51,81490,601,Self-Employed,125490,60,0,263,21,42927,1,2,3,2,7,At Risk,70.5,High Risk,1098616.0
CUST00664,37,44929,553,Salaried,331373,24,0,88,29,69122,1,4,4,4,12,Champions,100.0,Critical Risk,5876758.0
CUST00665,26,66897,725,Freelance,154376,12,0,262,25,5000,0,2,4,1,7,At Risk,76.8,Critical Risk,152848.0
CUST00666,43,49449,633,Salaried,393632,60,0,318,13,32447,1,1,2,2,5,Lost,100.0,Critical Risk,434305.0
CUST00667,49,58884,668,Self-Employed,270879,12,1,319,15,30395,1,1,2,1,4,Lost,100.0,Critical Risk,468109.0
CUST00668,66,41204,628,Business,239916,24,0,232,27,29840,1,2,4,1,7,At Risk,100.0,Critical Risk,1095245.0
CUST00669,32,73701,784,Salaried,180858,48,2,188,25,31679,1,2,4,2,8,Loyal,89.3,Critical Risk,1287621.0
CUST00670,49,57203,616,Business,141492,48,1,89,28,27348,1,4,4,1,9,Loyal,83.8,Critical Risk,2227064.0
CUST00671,22,56731,561,Self-Employed,149190,60,0,199,9,45429,1,2,2,3,7,At Risk,90.0,Critical Risk,633691.0
CUST00672,43,92609,619,Salaried,135971,24,1,232,12,27004,1,2,2,1,5,Lost,75.2,Critical Risk,440512.0
CUST00673,47,66287,553,Freelance,191143,24,1,308,17,50727,1,1,3,3,7,At Risk,100.0,Critical Risk,913675.0
CUST00674,67,17782,840,Self-Employed,222677,60,0,212,24,68724,0,2,4,4,10,Champions,100.0,Critical Risk,2422625.0
CUST00675,25,48288,609,Salaried,178829,48,1,168,9,63265,1,3,2,4,9,Loyal,100.0,Critical Risk,1016262.0
CUST00676,27,45119,631,Salaried,179329,48,0,263,7,27739,1,2,1,1,4,Lost,100.0,Critical Risk,236638.0
CUST00677,22,51171,810,Freelance,188398,12,1,64,10,53732,0,4,2,3,9,Loyal,91.8,Critical Risk,1951461.0
CUST00678,67,56776,659,Salaried,147506,36,1,174,22,68792,1,3,3,4,10,Champions,90.2,Critical Risk,2624227.0
CUST00679,39,59504,725,Business,391300,60,1,120,18,39742,1,3,3,2,8,Loyal,100.0,Critical Risk,1668402.0
CUST00680,32,36120,771,Self-Employed,202647,24,1,218,8,17553,1,2,1,1,4,Lost,100.0,Critical Risk,201394.0
CUST00681,61,66423,762,Business,114414,12,2,120,18,70352,1,3,3,4,10,Champions,70.7,High Risk,2953435.0
CUST00682,45,96630,601,Business,233839,48,0,144,15,11253,1,3,2,1,6,At Risk,78.3,Critical Risk,341331.0
CUST00683,61,84529,696,Self-Employed,144356,60,1,329,13,68090,0,1,2,4,7,At Risk,82.4,Critical Risk,883959.0
CUST00684,24,67854,722,Salaried,263589,12,0,84,4,56365,1,4,1,3,8,Loyal,93.9,Critical Risk,682929.0
CUST00685,41,21359,526,Salaried,236399,24,1,135,22,55609,1,3,3,3,9,Loyal,100.0,Critical Risk,2603733.0
CUST00686,44,47402,670,Business,253346,12,1,163,27,43150,1,3,4,2,9,Loyal,100.0,Critical Risk,2131545.0
CUST00687,34,52588,795,Business,261733,48,0,138,12,41762,0,3,2,2,7,At Risk,100.0,Critical Risk,1048238.0
CUST00688,46,82512,551,Business,219815,24,0,136,15,31476,1,3,2,2,7,At Risk,86.2,Critical Risk,999021.0
CUST00689,24,52076,671,Self-Employed,173313,48,0,119,11,53471,1,3,2,3,8,Loyal,89.4,Critical Risk,1380618.0
CUST00690,29,74779,653,Salaried,150760,36,0,102,24,33332,0,3,4,2,9,Loyal,63.0,High Risk,2108219.0
CUST00691,50,55390,746,Salaried,162957,48,3,26,6,49199,1,4,1,3,8,Loyal,98.5,Critical Risk,1723933.0
CUST00692,59,22510,603,Salaried,136876,60,2,150,24,43087,1,3,4,2,9,Loyal,100.0,Critical Risk,2023818.0
CUST00693,29,64101,683,Freelance,171085,36,0,256,4,46573,1,2,1,3,6,At Risk,86.6,Critical Risk,232467.0
CUST00694,63,54386,643,Salaried,184381,60,1,296,7,67611,1,1,1,4,6,At Risk,100.0,Critical Risk,519537.0
CUST00695,57,19662,799,Self-Employed,171491,48,1,306,3,53621,1,1,1,3,5,Lost,100.0,Critical Risk,171431.0
CUST00696,54,61421,673,Self-Employed,168164,12,0,24,26,40553,1,4,4,2,10,Champions,69.6,High Risk,6361123.0
CUST00697,47,70929,666,Salaried,173504,60,1,179,13,83942,1,2,2,4,8,Loyal,87.0,Critical Risk,1848282.0
CUST00698,63,76772,777,Salaried,257373,24,0,204,27,44424,0,2,4,2,8,Loyal,89.1,Critical Risk,1820368.0
CUST00699,42,53085,850,Freelance,20000,36,0,27,20,27627,0,4,3,1,8,Loyal,9.8,Low Risk,3176017.0
CUST00700,27,89654,594,Salaried,171479,60,1,149,9,67602,1,3,2,4,9,Loyal,79.1,Critical Risk,1197157.0
CUST00701,57,31756,652,Self-Employed,40310,48,2,87,3,25754,1,4,1,1,6,At Risk,66.9,High Risk,228345.0
CUST00702,37,50720,735,Business,140468,60,1,240,8,59525,1,2,1,4,7,At Risk,93.5,Critical Risk,628618.0
CUST00703,62,43117,640,Salaried,212693,48,2,150,27,77214,1,3,4,4,11,Champions,100.0,Critical Risk,4080129.0
CUST00704,26,42280,675,Salaried,150379,24,1,198,17,43277,1,2,3,2,7,At Risk,100.0,Critical Risk,1145133.0
CUST00705,49,43796,608,Self-Employed,73418,36,0,212,20,42391,1,2,3,2,7,At Risk,68.6,High Risk,1245289.0
CUST00706,30,34368,719,Self-Employed,20000,60,0,180,7,54062,0,2,1,3,6,At Risk,36.0,Medium Risk,638007.0
CUST00707,23,49054,649,Self-Employed,85092,48,2,124,22,27382,1,3,3,1,7,At Risk,79.5,Critical Risk,1369953.0
CUST00708,42,61248,691,Salaried,246035,12,0,107,16,53028,1,3,3,3,9,Loyal,100.0,Critical Risk,2158073.0
CUST00709,24,68578,750,Business,267170,36,0,252,8,41953,1,2,1,2,5,Lost,100.0,Critical Risk,424620.0
CUST00710,65,20150,590,Salaried,223617,12,2,226,3,25501,1,2,1,1,4,Lost,100.0,Critical Risk,106376.0
CUST00711,35,42688,713,Salaried,181900,12,3,197,4,29819,1,2,1,1,4,Lost,100.0,Critical Risk,186449.0
CUST00712,30,46994,548,Freelance,186304,60,0,176,23,68425,1,3,4,4,11,Champions,100.0,Critical Risk,2703190.0
CUST00713,43,27981,621,Salaried,133275,12,0,67,14,23629,1,4,2,1,7,At Risk,100.0,Critical Risk,1166611.0
CUST00714,33,59446,652,Salaried,161505,60,2,143,25,28441,1,3,4,1,8,Loyal,100.0,Critical Risk,1445817.0
CUST00715,22,51492,769,Business,336984,48,2,316,23,44479,1,1,4,2,7,At Risk,100.0,Critical Risk,1059294.0
CUST00716,32,52848,626,Freelance,341799,12,0,114,24,5000,1,3,4,1,8,Loyal,100.0,Critical Risk,291030.0
CUST00717,63,71630,668,Business,298001,24,0,87,2,47228,1,4,1,3,8,Loyal,100.0,Critical Risk,279161.0
CUST00718,55,34341,707,Business,113903,36,2,215,25,62099,1,2,4,4,10,Champions,100.0,Critical Risk,2253095.0
CUST00719,49,15000,727,Salaried,253568,48,1,293,15,35403,1,1,2,2,5,Lost,100.0,Critical Risk,588259.0
CUST00720,53,24325,641,Freelance,178679,12,1,161,23,41905,1,3,4,2,9,Loyal,100.0,Critical Risk,1781228.0
CUST00721,33,57188,606,Salaried,126928,24,1,76,22,64032,1,4,3,4,11,Champions,78.4,Critical Risk,4570462.0
CUST00722,53,80340,678,Business,109142,24,2,258,18,37266,1,2,3,2,7,At Risk,80.9,Critical Risk,831367.0
CUST00723,58,34699,736,Freelance,326121,24,1,124,20,24242,1,3,3,1,7,At Risk,100.0,Critical Risk,1102596.0
CUST00724,55,75450,616,Self-Employed,169218,48,0,80,13,52754,1,4,2,3,9,Loyal,68.4,High Risk,2148650.0
CUST00725,31,31383,612,Salaried,138848,60,2,205,18,35241,1,2,3,2,7,At Risk,100.0,Critical Risk,958730.0
CUST00726,51,33724,583,Salaried,184649,12,1,8,19,77378,1,4,3,4,11,Champions,100.0,Critical Risk,12058796.0
CUST00727,36,45043,615,Salaried,189889,12,0,31,1,55956,1,4,1,3,8,Loyal,100.0,Critical Risk,302577.0
CUST00728,24,49369,674,Self-Employed,126626,60,0,309,5,41598,1,1,1,2,4,Lost,89.5,Critical Risk,219729.0
CUST00729,31,33271,534,Salaried,221042,60,0,92,7,50623,1,3,1,3,7,At Risk,100.0,Critical Risk,1006551.0
CUST00730,33,35054,640,Salaried,83119,12,2,75,14,52830,1,4,2,3,9,Loyal,88.9,Critical Risk,2421178.0
CUST00731,23,33972,621,Self-Employed,183835,60,3,198,18,64277,1,2,3,4,9,Loyal,100.0,Critical Risk,1800852.0
CUST00732,56,64685,794,Salaried,96766,36,1,135,16,5000,0,3,3,1,7,At Risk,55.1,High Risk,170262.0
CUST00733,39,76448,661,Self-Employed,214315,48,0,121,1,65779,1,3,1,4,8,Loyal,79.8,Critical Risk,152440.0
CUST00734,27,54942,779,Freelance,224543,60,0,92,7,45224,0,3,1,3,7,At Risk,94.5,Critical Risk,899201.0
CUST00735,60,47521,678,Salaried,103222,60,1,223,9,35024,1,2,2,2,6,At Risk,84.3,Critical Risk,443367.0
CUST00736,53,41086,660,Self-Employed,209644,36,3,168,6,56589,1,3,1,3,7,At Risk,100.0,Critical Risk,606014.0
CUST00737,36,46355,741,Salaried,117317,48,0,199,10,58898,0,2,2,4,8,Loyal,74.9,High Risk,912856.0
CUST00738,39,60461,719,Self-Employed,149293,12,0,185,18,43897,0,2,3,2,7,At Risk,74.1,High Risk,1302046.0
CUST00739,44,57134,631,Salaried,269216,24,2,127,19,57450,1,3,3,3,9,Loyal,100.0,Critical Risk,2436794.0
CUST00740,38,61575,701,Self-Employed,125322,36,0,219,12,34776,0,2,2,2,6,At Risk,69.5,High Risk,596160.0
CUST00741,27,68022,731,Business,185631,60,0,61,29,19515,1,4,4,1,9,Loyal,68.2,High Risk,2118628.0
CUST00742,61,45339,733,Salaried,222006,36,0,174,11,49842,1,3,2,3,8,Loyal,100.0,Critical Risk,950668.0
CUST00743,42,55573,669,Freelance,259289,48,2,38,15,5000,1,4,2,1,7,At Risk,100.0,Critical Risk,367450.0
CUST00744,24,86476,746,Freelance,83683,60,0,101,26,62397,0,3,4,4,11,Champions,35.2,Medium Risk,4306527.0
CUST00745,44,29754,838,Self-Employed,187746,36,0,127,24,29465,0,3,4,1,8,Loyal,100.0,Critical Risk,1578675.0
CUST00746,26,33305,677,Freelance,106265,12,0,271,2,50720,0,2,1,3,6,At Risk,98.7,Critical Risk,120408.0
CUST00747,55,38277,651,Salaried,223866,24,0,18,14,61933,1,4,2,4,10,Champions,100.0,Critical Risk,5806929.0
CUST00748,61,85366,660,Business,257115,60,2,295,2,62627,1,1,1,4,6,At Risk,100.0,Critical Risk,137912.0
CUST00749,54,44853,700,Business,158793,36,0,265,6,24129,1,2,1,1,4,Lost,100.0,Critical Risk,175265.0
CUST00750,46,56275,575,Freelance,310322,36,1,43,14,60890,1,4,2,4,10,Champions,100.0,Critical Risk,3913810.0
CUST00751,32,73530,774,Salaried,148643,24,0,11,3,44601,0,4,1,2,7,At Risk,46.9,Medium Risk,1028170.0
CUST00752,38,41348,660,Salaried,45739,60,2,275,17,50738,1,1,3,3,7,At Risk,78.5,Critical Risk,1010688.0
CUST00753,63,69892,647,Self-Employed,249065,36,0,26,26,40620,1,4,4,2,10,Champions,88.2,Critical Risk,6167741.0
CUST00754,54,65918,830,Business,315654,60,2,59,1,58258,1,4,1,3,8,Loyal,100.0,Critical Risk,222661.0
CUST00755,65,47574,671,Salaried,222638,60,2,167,29,58521,1,3,4,4,11,Champions,100.0,Critical Risk,3043955.0
CUST00756,41,65177,667,Self-Employed,206790,48,0,268,29,81989,1,2,4,4,10,Champions,98.8,Critical Risk,2850094.0
CUST00757,40,64251,632,Business,195453,24,0,15,27,66597,1,4,4,4,12,Champions,77.9,Critical Risk,12743950.0
CUST00758,66,48514,643,Self-Employed,109250,60,2,324,17,78401,1,1,3,4,8,Loyal,100.0,Critical Risk,1349454.0
CUST00759,40,41269,715,Self-Employed,86123,24,0,252,17,36412,0,2,3,2,7,At Risk,72.3,High Risk,783142.0
CUST00760,22,86748,746,Salaried,34375,24,1,235,22,55963,0,2,3,3,8,Loyal,44.8,Medium Risk,1655186.0
CUST00761,34,47469,709,Salaried,27072,36,0,119,8,52087,0,3,1,3,7,At Risk,31.4,Medium Risk,978097.0
CUST00762,67,66566,686,Salaried,228032,36,0,150,16,27456,1,3,3,1,7,At Risk,92.8,Critical Risk,859748.0
CUST00763,43,56241,643,Salaried,105745,12,3,42,8,17895,1,4,1,1,6,At Risk,86.1,Critical Risk,665648.0
CUST00764,38,42064,525,Salaried,114552,24,1,151,16,74128,1,3,3,4,10,Champions,100.0,Critical Risk,2308840.0
CUST00765,49,82433,686,Salaried,133302,60,1,243,1,40408,1,2,1,2,5,Lost,74.2,High Risk,52769.0
CUST00766,40,40666,659,Salaried,316236,48,2,52,19,7846,1,4,3,1,8,Loyal,100.0,Critical Risk,614825.0
CUST00767,37,40881,618,Business,143167,60,3,294,11,43648,1,1,2,2,5,Lost,100.0,Critical Risk,530247.0
CUST00768,64,52753,686,Salaried,271736,24,1,78,17,72688,1,4,3,4,11,Champions,100.0,Critical Risk,3939118.0
CUST00769,50,74472,582,Salaried,230777,24,1,327,13,23720,1,1,2,1,4,Lost,100.0,Critical Risk,309632.0
CUST00770,41,38363,805,Salaried,210662,48,1,226,11,53287,1,2,2,3,7,At Risk,100.0,Critical Risk,815037.0
CUST00771,32,55039,649,Self-Employed,20000,12,1,198,7,63933,1,2,1,4,7,At Risk,48.2,Medium Risk,696583.0
CUST00772,66,55694,723,Self-Employed,267202,60,1,181,5,56245,1,2,1,3,6,At Risk,100.0,Critical Risk,471941.0
CUST00773,65,79220,770,Salaried,123666,48,2,42,19,42474,1,4,3,2,9,Loyal,60.5,High Risk,3752321.0
CUST00774,47,53108,649,Salaried,157348,24,1,283,13,44517,1,1,2,2,5,Lost,100.0,Critical Risk,661137.0
CUST00775,22,55943,605,Self-Employed,187681,12,1,42,27,47172,1,4,4,3,11,Champions,98.4,Critical Risk,5922039.0
CUST00776,46,57262,724,Salaried,189084,60,2,155,8,47659,1,3,1,3,7,At Risk,100.0,Critical Risk,726706.0
CUST00777,54,78575,720,Salaried,355028,60,3,243,10,45552,1,2,2,3,7,At Risk,100.0,Critical Risk,594865.0
CUST00778,61,66918,762,Salaried,256283,12,0,126,18,34196,0,3,3,2,8,Loyal,93.4,Critical Risk,1382571.0
CUST00779,36,84376,724,Business,153137,12,1,5,23,62194,0,4,4,4,12,Champions,55.9,High Risk,12581172.0
CUST00780,59,62270,678,Business,123868,60,0,322,15,80477,1,1,2,4,7,At Risk,78.8,Critical Risk,1229042.0
CUST00781,61,86080,679,Freelance,218271,60,0,342,19,27456,1,1,3,1,5,Lost,91.3,Critical Risk,503058.0
CUST00782,36,54915,652,Salaried,43176,36,1,282,22,31839,1,1,3,2,6,At Risk,63.3,High Risk,802723.0
CUST00783,49,65764,671,Business,211396,12,0,39,15,5000,1,4,2,1,7,At Risk,80.5,Critical Risk,362583.0
CUST00784,24,48975,729,Business,308002,36,1,124,3,52662,1,3,1,3,7,At Risk,100.0,Critical Risk,359283.0
CUST00785,39,70794,567,Self-Employed,206267,36,0,202,21,67054,1,2,3,4,9,Loyal,95.5,Critical Risk,2155006.0
CUST00786,23,52366,666,Freelance,135351,36,1,188,2,63064,1,2,1,4,7,At Risk,90.5,Critical Risk,205063.0
CUST00787,24,62180,608,Salaried,43252,12,1,253,15,16244,1,2,2,1,5,Lost,62.3,High Risk,307205.0
CUST00788,52,49115,706,Salaried,254703,48,0,156,25,78621,1,3,4,4,11,Champions,100.0,Critical Risk,3726840.0
CUST00789,31,69181,749,Salaried,138919,60,2,156,16,24611,1,3,3,1,7,At Risk,80.3,Critical Risk,746640.0
CUST00790,45,60091,630,Salaried,161678,12,3,134,11,25011,1,3,2,1,6,At Risk,100.0,Critical Risk,588969.0
CUST00791,26,52964,625,Salaried,206012,36,3,253,6,5000,1,2,1,1,4,Lost,100.0,Critical Risk,37824.0
CUST00792,67,63888,624,Self-Employed,351253,12,3,196,23,45508,1,2,4,3,9,Loyal,100.0,Critical Risk,1643181.0
CUST00793,66,74009,498,Salaried,75301,36,1,286,10,42548,1,1,2,2,5,Lost,79.5,Critical Risk,481551.0
CUST00794,58,90702,685,Business,184173,60,2,149,19,61834,1,3,3,4,10,Champions,84.9,Critical Risk,2311692.0
CUST00795,52,58117,758,Self-Employed,86502,12,1,85,18,49711,0,4,3,3,10,Champions,53.4,High Risk,2688076.0
CUST00796,38,32266,750,Salaried,189058,24,2,159,4,61064,1,3,1,4,8,Loyal,100.0,Critical Risk,456028.0
CUST00797,27,56513,630,Self-Employed,231173,48,2,63,26,71840,1,4,4,4,12,Champions,100.0,Critical Risk,6851875.0
CUST00798,61,50972,549,Self-Employed,357627,48,1,128,18,35579,1,3,3,2,8,Loyal,100.0,Critical Risk,1420997.0
CUST00799,67,55875,623,Salaried,184368,24,1,276,19,24277,1,1,3,1,5,Lost,100.0,Critical Risk,538755.0
CUST00800,23,87511,646,Freelance,159090,36,1,175,22,50895,1,3,3,3,9,Loyal,75.6,Critical Risk,1932326.0
CUST00801,48,60261,756,Freelance,174685,48,0,262,5,44066,0,2,1,2,5,Lost,86.3,Critical Risk,269415.0
CUST00802,54,48639,740,Freelance,261997,24,1,220,21,72487,1,2,3,4,9,Loyal,100.0,Critical Risk,2166132.0
CUST00803,35,57931,648,Business,259109,48,3,69,16,27188,1,4,3,1,8,Loyal,100.0,Critical Risk,1505004.0
CUST00804,33,58724,683,Salaried,164203,48,1,141,17,58183,1,3,3,3,9,Loyal,89.7,Critical Risk,2033947.0
CUST00805,61,31564,600,Business,217326,36,3,272,24,51331,1,2,4,3,9,Loyal,100.0,Critical Risk,1457567.0
CUST00806,33,54998,753,Self-Employed,115732,36,1,251,17,40998,0,2,3,2,7,At Risk,79.8,Critical Risk,884844.0
CUST00807,55,27274,655,Salaried,267319,24,2,115,28,42489,1,3,4,2,9,Loyal,100.0,Critical Risk,2866255.0
CUST00808,59,32785,419,Salaried,70812,36,1,284,17,43276,1,1,3,2,6,At Risk,100.0,Critical Risk,837840.0
CUST00809,46,69429,762,Salaried,306424,60,2,49,16,75024,1,4,3,4,11,Champions,100.0,Critical Risk,5124446.0
CUST00810,48,54751,679,Freelance,88443,24,0,260,2,32668,0,2,1,2,5,Lost,66.1,High Risk,80430.0
CUST00811,42,54510,752,Salaried,210471,36,0,177,1,27946,0,3,1,1,5,Lost,98.9,Critical Risk,47777.0
CUST00812,54,56639,687,Business,20000,24,0,239,4,30636,0,2,1,1,4,Lost,38.6,Medium Risk,162354.0
CUST00813,60,77242,756,Salaried,305225,60,0,122,2,5000,1,3,1,1,5,Lost,95.9,Critical Risk,23028.0
CUST00814,50,27485,711,Business,117755,12,0,71,8,17713,1,4,1,1,6,At Risk,100.0,Critical Risk,481135.0
CUST00815,40,64060,575,Salaried,174128,48,0,235,28,20055,1,2,4,1,7,At Risk,93.7,Critical Risk,754925.0
CUST00816,23,45213,685,Salaried,145425,12,1,95,18,46884,0,3,3,3,9,Loyal,94.1,Critical Risk,2342417.0
CUST00817,66,60532,582,Business,134914,60,1,85,23,47509,1,4,4,3,11,Champions,81.1,Critical Risk,3282618.0
CUST00818,32,77266,691,Self-Employed,263666,12,0,75,28,50116,1,4,4,3,11,Champions,86.0,Critical Risk,4593592.0
CUST00819,32,25498,685,Salaried,194193,48,1,5,15,81943,1,4,2,4,10,Champions,100.0,Critical Risk,10810552.0
CUST00820,62,83566,699,Self-Employed,233725,60,0,97,25,27524,1,3,4,1,8,Loyal,74.9,High Risk,1881322.0
CUST00821,24,65601,749,Salaried,223164,12,0,45,18,19351,0,4,3,1,8,Loyal,79.1,Critical Risk,1559952.0
CUST00822,53,76464,784,Self-Employed,238737,12,1,323,11,45895,1,1,2,3,6,At Risk,100.0,Critical Risk,512569.0
CUST00823,61,71527,662,Self-Employed,43148,60,0,102,8,21604,0,3,1,1,5,Lost,34.1,Medium Risk,455478.0
CUST00824,53,65195,496,Business,101346,48,1,178,8,76075,1,3,1,4,8,Loyal,81.5,Critical Risk,1035613.0
CUST00825,37,23442,767,Business,73154,24,0,223,9,26164,0,2,2,1,5,Lost,86.8,Critical Risk,331209.0
CUST00826,67,67806,702,Salaried,229469,24,0,193,21,14339,0,2,3,1,6,At Risk,94.3,Critical Risk,478904.0
CUST00827,28,62220,702,Business,155115,12,0,50,27,14768,1,4,4,1,9,Loyal,64.7,High Risk,1682528.0
CUST00828,42,62182,730,Business,271059,36,3,101,21,45410,1,3,3,3,9,Loyal,100.0,Critical Risk,2531401.0
CUST00829,44,19989,600,Salaried,240966,36,2,42,28,51295,1,4,4,3,11,Champions,100.0,Critical Risk,6678152.0
CUST00830,30,56413,714,Salaried,103518,60,0,247,28,77741,0,2,4,4,10,Champions,66.9,High Risk,2802515.0
CUST00831,39,52921,745,Salaried,224787,60,0,280,4,33425,1,1,1,2,4,Lost,100.0,Critical Risk,154188.0
CUST00832,53,64750,536,Salaried,186063,24,1,266,12,69434,1,2,2,4,8,Loyal,100.0,Critical Risk,1005358.0
CUST00833,29,67588,715,Salaried,215883,48,1,293,23,68875,1,1,4,4,9,Loyal,100.0,Critical Risk,1754797.0
CUST00834,64,79761,792,Salaried,138287,12,0,28,4,51180,0,4,1,3,8,Loyal,41.2,Medium Risk,1158493.0
CUST00835,31,53927,675,Salaried,357751,48,1,144,27,13355,1,3,4,1,8,Loyal,100.0,Critical Risk,729161.0
CUST00836,49,63825,578,Business,165013,60,1,220,17,7839,1,2,3,1,6,At Risk,99.6,Critical Risk,189634.0
CUST00837,59,27585,626,Self-Employed,122360,36,2,66,22,65826,1,4,3,4,11,Champions,100.0,Critical Risk,5156905.0
CUST00838,53,51018,672,Salaried,83286,24,1,112,19,26016,1,3,3,1,7,At Risk,64.8,High Risk,1214956.0
CUST00839,30,60874,622,Self-Employed,229018,36,1,84,29,69798,1,4,4,4,12,Champions,100.0,Critical Risk,6131219.0
CUST00840,60,33629,730,Self-Employed,369602,12,0,227,26,25013,1,2,4,1,7,At Risk,100.0,Critical Risk,900848.0
CUST00841,22,18573,754,Self-Employed,193052,60,1,334,9,58057,1,1,2,3,6,At Risk,100.0,Critical Risk,514756.0
CUST00842,53,55690,826,Salaried,218536,12,1,295,13,50602,0,1,2,3,6,At Risk,100.0,Critical Risk,724303.0
CUST00843,45,27744,551,Self-Employed,181406,60,0,348,15,41950,1,1,2,2,5,Lost,100.0,Critical Risk,597337.0
CUST00844,54,75724,628,Salaried,292117,12,0,137,10,66534,1,3,2,4,9,Loyal,100.0,Critical Risk,1399707.0
CUST00845,29,62839,607,Freelance,212570,48,0,282,1,44801,1,1,1,2,4,Lost,100.0,Critical Risk,51342.0
CUST00846,22,60941,692,Salaried,247958,24,0,156,19,45201,1,3,3,3,9,Loyal,100.0,Critical Risk,1628410.0
CUST00847,52,44753,737,Business,101389,48,0,186,21,39532,0,2,3,2,7,At Risk,68.8,High Risk,1361855.0
CUST00848,49,37757,637,Salaried,161892,12,1,269,2,51757,1,2,1,3,6,At Risk,100.0,Critical Risk,123675.0
CUST00849,57,37412,709,Salaried,159413,24,2,69,9,24406,1,4,2,1,7,At Risk,100.0,Critical Risk,759940.0
CUST00850,42,60547,728,Salaried,146497,24,0,139,24,62390,0,3,4,4,11,Champions,68.7,High Risk,3114168.0
CUST00851,22,77459,711,Business,279772,48,1,306,1,99981,1,1,1,4,6,At Risk,100.0,Critical Risk,106549.0
CUST00852,62,80583,694,Self-Employed,259767,48,1,230,9,105849,1,2,2,4,8,Loyal,100.0,Critical Risk,1304743.0
CUST00853,24,34032,786,Salaried,295999,24,0,153,21,70280,0,3,3,4,10,Champions,100.0,Critical Risk,2842724.0
CUST00854,28,53830,775,Salaried,76826,60,2,350,22,23532,0,1,3,1,5,Lost,82.8,Critical Risk,488905.0
CUST00855,56,43908,666,Salaried,182173,12,0,191,26,19605,1,2,4,1,7,At Risk,100.0,Critical Risk,817809.0
CUST00856,35,66042,749,Salaried,218405,12,2,103,3,50500,1,3,1,3,7,At Risk,100.0,Critical Risk,396398.0
CUST00857,67,65200,676,Business,107472,60,0,6,4,5000,0,4,1,1,6,At Risk,46.1,Medium Risk,171765.0
CUST00858,50,36817,803,Self-Employed,195438,24,1,124,10,46343,1,3,2,3,8,Loyal,100.0,Critical Risk,1053906.0
CUST00859,26,39892,660,Self-Employed,162098,36,0,300,5,8715,1,1,1,1,3,Lost,100.0,Critical Risk,47266.0
CUST00860,42,70703,647,Business,213999,36,1,255,25,73305,1,2,4,4,10,Champions,100.0,Critical Risk,2294711.0
CUST00861,39,59620,632,Self-Employed,197673,12,1,297,28,34075,1,1,4,2,7,At Risk,100.0,Critical Risk,1044217.0
CUST00862,61,41449,658,Self-Employed,352652,24,0,197,12,65219,1,2,2,4,8,Loyal,100.0,Critical Risk,1223380.0
CUST00863,44,33701,668,Salaried,191950,36,1,134,11,5000,1,3,2,1,6,At Risk,100.0,Critical Risk,117742.0
CUST00864,40,36961,751,Salaried,95132,24,0,52,5,39928,0,4,1,2,7,At Risk,63.0,High Risk,823374.0
CUST00865,53,61485,769,Salaried,265065,12,1,189,19,73578,1,2,3,4,9,Loyal,100.0,Critical Risk,2262809.0
CUST00866,45,90280,729,Salaried,106821,48,1,194,15,55234,0,2,2,3,7,At Risk,58.4,High Risk,1311957.0
CUST00867,36,27232,605,Self-Employed,147405,12,1,170,22,21291,1,3,3,1,7,At Risk,100.0,Critical Risk,827926.0
CUST00868,38,15158,717,Salaried,231727,24,2,286,12,40776,1,1,2,2,5,Lost,100.0,Critical Risk,553795.0
CUST00869,39,47767,634,Salaried,217956,24,0,341,10,39637,1,1,2,2,5,Lost,100.0,Critical Risk,383245.0
CUST00870,29,51141,609,Salaried,235540,24,2,227,29,47556,1,2,4,3,9,Loyal,100.0,Critical Risk,1910362.0
CUST00871,29,41278,649,Salaried,229179,24,2,260,5,71402,1,2,1,4,7,At Risk,100.0,Critical Risk,439490.0
CUST00872,57,48821,608,Business,297796,12,1,34,20,11563,1,4,3,1,8,Loyal,100.0,Critical Risk,1197304.0
CUST00873,22,28220,705,Salaried,234368,12,0,43,26,22871,1,4,4,1,9,Loyal,100.0,Critical Risk,2730136.0
CUST00874,43,28216,573,Self-Employed,162062,60,1,168,10,54944,1,3,2,3,8,Loyal,100.0,Critical Risk,980663.0
CUST00875,51,57553,731,Freelance,232426,36,1,162,11,62940,1,3,2,4,9,Loyal,100.0,Critical Risk,1273069.0
CUST00876,52,66716,634,Freelance,214379,12,1,165,21,12018,1,3,3,1,7,At Risk,100.0,Critical Risk,457161.0
CUST00877,31,38309,675,Salaried,51277,60,0,236,14,45812,0,2,2,3,7,At Risk,58.9,High Risk,859080.0
CUST00878,67,73716,751,Self-Employed,106826,60,0,327,20,62283,0,1,3,4,8,Loyal,63.1,High Risk,1250800.0
CUST00879,31,67060,696,Salaried,257784,12,1,282,25,72155,1,1,4,4,9,Loyal,100.0,Critical Risk,2067235.0
CUST00880,23,77303,642,Freelance,272303,60,1,47,13,80510,1,4,2,4,10,Champions,99.4,Critical Risk,4575089.0
CUST00881,42,73722,583,Salaried,174814,60,1,246,28,29369,1,2,4,1,7,At Risk,97.1,Critical Risk,1062482.0
CUST00882,38,63779,720,Salaried,154601,60,1,226,6,18585,1,2,1,1,4,Lost,86.5,Critical Risk,155052.0
CUST00883,37,91440,632,Salaried,141052,12,0,348,12,65804,1,1,2,4,7,At Risk,75.3,Critical Risk,749601.0
CUST00884,64,76454,725,Salaried,231448,48,1,222,26,61560,1,2,4,4,10,Champions,97.9,Critical Risk,2259978.0
CUST00885,48,40770,749,Salaried,167034,36,0,327,8,54708,0,1,1,3,5,Lost,100.0,Critical Risk,439470.0
CUST00886,57,71124,600,Salaried,146152,12,0,81,11,30348,1,4,2,1,7,At Risk,65.9,High Risk,1036998.0
CUST00887,24,57917,586,Salaried,187160,36,0,116,7,5000,1,3,1,1,5,Lost,93.4,Critical Risk,83770.0
CUST00888,41,59217,850,Salaried,120089,12,0,363,16,59654,0,1,3,4,8,Loyal,70.4,High Risk,872038.0
CUST00889,27,29780,766,Salaried,209462,48,0,340,28,29881,1,1,4,1,6,At Risk,100.0,Critical Risk,811112.0
CUST00890,35,34993,597,Business,151624,60,1,100,16,5000,1,3,3,1,7,At Risk,100.0,Critical Risk,213919.0
CUST00891,24,29139,772,Self-Employed,258897,12,1,311,16,40733,1,1,3,2,6,At Risk,100.0,Critical Risk,684549.0
CUST00892,54,47632,717,Salaried,73151,60,0,273,29,19543,0,1,4,1,6,At Risk,62.8,High Risk,668377.0
CUST00893,62,66840,605,Salaried,124180,36,3,112,2,19078,1,3,1,1,5,Lost,94.2,Critical Risk,93784.0
CUST00894,60,38635,759,Freelance,293048,24,3,113,4,41099,1,3,1,2,6,At Risk,100.0,Critical Risk,401368.0
CUST00895,53,42501,768,Self-Employed,104493,60,2,341,4,53469,0,1,1,3,5,Lost,100.0,Critical Risk,206794.0
CUST00896,33,64598,641,Business,217178,24,3,89,14,27075,1,4,2,1,7,At Risk,100.0,Critical Risk,1102416.0
CUST00897,44,36501,654,Self-Employed,89659,48,3,175,26,5000,1,3,4,1,8,Loyal,100.0,Critical Risk,224350.0
CUST00898,22,28089,627,Salaried,183658,60,1,303,18,34488,1,1,3,2,6,At Risk,100.0,Critical Risk,667411.0
CUST00899,43,68253,690,Salaried,248735,36,0,227,21,67796,1,2,3,4,9,Loyal,100.0,Critical Risk,1972130.0
CUST00900,65,79338,674,Salaried,215044,12,1,307,2,46251,1,1,1,3,5,Lost,100.0,Critical Risk,98292.0
CUST00901,23,69498,694,Salaried,234130,36,2,74,24,63616,1,4,4,4,12,Champions,100.0,Critical Risk,5043223.0
CUST00902,36,38479,612,Self-Employed,102351,12,0,264,27,25659,1,2,4,1,7,At Risk,92.2,Critical Risk,841496.0
CUST00903,40,63617,641,Salaried,318715,60,1,339,22,68571,1,1,3,4,8,Loyal,100.0,Critical Risk,1466379.0
CUST00904,57,36202,809,Salaried,261739,12,1,54,16,55464,1,4,3,3,10,Champions,100.0,Critical Risk,3579113.0
CUST00905,32,65801,790,Salaried,163533,48,0,44,22,33797,0,4,3,2,9,Loyal,57.7,High Risk,3371303.0
CUST00906,56,63045,648,Freelance,169045,12,2,327,11,35568,1,1,2,2,5,Lost,100.0,Critical Risk,392863.0
CUST00907,28,58641,731,Self-Employed,265856,36,1,335,3,82339,1,1,1,4,6,At Risk,100.0,Critical Risk,242695.0
CUST00908,32,52727,694,Business,218267,48,0,90,24,26828,1,4,4,1,9,Loyal,100.0,Critical Risk,1857812.0
CUST00909,48,44990,850,Self-Employed,97254,48,1,364,18,29171,0,1,3,1,5,Lost,83.2,Critical Risk,478536.0
CUST00910,36,78201,844,Salaried,119533,36,0,174,29,30345,0,3,4,1,8,Loyal,45.3,Medium Risk,1525899.0
CUST00911,29,51843,778,Salaried,253661,12,1,19,8,42680,1,4,1,2,7,At Risk,100.0,Critical Risk,2245506.0
CUST00912,51,40407,457,Self-Employed,152194,12,3,143,1,15042,1,3,1,1,5,Lost,100.0,Critical Risk,30587.0
CUST00913,52,56246,607,Salaried,214151,24,0,163,19,85487,1,3,3,4,10,Champions,100.0,Critical Risk,2971691.0
CUST00914,64,61162,604,Self-Employed,413006,60,0,277,15,72815,1,1,2,4,7,At Risk,100.0,Critical Risk,1271650.0
CUST00915,67,58263,612,Self-Employed,210259,60,1,163,11,21168,1,3,2,1,6,At Risk,100.0,Critical Risk,426013.0
CUST00916,46,58288,749,Business,183343,24,1,45,25,31494,0,4,4,2,10,Champions,84.0,Critical Risk,3526169.0
CUST00917,66,40344,699,Business,260799,48,1,349,13,42653,1,1,2,2,5,Lost,100.0,Critical Risk,525003.0
CUST00918,30,52502,565,Business,133973,12,1,106,17,55968,1,3,3,3,9,Loyal,90.5,Critical Risk,2437063.0
CUST00919,47,24635,633,Salaried,57200,48,2,143,28,32751,1,3,4,2,9,Loyal,94.0,Critical Risk,1864709.0
CUST00920,53,68973,683,Business,222645,48,1,3,3,59947,1,4,1,4,9,Loyal,87.0,Critical Risk,1661822.0
CUST00921,63,55803,623,Self-Employed,273341,12,1,74,14,57682,1,4,2,3,9,Loyal,100.0,Critical Risk,2667466.0
CUST00922,64,61240,710,Salaried,113719,60,2,9,1,33490,1,4,1,2,7,At Risk,68.1,High Risk,268656.0
CUST00923,46,43947,669,Business,96663,48,3,334,12,17820,1,1,2,1,4,Lost,100.0,Critical Risk,210666.0
CUST00924,36,56535,812,Salaried,111906,24,2,205,21,70702,0,2,3,4,9,Loyal,79.2,Critical Risk,2244020.0
CUST00925,57,50771,618,Salaried,142600,60,2,333,8,31095,1,1,1,2,4,Lost,100.0,Critical Risk,245730.0
CUST00926,37,37189,581,Salaried,322909,12,2,273,22,18812,1,1,3,1,5,Lost,100.0,Critical Risk,488079.0
CUST00927,32,55343,477,Self-Employed,268171,12,2,114,22,46539,1,3,3,3,9,Loyal,100.0,Critical Risk,2483111.0
CUST00928,55,39351,714,Salaried,222886,48,1,265,15,52802,1,2,2,3,7,At Risk,100.0,Critical Risk,958842.0
CUST00929,32,70511,659,Self-Employed,319296,48,2,229,14,5000,1,2,2,1,5,Lost,100.0,Critical Risk,96234.0
CUST00930,64,46707,685,Salaried,86273,48,0,284,9,40762,1,1,2,2,5,Lost,72.3,High Risk,417795.0
CUST00931,49,33882,528,Salaried,176261,60,1,279,17,6952,1,1,3,1,5,Lost,100.0,Critical Risk,136726.0
CUST00932,66,60454,623,Freelance,192281,60,0,287,16,32819,1,1,3,2,6,At Risk,100.0,Critical Risk,592467.0
CUST00933,51,78961,740,Salaried,340028,12,1,326,4,50889,1,1,1,3,5,Lost,100.0,Critical Risk,204960.0
CUST00934,53,50976,789,Self-Employed,203712,24,0,303,10,24428,0,1,2,1,4,Lost,100.0,Critical Risk,262628.0
CUST00935,30,40695,735,Business,196677,24,2,175,10,52609,1,3,2,3,8,Loyal,100.0,Critical Risk,907909.0
CUST00936,65,70230,690,Salaried,132102,24,2,302,2,39537,1,1,1,2,4,Lost,94.1,Critical Risk,85264.0
CUST00937,30,60253,772,Salaried,158344,24,1,181,13,36570,0,2,2,2,6,At Risk,83.1,Critical Risk,797814.0
CUST00938,45,75272,779,Business,163381,60,1,205,14,52732,0,2,2,3,7,At Risk,75.4,Critical Risk,1115779.0
CUST00939,58,45173,557,Freelance,162840,12,2,357,20,26668,1,1,3,1,5,Lost,100.0,Critical Risk,494730.0
CUST00940,38,75423,673,Salaried,69866,12,1,205,19,85534,0,2,3,4,9,Loyal,58.2,High Risk,2456225.0
CUST00941,27,49026,672,Freelance,178036,60,3,292,9,41588,1,1,2,2,5,Lost,100.0,Critical Risk,415880.0
CUST00942,53,77275,670,Salaried,154843,12,0,143,4,38951,1,3,1,2,6,At Risk,64.9,High Risk,316816.0
CUST00943,64,63476,663,Business,317853,12,1,76,29,54458,1,4,4,3,11,Champions,100.0,Critical Risk,5123893.0
CUST00944,34,55905,646,Salaried,217661,36,1,216,22,87442,1,2,3,4,9,Loyal,100.0,Critical Risk,2780829.0
CUST00945,66,60119,607,Self-Employed,138153,12,3,1,21,12558,1,4,3,1,8,Loyal,93.7,Critical Risk,2566855.0
CUST00946,41,37722,763,Self-Employed,356550,48,0,12,3,49158,1,4,1,3,8,Loyal,100.0,Critical Risk,1109856.0
CUST00947,25,31685,661,Business,241700,60,0,224,17,32785,1,2,3,2,7,At Risk,100.0,Critical Risk,780925.0
CUST00948,34,91963,683,Business,109899,48,1,333,1,59837,1,1,1,4,6,At Risk,73.4,High Risk,59108.0
CUST00949,60,57430,664,Salaried,372779,36,1,336,6,26040,1,1,1,1,3,Lost,100.0,Critical Risk,153094.0
CUST00950,34,75613,604,Salaried,204059,12,1,80,14,25539,1,4,2,1,7,At Risk,88.4,Critical Risk,1120208.0
CUST00951,56,57964,760,Salaried,213532,24,2,49,9,52362,1,4,2,3,9,Loyal,100.0,Critical Risk,2011803.0
CUST00952,27,50512,725,Self-Employed,252735,60,0,137,14,41511,1,3,2,2,7,At Risk,100.0,Critical Risk,1222601.0
CUST00953,38,73257,739,Business,392698,60,0,55,22,68310,1,4,3,4,11,Champions,100.0,Critical Risk,5994856.0
CUST00954,57,80363,636,Self-Employed,165503,60,0,254,10,60805,1,2,2,4,8,Loyal,77.6,Critical Risk,763987.0
CUST00955,26,37106,648,Salaried,227238,60,3,163,29,16407,1,3,4,1,8,Loyal,100.0,Critical Risk,870517.0
CUST00956,48,58888,652,Salaried,194947,48,1,227,6,29458,1,2,1,1,4,Lost,100.0,Critical Risk,244831.0
CUST00957,67,46659,633,Business,156343,12,1,242,19,33410,1,2,3,2,7,At Risk,100.0,Critical Risk,831951.0
CUST00958,39,63157,741,Salaried,131356,60,0,105,6,66725,0,3,1,4,8,Loyal,58.2,High Risk,1032705.0
CUST00959,62,76694,804,Salaried,362174,48,2,131,18,13789,1,3,3,1,7,At Risk,100.0,Critical Risk,540858.0
CUST00960,43,31726,718,Salaried,132442,60,0,66,7,52065,0,4,1,3,8,Loyal,98.5,Critical Risk,1297815.0
CUST00961,26,50332,687,Self-Employed,70112,60,1,140,3,24760,1,3,1,1,5,Lost,61.2,High Risk,153610.0
CUST00962,40,73104,560,Salaried,143763,36,0,38,13,19506,1,4,2,1,7,At Risk,63.5,High Risk,1242362.0
CUST00963,55,83130,772,Salaried,295394,48,0,40,11,64292,1,4,2,4,10,Champions,80.0,Critical Risk,3374279.0
CUST00964,25,52491,767,Salaried,232912,12,3,240,6,65662,1,2,1,4,7,At Risk,100.0,Critical Risk,520072.0
CUST00965,36,51034,566,Freelance,305589,36,0,177,7,52840,1,3,1,3,7,At Risk,100.0,Critical Risk,632348.0
CUST00966,25,88281,637,Self-Employed,175306,60,1,172,9,26933,1,3,2,1,6,At Risk,79.3,Critical Risk,424340.0
CUST00967,28,73650,645,Business,137392,24,0,356,17,19797,1,1,3,1,5,Lost,81.5,Critical Risk,312969.0
CUST00968,44,68770,614,Freelance,215450,48,1,189,24,30005,1,2,4,1,7,At Risk,100.0,Critical Risk,1165604.0
CUST00969,51,76366,692,Salaried,144763,48,0,96,11,41735,0,3,2,2,7,At Risk,57.3,High Risk,1264649.0
CUST00970,29,60780,683,Salaried,120414,12,0,118,6,64490,0,3,1,4,8,Loyal,61.5,High Risk,914130.0
CUST00971,23,52034,743,Salaried,149858,36,0,272,18,61285,0,2,3,4,9,Loyal,87.7,Critical Risk,1305162.0
CUST00972,35,33646,771,Self-Employed,204514,36,0,158,23,24847,0,3,4,1,8,Loyal,100.0,Critical Risk,1072445.0
CUST00973,41,109042,655,Salaried,156960,24,1,237,17,30729,1,2,3,1,6,At Risk,72.5,High Risk,697161.0
CUST00974,60,30650,809,Business,298383,12,2,18,4,49305,1,4,1,3,8,Loyal,100.0,Critical Risk,1320831.0
CUST00975,26,29317,600,Self-Employed,147259,60,2,346,8,31166,1,1,1,2,4,Lost,100.0,Critical Risk,237921.0
CUST00976,38,73307,634,Salaried,295407,12,3,313,27,26170,1,1,4,1,6,At Risk,100.0,Critical Risk,737927.0
CUST00977,58,47732,639,Salaried,231659,24,1,240,7,37093,1,2,1,2,5,Lost,100.0,Critical Risk,342758.0
CUST00978,33,67241,704,Self-Employed,100769,24,1,114,12,53701,1,3,2,3,8,Loyal,60.0,High Risk,1562860.0
CUST00979,41,24711,586,Freelance,94921,24,1,348,26,53865,1,1,4,3,8,Loyal,100.0,Critical Risk,1329464.0
CUST00980,30,49063,850,Salaried,281063,48,0,154,26,19185,0,3,4,1,8,Loyal,100.0,Critical Risk,955725.0
CUST00981,56,46912,574,Self-Employed,123532,24,0,236,28,62600,1,2,4,4,10,Champions,92.1,Critical Risk,2347787.0
CUST00982,37,71124,649,Salaried,301981,36,3,321,20,39742,1,1,3,2,6,At Risk,100.0,Critical Risk,811515.0
CUST00983,62,70027,709,Freelance,106225,36,0,349,13,54581,0,1,2,3,6,At Risk,69.3,High Risk,671821.0
CUST00984,48,70519,687,Salaried,114197,24,0,364,11,32170,0,1,2,2,5,Lost,74.2,High Risk,322503.0
CUST00985,25,76048,780,Business,155503,12,1,347,2,25391,0,1,1,1,3,Lost,84.5,Critical Risk,48332.0
CUST00986,47,47691,649,Business,199837,48,2,76,7,22260,1,4,1,1,6,At Risk,100.0,Critical Risk,505549.0
CUST00987,50,60090,619,Self-Employed,118856,48,0,348,4,35488,1,1,1,2,4,Lost,85.0,Critical Risk,134753.0
CUST00988,24,44093,767,Self-Employed,192716,36,2,271,9,48875,1,2,2,3,7,At Risk,100.0,Critical Risk,522128.0
CUST00989,55,38560,661,Salaried,105357,36,0,268,19,41734,1,2,3,2,7,At Risk,90.4,Critical Risk,950494.0
CUST00990,63,54789,850,Salaried,82080,36,1,77,18,67756,0,4,3,4,11,Champions,46.3,Medium Risk,3922087.0
CUST00991,65,64970,761,Salaried,281038,36,0,175,25,56526,1,3,4,3,10,Champions,100.0,Critical Risk,2438770.0
CUST00992,52,54192,655,Self-Employed,188734,48,1,176,18,53755,1,3,3,3,9,Loyal,100.0,Critical Risk,1661978.0
CUST00993,44,25194,778,Freelance,122188,60,2,317,21,76973,1,1,3,4,8,Loyal,100.0,Critical Risk,1669019.0
CUST00994,47,46132,484,Salaried,147729,60,0,211,5,5000,1,2,1,1,4,Lost,100.0,Critical Risk,36869.0
CUST00995,63,47247,548,Freelance,198737,48,0,204,25,55724,1,2,4,3,9,Loyal,100.0,Critical Risk,2114268.0
CUST00996,44,86407,688,Salaried,191351,36,2,251,15,39102,1,2,2,2,6,At Risk,96.7,Critical Risk,744638.0
CUST00997,65,57197,590,Salaried,224691,24,0,51,1,5000,1,4,1,1,6,At Risk,100.0,Critical Risk,20857.0
CUST00998,29,52962,726,Freelance,226820,48,1,108,12,11974,1,3,2,1,6,At Risk,100.0,Critical Risk,362949.0
CUST00999,46,78549,556,Self-Employed,193696,60,0,42,9,24462,1,4,2,1,7,At Risk,74.2,High Risk,1023665.0
CUST01000,53,51419,582,Salaried,42096,12,0,129,5,59542,1,3,1,4,8,Loyal,46.5,Medium Risk,656581.0
CUST01001,32,82816,709,Business,165599,48,1,352,5,39129,1,1,1,2,4,Lost,89.2,Critical Risk,183811.0
CUST01002,37,57692,704,Self-Employed,199748,48,0,341,8,21631,1,1,1,1,3,Lost,100.0,Critical Risk,167318.0
CUST01003,53,40092,694,Salaried,248046,12,2,105,14,15152,1,3,2,1,6,At Risk,100.0,Critical Risk,547185.0
CUST01004,47,100525,604,Freelance,163632,48,0,48,3,80582,1,4,1,4,9,Loyal,54.4,High Risk,1044228.0
CUST01005,44,75863,526,Salaried,40186,36,2,193,28,6319,1,2,4,1,7,At Risk,70.0,High Risk,281395.0
CUST01006,58,58245,655,Salaried,360354,24,0,260,8,50348,1,2,1,3,6,At Risk,100.0,Critical Risk,495839.0
CUST01007,44,41816,695,Salaried,228002,12,1,169,6,38365,1,3,1,2,6,At Risk,100.0,Critical Risk,408853.0
CUST01008,53,36252,747,Salaried,208518,12,0,269,23,21283,0,2,4,1,7,At Risk,100.0,Critical Risk,584847.0
CUST01009,52,43247,694,Self-Employed,174733,12,1,198,5,66758,1,2,1,4,7,At Risk,100.0,Critical Risk,519545.0
CUST01010,26,61732,681,Self-Employed,254410,48,2,208,13,64560,1,2,2,4,8,Loyal,100.0,Critical Risk,1252913.0
CUST01011,27,19919,726,Freelance,259053,36,1,214,3,36961,1,2,1,2,5,Lost,100.0,Critical Risk,161566.0
CUST01012,50,58474,695,Salaried,163814,24,1,293,11,65775,1,1,2,4,7,At Risk,100.0,Critical Risk,801477.0
CUST01013,58,50523,787,Salaried,219634,48,0,265,5,41821,0,2,1,2,5,Lost,100.0,Critical Risk,253145.0
CUST01014,37,54251,720,Salaried,246754,12,1,192,20,13506,1,2,3,1,6,At Risk,100.0,Critical Risk,431483.0
CUST01015,38,56726,602,Self-Employed,92678,60,2,119,2,106858,1,3,1,4,8,Loyal,80.5,Critical Risk,501648.0
CUST01016,67,84664,604,Business,223705,48,3,14,20,37325,1,4,3,2,9,Loyal,100.0,Critical Risk,5395495.0
CUST01017,43,46824,740,Self-Employed,182493,36,2,132,13,46602,1,3,2,3,8,Loyal,100.0,Critical Risk,1312323.0
CUST01018,24,31955,608,Salaried,87384,48,2,314,16,72312,1,1,3,4,8,Loyal,100.0,Critical Risk,1204856.0
CUST01019,43,31845,733,Business,234411,24,0,190,5,41896,0,2,1,2,5,Lost,100.0,Critical Risk,337573.0
CUST01020,51,61662,684,Business,180133,48,1,345,16,43187,1,1,3,2,6,At Risk,100.0,Critical Risk,661106.0
CUST01021,26,67282,743,Freelance,20000,24,0,57,20,64160,0,4,3,4,11,Champions,18.4,Low Risk,5009283.0
CUST01022,43,33959,631,Self-Employed,169744,48,2,89,12,78608,1,4,2,4,10,Champions,100.0,Critical Risk,2743451.0
CUST01023,67,28452,700,Freelance,81307,48,1,74,13,61246,0,4,2,4,10,Champions,84.1,Critical Risk,2629975.0
CUST01024,29,48718,718,Salaried,263425,12,0,336,17,45428,1,1,3,3,7,At Risk,100.0,Critical Risk,756727.0
CUST01025,42,61392,691,Self-Employed,122597,12,1,85,23,21472,1,4,4,1,9,Loyal,68.5,High Risk,1483600.0
CUST01026,42,87373,540,Salaried,199904,12,1,49,10,58296,1,4,2,3,9,Loyal,82.3,Critical Risk,2488660.0
CUST01027,42,31346,634,Salaried,215606,48,1,297,12,46922,1,1,2,3,6,At Risk,100.0,Critical Risk,616247.0
CUST01028,36,59315,695,Freelance,20000,24,0,140,28,56747,0,3,4,3,10,Champions,29.5,Medium Risk,3285860.0
CUST01029,24,63623,714,Salaried,329272,60,1,6,27,40442,1,4,4,2,10,Champions,100.0,Critical Risk,9377786.0
CUST01030,30,46568,724,Salaried,203790,36,1,79,11,49344,1,4,2,3,9,Loyal,100.0,Critical Risk,1715291.0
CUST01031,29,75234,629,Freelance,124531,12,0,32,6,91239,1,4,1,4,9,Loyal,51.8,High Risk,2916984.0
CUST01032,44,60912,522,Salaried,185374,48,0,298,6,30847,1,1,1,1,3,Lost,100.0,Critical Risk,201958.0
CUST01033,60,50717,607,Salaried,271027,60,0,301,11,51317,1,1,2,3,6,At Risk,100.0,Critical Risk,610482.0
CUST01034,35,76752,651,Self-Employed,216454,24,0,75,7,36672,1,4,1,2,7,At Risk,77.0,Critical Risk,840331.0
CUST01035,35,55192,708,Business,199272,48,0,290,12,64058,1,1,2,4,7,At Risk,100.0,Critical Risk,859339.0
CUST01036,46,40411,766,Self-Employed,119098,60,1,277,29,41387,0,1,4,2,7,At Risk,97.8,Critical Risk,1397389.0
CUST01037,36,70728,815,Freelance,294553,60,0,61,20,55741,0,4,3,3,10,Champions,90.9,Critical Risk,4173429.0
CUST01038,38,54892,800,Salaried,176647,24,1,23,6,53716,0,4,1,3,8,Loyal,79.9,Critical Risk,1977110.0
CUST01039,28,35065,680,Business,150720,12,0,139,12,59287,1,3,2,4,9,Loyal,100.0,Critical Risk,1479641.0
CUST01040,50,66943,707,Salaried,209151,12,0,167,17,84628,1,3,3,4,10,Champions,86.6,Critical Risk,2580426.0
CUST01041,60,62548,771,Salaried,278962,60,1,158,8,50541,1,3,2,3,8,Loyal,100.0,Critical Risk,758765.0
CUST01042,26,50973,816,Salaried,20000,60,0,321,13,59186,0,1,2,4,7,At Risk,36.7,Medium Risk,785560.0
CUST01043,61,51269,756,Salaried,179932,36,0,276,19,44008,0,1,3,2,6,At Risk,99.7,Critical Risk,976626.0
CUST01044,64,82621,729,Salaried,157605,12,0,336,5,56268,0,1,1,3,5,Lost,74.6,High Risk,275675.0
CUST01045,25,41773,715,Self-Employed,102385,36,0,50,21,45687,0,4,3,3,10,Champions,62.9,High Risk,4048449.0
CUST01046,41,36669,748,Salaried,163177,60,0,241,13,5000,0,2,2,1,5,Lost,100.0,Critical Risk,85495.0
CUST01047,33,15000,631,Salaried,183144,24,2,355,12,48064,1,1,2,3,6,At Risk,100.0,Critical Risk,537728.0
CUST01048,52,61408,646,Salaried,304230,36,1,99,8,55826,1,3,2,3,8,Loyal,100.0,Critical Risk,1203040.0
CUST01049,58,57467,703,Business,143591,24,1,136,18,50872,1,3,3,3,9,Loyal,81.8,Critical Risk,1937560.0
CUST01050,38,51913,777,Salaried,20000,60,1,1,4,56774,0,4,1,3,8,Loyal,23.1,Low Risk,2210401.0
CUST01051,24,38403,692,Self-Employed,309874,12,2,312,13,87237,1,1,2,4,7,At Risk,100.0,Critical Risk,1187775.0
CUST01052,32,84265,493,Freelance,237833,24,1,342,14,30899,1,1,2,1,4,Lost,100.0,Critical Risk,417157.0
CUST01053,30,93028,679,Self-Employed,316103,60,1,20,21,28664,1,4,3,1,8,Loyal,92.0,Critical Risk,3888665.0
CUST01054,67,48072,682,Salaried,111613,12,2,6,2,8768,1,4,1,1,6,At Risk,79.1,Critical Risk,150603.0
CUST01055,62,36940,773,Salaried,224762,24,0,18,27,49619,0,4,4,3,11,Champions,100.0,Critical Risk,8972390.0
CUST01056,24,54552,708,Business,159059,12,0,235,24,22884,0,2,4,1,7,At Risk,88.0,Critical Risk,738357.0
CUST01057,65,38450,624,Freelance,133692,36,2,328,24,60178,1,1,4,4,9,Loyal,100.0,Critical Risk,1446253.0
CUST01058,53,68491,711,Self-Employed,183413,60,1,138,8,28468,1,3,2,1,6,At Risk,85.0,Critical Risk,476370.0
CUST01059,27,67125,656,Self-Employed,137627,48,2,182,24,61881,1,2,4,4,10,Champions,90.1,Critical Risk,2480904.0
CUST01060,28,42181,640,Business,158969,36,1,194,3,33875,1,2,1,2,5,Lost,100.0,Critical Risk,160925.0
CUST01061,30,74473,667,Salaried,131672,12,0,93,8,41521,1,3,2,2,7,At Risk,56.3,High Risk,936226.0
CUST01062,54,32975,823,Business,222768,48,0,199,20,22636,0,2,3,1,6,At Risk,100.0,Critical Risk,701668.0
CUST01063,61,46418,613,Salaried,210607,12,0,323,26,27698,1,1,4,1,6,At Risk,100.0,Critical Risk,731166.0
CUST01064,41,48647,850,Freelance,133695,48,2,109,19,23028,0,3,3,1,7,At Risk,83.9,Critical Risk,1097589.0
CUST01065,61,81843,822,Freelance,94920,36,0,110,7,20520,0,3,1,1,5,Lost,34.3,Medium Risk,357874.0
CUST01066,46,68754,673,Salaried,226529,36,1,76,12,25044,1,4,2,1,7,At Risk,95.0,Critical Risk,975046.0
CUST01067,65,47608,620,Salaried,314807,36,2,320,2,78017,1,1,1,4,6,At Risk,100.0,Critical Risk,159754.0
CUST01068,59,39429,708,Salaried,24736,60,1,83,14,53935,0,4,2,3,9,Loyal,39.7,Medium Risk,2306342.0
CUST01069,43,55238,681,Business,224507,24,0,296,28,45101,1,1,4,2,7,At Risk,100.0,Critical Risk,1386262.0
CUST01070,55,56261,831,Salaried,133663,12,1,277,29,39746,0,1,4,2,7,At Risk,81.7,Critical Risk,1341982.0
CUST01071,51,15000,672,Salaried,159829,36,0,113,28,50565,1,3,4,3,10,Champions,100.0,Critical Risk,3456684.0
CUST01072,32,66618,773,Salaried,225586,12,2,155,28,19171,1,3,4,1,8,Loyal,100.0,Critical Risk,1023121.0
CUST01073,41,58761,727,Business,228900,60,0,216,24,57707,1,2,4,3,9,Loyal,100.0,Critical Risk,2002033.0
CUST01074,47,83843,524,Salaried,249391,36,1,355,21,41990,1,1,3,2,6,At Risk,100.0,Critical Risk,822103.0
CUST01075,43,48001,725,Self-Employed,144842,36,2,85,23,37141,1,4,4,2,10,Champions,96.4,Critical Risk,2566244.0
CUST01076,49,68947,670,Salaried,155085,24,0,216,20,46312,1,2,3,3,8,Loyal,75.8,Critical Risk,1338921.0
CUST01077,42,81526,568,Self-Employed,298558,48,1,90,17,25764,1,4,3,1,8,Loyal,100.0,Critical Risk,1263760.0
CUST01078,45,47375,685,Business,147964,60,3,48,20,37368,1,4,3,2,9,Loyal,100.0,Critical Risk,3228241.0
CUST01079,25,56124,711,Salaried,270391,36,0,243,27,46194,1,2,4,3,9,Loyal,100.0,Critical Risk,1628772.0
CUST01080,48,51961,751,Business,160321,60,0,332,9,81819,0,1,2,4,7,At Risk,96.2,Critical Risk,729377.0
CUST01081,63,28341,685,Self-Employed,292373,48,1,38,8,26529,1,4,2,1,7,At Risk,100.0,Critical Risk,1039794.0
CUST01082,44,39615,686,Self-Employed,194545,48,0,313,22,60806,1,1,3,4,8,Loyal,100.0,Critical Risk,1397059.0
CUST01083,60,71149,718,Salaried,141492,48,0,24,25,34017,0,4,4,2,10,Champions,51.3,High Risk,5130663.0
CUST01084,51,82591,671,Salaried,378286,48,1,161,22,55134,1,3,3,3,9,Loyal,100.0,Critical Risk,2241651.0
CUST01085,48,47506,659,Salaried,219875,24,0,60,15,22279,1,4,2,1,7,At Risk,100.0,Critical Risk,1264016.0
CUST01086,52,69582,653,Business,344710,36,1,255,25,76030,1,2,4,4,10,Champions,100.0,Critical Risk,2380013.0
CUST01087,43,60733,824,Salaried,260003,48,0,35,12,80490,0,4,2,4,10,Champions,90.4,Critical Risk,4930716.0
CUST01088,31,53897,647,Salaried,247464,60,0,142,26,40131,1,3,4,2,9,Loyal,100.0,Critical Risk,2133575.0
CUST01089,49,50007,734,Self-Employed,209881,24,2,211,24,59092,1,2,4,4,10,Champions,100.0,Critical Risk,2091499.0
CUST01090,24,38794,703,Self-Employed,164528,48,0,27,4,42527,0,4,1,2,7,At Risk,97.7,Critical Risk,977786.0
CUST01091,61,36490,594,Salaried,162060,60,3,61,17,18267,1,4,3,1,8,Loyal,100.0,Critical Risk,1162531.0
CUST01092,45,27989,710,Salaried,225296,48,2,142,1,68277,1,3,1,4,8,Loyal,100.0,Critical Risk,139614.0
CUST01093,33,21084,733,Self-Employed,146114,48,2,67,29,77520,1,4,4,4,12,Champions,100.0,Critical Risk,7928012.0
CUST01094,57,95042,604,Salaried,209734,24,2,273,27,31097,1,1,4,2,7,At Risk,100.0,Critical Risk,990181.0
CUST01095,40,62806,542,Salaried,72240,48,1,125,18,56080,1,3,3,3,9,Loyal,65.7,High Risk,2281397.0
CUST01096,53,66203,572,Salaried,308021,24,1,40,6,39152,1,4,1,2,7,At Risk,100.0,Critical Risk,1120822.0
CUST01097,54,77752,736,Business,135659,48,1,93,7,39628,0,3,1,2,6,At Risk,60.8,High Risk,781850.0
CUST01098,37,25852,708,Business,244877,36,2,289,23,59059,1,1,4,4,9,Loyal,100.0,Critical Risk,1523196.0
CUST01099,66,37609,755,Business,146934,24,0,209,19,21805,1,2,3,1,6,At Risk,100.0,Critical Risk,615958.0
CUST01100,64,31444,778,Self-Employed,106093,36,1,333,2,62375,0,1,1,4,6,At Risk,100.0,Critical Risk,123231.0
CUST01101,58,54195,715,Self-Employed,251771,24,0,5,15,13860,1,4,2,1,7,At Risk,100.0,Critical Risk,1828518.0
CUST01102,52,57295,743,Salaried,167960,36,3,223,23,36084,1,2,4,2,8,Loyal,100.0,Critical Risk,1167342.0
CUST01103,37,19765,686,Business,194521,36,1,183,25,56262,1,2,4,3,9,Loyal,100.0,Critical Risk,2338910.0
CUST01104,37,53451,616,Salaried,268746,36,0,293,20,52500,1,1,3,3,7,At Risk,100.0,Critical Risk,1163126.0
CUST01105,33,76222,850,Self-Employed,224151,60,2,233,3,63211,1,2,1,4,7,At Risk,98.0,Critical Risk,256831.0
CUST01106,31,48160,708,Freelance,328169,60,1,131,19,7040,1,3,3,1,7,At Risk,100.0,Critical Risk,291477.0
CUST01107,57,57379,787,Salaried,208308,12,2,45,14,10201,1,4,2,1,7,At Risk,100.0,Critical Risk,639596.0
CUST01108,38,44536,681,Salaried,157142,24,2,31,27,16198,1,4,4,1,9,Loyal,100.0,Critical Risk,2364908.0
CUST01109,54,51257,774,Freelance,198117,36,3,21,29,21604,1,4,4,1,9,Loyal,100.0,Critical Risk,3977015.0
CUST01110,34,55330,644,Self-Employed,83262,60,1,244,4,53443,1,2,1,3,6,At Risk,75.1,Critical Risk,278170.0
CUST01111,36,73214,699,Salaried,20000,60,0,68,3,36518,0,4,1,2,7,At Risk,22.0,Low Risk,382653.0
CUST01112,33,43397,696,Business,111431,36,0,17,5,22648,0,4,1,1,6,At Risk,64.0,High Risk,772572.0
CUST01113,51,64754,735,Salaried,233289,60,1,94,5,66554,1,3,1,4,8,Loyal,98.1,Critical Risk,930736.0
CUST01114,57,51573,703,Self-Employed,127087,12,0,336,22,79497,0,1,3,4,8,Loyal,87.6,Critical Risk,1713721.0
CUST01115,40,43717,655,Salaried,105627,24,1,85,29,70202,1,4,4,4,12,Champions,79.5,Critical Risk,6115952.0
CUST01116,38,41666,577,Salaried,178597,36,1,112,14,5000,1,3,2,1,6,At Risk,100.0,Critical Risk,172054.0
CUST01117,67,93537,597,Business,132827,24,0,95,15,28281,1,3,2,1,6,At Risk,54.6,High Risk,1177479.0
CUST01118,43,41606,677,Self-Employed,20000,60,2,226,12,101872,1,2,2,4,8,Loyal,60.8,High Risk,1699807.0
CUST01119,47,70214,593,Self-Employed,303916,24,1,175,9,50458,1,3,2,3,8,Loyal,100.0,Critical Risk,783709.0
CUST01120,56,47117,781,Salaried,249976,12,0,278,8,53472,0,1,2,3,6,At Risk,100.0,Critical Risk,496465.0
CUST01121,32,41890,612,Salaried,287770,36,1,59,27,36116,1,4,4,2,10,Champions,100.0,Critical Risk,3726944.0
CUST01122,49,36884,748,Freelance,118504,24,2,124,11,45212,1,3,2,3,8,Loyal,100.0,Critical Risk,1131004.0
CUST01123,39,68890,699,Salaried,128065,36,0,50,6,52425,0,4,1,3,8,Loyal,52.3,High Risk,1327292.0
CUST01124,29,47051,735,Salaried,235118,36,2,103,24,67546,1,3,4,4,11,Champions,100.0,Critical Risk,4241598.0
CUST01125,44,35583,729,Salaried,210094,36,0,196,21,5000,1,2,3,1,6,At Risk,100.0,Critical Risk,164839.0
CUST01126,60,59406,784,Self-Employed,230804,48,2,17,28,31662,1,4,4,2,10,Champions,100.0,Critical Risk,6048330.0
CUST01127,49,40001,742,Self-Employed,277577,24,0,136,9,21861,1,3,2,1,6,At Risk,100.0,Critical Risk,416309.0
CUST01128,25,81641,676,Business,282132,48,1,34,20,36377,1,4,3,2,9,Loyal,94.6,Critical Risk,3766696.0
CUST01129,35,60206,743,Self-Employed,292747,60,0,298,17,33072,0,1,3,2,6,At Risk,100.0,Critical Risk,613488.0
CUST01130,31,36190,683,Freelance,179017,24,2,260,13,31195,1,2,2,2,6,At Risk,100.0,Critical Risk,499225.0
CUST01131,47,24668,809,Salaried,193182,60,0,116,1,58674,0,3,1,4,8,Loyal,100.0,Critical Risk,140433.0
CUST01132,36,44406,561,Self-Employed,122691,48,1,279,26,49753,1,1,4,3,8,Loyal,100.0,Critical Risk,1496532.0
CUST01133,35,56288,550,Salaried,20000,12,0,11,9,57955,1,4,2,3,9,Loyal,29.8,Medium Risk,4008046.0
CUST01134,63,56782,706,Self-Employed,105593,36,3,275,5,42259,1,1,1,2,4,Lost,100.0,Critical Risk,247585.0
CUST01135,30,82737,628,Freelance,213921,24,1,116,16,41821,1,3,3,2,8,Loyal,87.4,Critical Risk,1601539.0
CUST01136,62,56052,796,Business,244827,48,0,7,8,21699,0,4,2,1,7,At Risk,91.9,Critical Risk,1456577.0
CUST01137,60,43887,605,Salaried,183452,48,1,332,6,41766,1,1,1,2,4,Lost,100.0,Critical Risk,248216.0
CUST01138,42,75245,527,Self-Employed,225244,48,1,353,9,73187,1,1,2,4,7,At Risk,100.0,Critical Risk,617251.0
CUST01139,52,31858,653,Salaried,286047,12,2,286,3,86188,1,1,1,4,6,At Risk,100.0,Critical Risk,292638.0
CUST01140,61,38331,768,Salaried,247319,12,1,29,1,5000,1,4,1,1,6,At Risk,100.0,Critical Risk,27863.0
CUST01141,42,34833,527,Salaried,35601,24,1,336,24,49554,1,1,4,3,8,Loyal,81.5,Critical Risk,1165350.0
CUST01142,62,74131,620,Business,203190,24,2,134,22,60171,1,3,3,4,10,Champions,100.0,Critical Risk,2833860.0
CUST01143,38,43515,667,Salaried,131984,24,1,290,25,42827,1,1,4,2,7,At Risk,100.0,Critical Risk,1196926.0
CUST01144,54,74584,698,Salaried,272550,24,0,308,20,63835,1,1,3,4,8,Loyal,100.0,Critical Risk,1352672.0
CUST01145,47,41940,765,Salaried,201818,36,1,236,11,9670,0,2,2,1,5,Lost,100.0,Critical Risk,142477.0
CUST01146,25,61431,687,Salaried,102074,24,3,57,19,38300,1,4,3,2,9,Loyal,79.8,Critical Risk,2840754.0
CUST01147,43,38086,766,Freelance,120420,12,1,121,15,72697,0,3,2,4,9,Loyal,89.3,Critical Risk,2527086.0
CUST01148,27,60653,719,Business,146921,24,0,330,11,48630,0,1,2,3,6,At Risk,85.1,Critical Risk,532741.0
CUST01149,55,54314,735,Salaried,203007,48,0,197,8,34920,1,2,2,2,6,At Risk,99.3,Critical Risk,436687.0
CUST01150,30,54147,680,Self-Employed,154787,60,2,156,22,73639,1,3,3,4,10,Champions,100.0,Critical Risk,3071798.0
CUST01151,51,34829,674,Salaried,197500,24,0,52,9,37488,1,4,2,2,8,Loyal,100.0,Critical Risk,1391504.0
CUST01152,35,58144,641,Salaried,86731,36,0,249,8,62497,1,2,2,4,8,Loyal,65.5,High Risk,639199.0
CUST01153,61,62391,713,Salaried,144967,60,2,344,9,75404,1,1,2,4,7,At Risk,100.0,Critical Risk,650991.0
CUST01154,65,80398,676,Salaried,262603,36,1,252,25,49212,1,2,4,3,9,Loyal,100.0,Critical Risk,1556532.0
CUST01155,60,77452,735,Salaried,237132,48,0,120,16,48100,1,3,3,3,9,Loyal,79.5,Critical Risk,1794914.0
CUST01156,51,55544,654,Salaried,237174,48,1,109,9,41166,1,3,2,2,7,At Risk,100.0,Critical Risk,929418.0
CUST01157,55,61205,652,Freelance,290174,60,3,269,1,65771,1,2,1,4,7,At Risk,100.0,Critical Risk,78581.0
CUST01158,34,54910,771,Salaried,284778,12,0,218,12,47087,1,2,2,3,7,At Risk,100.0,Critical Risk,810377.0
CUST01159,62,65670,678,Freelance,203247,24,1,9,20,23055,1,4,3,1,8,Loyal,85.1,Critical Risk,3698934.0
CUST01160,33,80269,701,Self-Employed,51377,12,0,71,10,27267,0,4,2,1,7,At Risk,29.5,Medium Risk,925810.0
CUST01161,23,60960,816,Business,131746,48,1,49,27,27361,0,4,4,1,9,Loyal,59.7,High Risk,3153715.0
CUST01162,43,85269,624,Salaried,231275,24,3,282,1,62327,1,1,1,4,6,At Risk,100.0,Critical Risk,71427.0
CUST01163,49,34499,724,Salaried,246432,36,3,282,2,42814,1,1,1,2,4,Lost,100.0,Critical Risk,98129.0
CUST01164,63,68898,687,Freelance,150782,24,0,143,16,63796,1,3,3,4,10,Champions,67.4,High Risk,2075591.0
CUST01165,50,46398,692,Salaried,164927,12,1,114,25,20030,1,3,4,1,8,Loyal,100.0,Critical Risk,1214444.0
CUST01166,55,76674,750,Salaried,129973,24,3,115,18,38922,1,3,3,2,8,Loyal,80.6,Critical Risk,1687905.0
CUST01167,23,89935,527,Freelance,128579,60,0,132,14,76033,1,3,2,4,9,Loyal,62.9,High Risk,2305808.0
CUST01168,34,42779,587,Freelance,229013,12,0,348,9,24069,1,1,2,1,4,Lost,100.0,Critical Risk,205635.0
CUST01169,47,58357,654,Salaried,162319,24,1,264,3,45967,1,2,1,3,6,At Risk,100.0,Critical Risk,167500.0
CUST01170,28,68134,734,Business,378669,36,0,217,27,38084,1,2,4,2,8,Loyal,100.0,Critical Risk,1480544.0
CUST01171,57,56093,850,Self-Employed,183491,48,0,299,4,51174,0,1,1,3,5,Lost,90.0,Critical Risk,222695.0
CUST01172,32,44444,570,Salaried,105445,48,1,235,27,64109,1,2,4,4,10,Champions,97.1,Critical Risk,2327050.0
CUST01173,67,28343,680,Self-Employed,171512,48,1,65,20,48010,1,4,3,3,10,Champions,100.0,Critical Risk,3452936.0
CUST01174,47,65948,696,Salaried,136397,12,1,52,7,52693,1,4,1,3,8,Loyal,66.8,High Risk,1521250.0
CUST01175,41,68383,712,Business,170243,48,0,186,10,27148,1,2,2,1,5,Lost,75.1,Critical Risk,445349.0
CUST01176,44,68474,705,Self-Employed,184837,24,2,211,16,41876,1,2,3,2,7,At Risk,100.0,Critical Risk,988104.0
CUST01177,39,57275,725,Salaried,20000,60,0,114,8,42254,0,3,2,2,7,At Risk,25.4,Medium Risk,819812.0
CUST01178,60,55042,742,Freelance,201467,12,1,326,14,55698,1,1,2,3,6,At Risk,100.0,Critical Risk,785150.0
CUST01179,51,64298,738,Salaried,163112,60,3,46,20,31735,1,4,3,2,9,Loyal,92.7,Critical Risk,2808067.0
CUST01180,54,15567,724,Salaried,195010,48,1,37,11,65173,1,4,2,4,10,Champions,100.0,Critical Risk,3560131.0
CUST01181,28,58935,687,Salaried,235137,24,0,149,15,5000,1,3,2,1,6,At Risk,100.0,Critical Risk,147574.0
CUST01182,38,41878,495,Salaried,293770,12,0,191,25,8184,1,2,4,1,7,At Risk,100.0,Critical Risk,328259.0
CUST01183,35,71690,620,Salaried,207852,24,1,105,14,31802,1,3,2,2,7,At Risk,93.3,Critical Risk,1148468.0
CUST01184,36,95432,674,Self-Employed,247730,12,0,71,24,30382,1,4,4,1,9,Loyal,70.6,High Risk,2475780.0
CUST01185,23,42701,850,Business,206182,60,0,227,9,42309,0,2,2,2,6,At Risk,100.0,Critical Risk,527458.0
CUST01186,52,60222,701,Business,100443,12,1,236,20,42949,1,2,3,2,7,At Risk,73.6,High Risk,1150560.0
CUST01187,39,32401,816,Salaried,61201,36,2,29,7,38513,0,4,1,2,7,At Risk,62.6,High Risk,1502301.0
CUST01188,56,90784,696,Salaried,153342,24,1,327,29,55988,1,1,4,3,8,Loyal,81.9,Critical Risk,1630352.0
CUST01189,55,63176,590,Self-Employed,320988,24,3,2,25,40392,1,4,4,2,10,Champions,100.0,Critical Risk,9573429.0
CUST01190,22,69753,661,Business,199434,36,1,67,6,34985,1,4,1,2,7,At Risk,86.4,Critical Risk,740262.0
CUST01191,41,37557,750,Salaried,150590,60,0,209,4,46836,0,2,1,3,6,At Risk,100.0,Critical Risk,278536.0
CUST01192,64,24335,690,Salaried,129565,12,0,121,18,53231,1,3,3,3,9,Loyal,100.0,Critical Risk,2220493.0
CUST01193,50,24957,658,Self-Employed,365054,48,1,272,20,62523,1,2,3,4,9,Loyal,100.0,Critical Risk,1479475.0
CUST01194,27,33556,825,Business,134434,36,0,8,20,26401,0,4,3,1,8,Loyal,82.6,Critical Risk,4330951.0
CUST01195,42,57869,666,Salaried,85120,48,2,114,14,51633,1,3,2,3,8,Loyal,72.2,High Risk,1753120.0
CUST01196,41,27526,686,Salaried,107137,24,1,113,23,59619,1,3,4,4,11,Champions,100.0,Critical Risk,3347836.0
CUST01197,62,68329,546,Freelance,126530,12,0,326,12,51347,1,1,2,3,6,At Risk,85.9,Critical Risk,620413.0
CUST01198,23,35491,588,Freelance,87457,60,3,312,27,26127,1,1,4,1,6,At Risk,100.0,Critical Risk,738828.0
CUST01199,67,30965,680,Business,164912,12,3,2,3,44397,1,4,1,2,7,At Risk,100.0,Critical Risk,1262720.0
CUST01200,37,78503,665,Self-Employed,164274,36,0,81,24,19087,1,4,4,1,9,Loyal,62.0,High Risk,1422997.0
CUST01201,37,49063,543,Salaried,174059,24,0,76,24,50716,1,4,4,3,11,Champions,99.5,Critical Risk,3949086.0
CUST01202,39,39490,689,Self-Employed,20000,12,3,281,7,33595,1,1,1,2,4,Lost,74.9,High Risk,270347.0
CUST01203,31,56435,660,Salaried,104614,24,0,330,10,64999,0,1,2,4,7,At Risk,78.0,Critical Risk,647330.0
CUST01204,47,49508,850,Business,73452,12,0,273,8,31929,0,1,2,2,5,Lost,52.1,High Risk,301236.0
CUST01205,55,49518,850,Self-Employed,125592,60,1,159,14,45106,0,3,2,2,7,At Risk,73.8,High Risk,1178985.0
CUST01206,24,78633,744,Salaried,201500,48,2,167,14,31836,1,3,2,2,7,At Risk,92.7,Critical Risk,799420.0
CUST01207,60,27292,578,Self-Employed,64319,12,0,177,28,60876,1,3,4,4,11,Champions,81.5,Critical Risk,2914064.0
CUST01208,22,40729,835,Salaried,131804,48,2,242,27,26264,0,2,4,1,7,At Risk,100.0,Critical Risk,929378.0
CUST01209,50,62192,750,Salaried,259584,12,0,125,23,9676,0,3,4,1,8,Loyal,100.0,Critical Risk,502972.0
CUST01210,22,40343,624,Salaried,155947,60,1,320,3,43651,1,1,1,2,4,Lost,100.0,Critical Risk,134075.0
CUST01211,30,32553,715,Business,133441,12,1,182,23,36997,1,2,4,2,8,Loyal,100.0,Critical Risk,1421464.0
CUST01212,28,30567,736,Salaried,291830,60,3,239,15,61550,1,2,2,4,8,Loyal,100.0,Critical Risk,1223181.0
CUST01213,50,49451,764,Salaried,20000,60,3,163,2,53021,1,3,1,3,7,At Risk,57.7,High Risk,194012.0
CUST01214,50,47399,641,Business,20000,60,0,70,9,19951,1,4,2,1,7,At Risk,29.4,Medium Risk,615390.0
CUST01215,54,57314,751,Salaried,290445,24,1,265,14,50127,1,2,2,3,7,At Risk,100.0,Critical Risk,849582.0
CUST01216,39,57486,766,Salaried,119194,48,0,313,23,81458,0,1,4,4,9,Loyal,73.3,High Risk,1956623.0
CUST01217,43,49980,815,Salaried,174210,48,3,260,21,34462,1,2,3,2,7,At Risk,100.0,Critical Risk,890898.0
CUST01218,55,34739,511,Self-Employed,78978,12,3,105,26,53670,1,3,4,3,10,Champions,100.0,Critical Risk,3599493.0
CUST01219,29,50098,610,Salaried,118999,48,2,297,3,19760,1,1,1,1,3,Lost,100.0,Critical Risk,64879.0
CUST01220,26,59956,850,Salaried,286684,36,1,295,10,48614,0,1,2,3,6,At Risk,100.0,Critical Risk,535267.0
CUST01221,27,79240,662,Business,178204,48,0,267,21,40995,1,2,3,2,7,At Risk,80.6,Critical Risk,1035343.0
CUST01222,59,42664,832,Salaried,193167,48,1,333,1,72285,0,1,1,4,6,At Risk,100.0,Critical Risk,71405.0
CUST01223,52,44271,780,Salaried,87954,60,2,18,28,59587,0,4,4,4,12,Champions,66.3,High Risk,11173929.0
CUST01224,51,32685,576,Freelance,195074,36,1,124,12,5000,1,3,2,1,6,At Risk,100.0,Critical Risk,136449.0
CUST01225,55,64875,603,Business,156934,60,1,119,19,57383,1,3,3,3,9,Loyal,86.1,Critical Risk,2559171.0
CUST01226,27,72654,720,Salaried,144171,60,0,280,27,47481,0,1,4,3,8,Loyal,72.2,High Risk,1478437.0
CUST01227,46,43696,626,Business,41407,48,0,12,6,68092,0,4,1,4,9,Loyal,36.2,Medium Risk,3074670.0
CUST01228,22,60840,613,Freelance,204248,24,0,102,9,74663,1,3,2,4,9,Loyal,92.8,Critical Risk,1770888.0
CUST01229,61,32870,742,Freelance,71684,12,0,261,8,23948,1,2,2,1,5,Lost,72.9,High Risk,235053.0
CUST01230,38,47797,721,Business,183139,60,1,79,16,37507,1,4,3,2,9,Loyal,100.0,Critical Risk,1896458.0
CUST01231,38,15000,615,Salaried,289122,24,0,114,9,27138,1,3,2,1,6,At Risk,100.0,Critical Risk,592348.0
CUST01232,34,40150,667,Self-Employed,233399,48,0,361,4,38719,1,1,1,2,4,Lost,100.0,Critical Risk,142213.0
CUST01233,44,64960,724,Business,203147,12,1,107,24,90540,1,3,4,4,11,Champions,90.5,Critical Risk,5527041.0
CUST01234,25,60434,760,Self-Employed,154677,60,0,330,2,55181,0,1,1,3,5,Lost,84.9,Critical Risk,109910.0
CUST01235,42,69995,710,Freelance,122048,36,1,233,15,33068,1,2,2,2,6,At Risk,74.2,High Risk,671790.0
CUST01236,26,69695,790,Self-Employed,135341,12,1,18,26,41801,0,4,4,2,10,Champions,54.7,High Risk,7278743.0
CUST01237,28,50517,614,Self-Employed,322663,24,3,271,2,21877,1,2,1,1,4,Lost,100.0,Critical Risk,51936.0
CUST01238,59,79994,705,Self-Employed,164332,24,0,57,23,49698,1,4,4,3,11,Champions,56.3,High Risk,4462189.0
CUST01239,36,36390,710,Self-Employed,196494,48,1,165,9,56626,1,3,2,3,8,Loyal,100.0,Critical Risk,923158.0
CUST01240,28,32489,614,Salaried,30152,48,1,171,16,70539,1,3,3,4,10,Champions,59.8,High Risk,1985290.0
CUST01241,29,67907,815,Business,248912,12,1,251,19,44971,1,2,3,2,7,At Risk,100.0,Critical Risk,1084779.0
CUST01242,28,50036,620,Salaried,121772,12,0,78,29,30233,1,4,4,1,9,Loyal,71.8,High Risk,2794902.0
CUST01243,59,58185,679,Salaried,139018,48,2,207,16,45596,1,2,3,3,8,Loyal,97.2,Critical Risk,1093555.0
CUST01244,55,56828,791,Self-Employed,80085,24,2,244,17,33709,0,2,3,2,7,At Risk,72.5,High Risk,745684.0
CUST01245,33,40250,537,Salaried,62150,36,2,281,18,57551,1,1,3,3,7,At Risk,96.7,Critical Risk,1190898.0
CUST01246,46,62342,690,Salaried,83821,60,1,45,24,57255,1,4,4,3,11,Champions,52.2,High Risk,6154034.0
CUST01247,37,32743,691,Self-Employed,236298,12,0,85,20,57887,1,4,3,3,10,Champions,100.0,Critical Risk,3477984.0
CUST01248,67,34114,555,Self-Employed,215043,36,2,243,1,12234,1,2,1,1,4,Lost,100.0,Critical Risk,15976.0
CUST01249,65,58461,663,Salaried,86538,12,0,238,23,36206,0,2,4,2,8,Loyal,62.8,High Risk,1107284.0
CUST01250,37,59818,698,Freelance,142659,24,2,364,25,34136,1,1,4,2,7,At Risk,100.0,Critical Risk,777755.0
CUST01251,37,22512,550,Salaried,185264,60,1,327,29,64545,1,1,4,4,9,Loyal,100.0,Critical Risk,1879529.0
CUST01252,23,62900,702,Business,275166,36,1,115,23,60672,1,3,4,4,11,Champions,100.0,Critical Risk,3361990.0
CUST01253,29,45610,652,Salaried,69753,12,1,150,24,51422,1,3,4,3,10,Champions,67.3,High Risk,2415318.0
CUST01254,55,16045,696,Salaried,133482,36,0,76,13,59700,1,4,2,4,10,Champions,100.0,Critical Risk,2518013.0
CUST01255,51,50830,674,Salaried,242493,24,2,183,3,83508,1,2,1,4,7,At Risk,100.0,Critical Risk,416589.0
CUST01256,48,45684,711,Freelance,363591,36,2,148,17,48209,1,3,3,3,9,Loyal,100.0,Critical Risk,1621338.0
CUST01257,49,22050,597,Self-Employed,218230,48,1,3,20,49122,1,4,3,3,10,Champions,100.0,Critical Risk,9078243.0
CUST01258,36,39642,808,Salaried,250439,12,1,244,25,67255,1,2,4,4,10,Champions,100.0,Critical Risk,2187885.0
CUST01259,25,26923,709,Salaried,355663,24,2,70,16,42564,1,4,3,2,9,Loyal,100.0,Critical Risk,2334026.0
CUST01260,49,36820,722,Salaried,179316,48,0,119,15,46612,1,3,2,3,8,Loyal,100.0,Critical Risk,1641162.0
CUST01261,38,86926,647,Business,228127,12,1,235,5,13720,1,2,1,1,4,Lost,96.6,Critical Risk,92225.0
CUST01262,62,53546,744,Salaried,327494,24,3,86,19,51620,1,4,3,3,10,Champions,100.0,Critical Risk,2922324.0
CUST01263,34,40062,630,Freelance,194236,36,2,319,19,64385,1,1,3,4,8,Loyal,100.0,Critical Risk,1256006.0
CUST01264,38,17008,705,Salaried,168916,60,1,241,12,9307,1,2,2,1,5,Lost,100.0,Critical Risk,146900.0
CUST01265,29,76041,540,Self-Employed,336737,24,1,219,17,28648,1,2,3,1,6,At Risk,100.0,Critical Risk,695737.0
CUST01266,59,64619,850,Self-Employed,87898,24,0,43,2,58009,0,4,1,3,8,Loyal,30.7,Medium Risk,532661.0
CUST01267,29,27890,570,Business,165570,12,0,297,25,56551,1,1,4,3,8,Loyal,100.0,Critical Risk,1547310.0
CUST01268,35,67585,845,Business,287980,60,0,100,19,32143,0,3,3,2,8,Loyal,93.8,Critical Risk,1633053.0
CUST01269,33,15319,620,Self-Employed,148551,36,2,107,9,44242,1,3,2,2,7,At Risk,100.0,Critical Risk,1012787.0
CUST01270,40,62292,706,Salaried,142135,24,0,115,27,27914,0,3,4,1,8,Loyal,65.6,High Risk,1815792.0
CUST01271,31,50353,739,Salaried,71842,36,1,334,1,47888,1,1,1,3,5,Lost,74.1,High Risk,47177.0
CUST01272,66,37652,751,Self-Employed,247771,36,0,125,22,51458,1,3,3,3,9,Loyal,100.0,Critical Risk,2558562.0
CUST01273,31,49504,661,Freelance,367546,48,0,65,17,45966,1,4,3,3,10,Champions,100.0,Critical Risk,2810040.0
CUST01274,24,38217,748,Salaried,183390,12,0,178,17,39271,1,3,3,2,8,Loyal,100.0,Critical Risk,1136021.0
CUST01275,55,59724,638,Self-Employed,434611,60,1,78,3,39385,1,4,1,2,7,At Risk,100.0,Critical Risk,376651.0
CUST01276,26,71508,804,Salaried,312862,24,1,80,29,58955,1,4,4,4,12,Champions,100.0,Critical Risk,5356555.0
CUST01277,24,61581,681,Business,168092,48,1,326,29,29308,1,1,4,1,6,At Risk,100.0,Critical Risk,855794.0
CUST01278,52,56787,653,Freelance,184317,60,0,248,23,40292,1,2,4,2,8,Loyal,99.6,Critical Risk,1188933.0
CUST01279,46,64623,622,Salaried,161766,24,1,329,5,56590,1,1,1,3,5,Lost,100.0,Critical Risk,282563.0
CUST01280,27,96011,826,Self-Employed,159036,24,2,33,27,47567,0,4,4,3,11,Champions,57.6,High Risk,6744932.0
CUST01281,24,59688,595,Business,103854,12,1,88,4,41546,1,4,1,2,7,At Risk,70.6,High Risk,487206.0
CUST01282,30,77832,634,Business,60307,36,2,214,27,9026,1,2,4,1,7,At Risk,68.8,High Risk,355095.0
CUST01283,24,51689,660,Business,232715,12,1,285,7,57755,1,1,1,3,5,Lost,100.0,Critical Risk,458986.0
CUST01284,46,86220,720,Salaried,81305,60,1,105,20,57230,0,3,3,3,9,Loyal,46.9,Medium Risk,2952502.0
CUST01285,46,16199,795,Freelance,308570,48,1,142,9,59759,1,3,2,4,9,Loyal,100.0,Critical Risk,1099766.0
CUST01286,60,59868,759,Freelance,171898,48,0,312,11,86079,0,1,2,4,7,At Risk,89.7,Critical Risk,991699.0
CUST01287,32,68241,697,Salaried,203301,24,2,248,13,32959,1,2,2,2,6,At Risk,100.0,Critical Risk,549703.0
CUST01288,47,32371,678,Salaried,252386,36,1,54,23,5000,1,4,4,1,9,Loyal,100.0,Critical Risk,463812.0
CUST01289,29,53061,610,Self-Employed,78423,36,0,82,15,72811,1,4,2,4,10,Champions,53.8,High Risk,3364053.0
CUST01290,45,100261,814,Self-Employed,288625,60,0,56,7,22925,0,4,1,1,6,At Risk,64.8,High Risk,633226.0
CUST01291,41,73657,692,Business,297568,24,1,278,15,50177,1,1,2,3,6,At Risk,100.0,Critical Risk,873511.0
CUST01292,24,49178,707,Salaried,92251,36,1,68,18,24019,1,4,3,1,8,Loyal,63.5,High Risk,1510094.0
CUST01293,31,47281,711,Self-Employed,101715,12,1,269,7,76956,1,2,1,4,7,At Risk,85.2,Critical Risk,643609.0
CUST01294,59,40876,646,Salaried,204705,24,0,224,25,64671,1,2,4,4,10,Champions,100.0,Critical Risk,2265347.0
CUST01295,65,46578,793,Self-Employed,108454,36,0,309,24,39576,0,1,4,2,7,At Risk,76.1,Critical Risk,1003432.0
CUST01296,43,67906,637,Salaried,176839,12,0,60,1,38609,1,4,1,2,7,At Risk,72.5,High Risk,146034.0
CUST01297,30,42644,665,Salaried,173069,48,1,7,8,69057,1,4,2,4,10,Champions,100.0,Critical Risk,4635550.0
CUST01298,53,40982,712,Salaried,105063,36,0,272,21,37371,0,2,3,2,7,At Risk,83.7,Critical Risk,928521.0
CUST01299,49,67339,623,Salaried,138978,48,3,22,16,57364,1,4,3,3,10,Champions,89.6,Critical Risk,5726594.0
CUST01300,24,40379,644,Self-Employed,216404,48,2,358,24,66195,1,1,4,4,9,Loyal,100.0,Critical Risk,1469881.0
CUST01301,43,49198,492,Freelance,155420,60,1,31,4,55485,1,4,1,3,8,Loyal,100.0,Critical Risk,1200120.0
CUST01302,46,36686,634,Freelance,49727,60,0,285,27,52624,1,1,4,3,8,Loyal,66.2,High Risk,1613093.0
CUST01303,25,44768,600,Salaried,216381,48,2,38,13,39114,1,4,2,2,8,Loyal,100.0,Critical Risk,2491221.0
CUST01304,44,52370,749,Salaried,194001,24,1,57,27,39390,1,4,4,2,10,Champions,96.1,Critical Risk,4151748.0
CUST01305,51,48820,755,Freelance,150200,48,0,159,11,6717,0,3,2,1,6,At Risk,81.5,Critical Risk,137948.0
CUST01306,63,42752,707,Salaried,117976,60,2,251,14,43317,1,2,2,2,6,At Risk,100.0,Critical Risk,769913.0
CUST01307,57,54657,738,Salaried,23131,24,2,29,29,54847,0,4,4,3,11,Champions,39.0,Medium Risk,8863443.0
CUST01308,47,57379,534,Salaried,175276,60,0,37,22,27916,1,4,3,1,8,Loyal,87.1,Critical Risk,3049870.0
CUST01309,52,43566,601,Salaried,215933,60,2,319,26,30757,1,1,4,1,6,At Risk,100.0,Critical Risk,821052.0
CUST01310,30,35342,817,Salaried,225954,24,1,123,25,22330,0,3,4,1,8,Loyal,100.0,Critical Risk,1277500.0
CUST01311,44,47039,789,Salaried,182187,36,0,224,11,14738,0,2,2,1,5,Lost,100.0,Critical Risk,227152.0
CUST01312,28,84972,767,Salaried,120550,48,1,363,22,66554,0,1,3,4,8,Loyal,74.2,High Risk,1337744.0
CUST01313,27,65457,627,Self-Employed,303476,36,0,337,13,28765,1,1,2,1,4,Lost,100.0,Critical Risk,365435.0
CUST01314,45,26809,766,Salaried,159917,60,0,42,22,13195,0,4,3,1,8,Loyal,100.0,Critical Risk,1349756.0
CUST01315,54,37056,559,Salaried,143648,12,1,52,19,43645,1,4,3,2,9,Loyal,100.0,Critical Risk,3420091.0
CUST01316,65,46553,713,Salaried,213080,24,2,250,10,5000,1,2,2,1,5,Lost,100.0,Critical Risk,63700.0
CUST01317,67,60568,730,Self-Employed,219125,12,2,132,10,16206,1,3,2,1,6,At Risk,100.0,Critical Risk,351050.0
CUST01318,53,47519,820,Business,246688,24,0,327,8,62356,0,1,2,4,7,At Risk,100.0,Critical Risk,500907.0
CUST01319,64,52244,710,Salaried,176313,48,0,123,26,23481,1,3,4,1,8,Loyal,87.8,Critical Risk,1397083.0
CUST01320,26,84788,652,Self-Employed,165288,48,3,105,10,66356,1,3,2,4,9,Loyal,92.0,Critical Risk,1711657.0
CUST01321,38,58989,637,Business,131626,24,1,326,11,27175,1,1,2,1,4,Lost,96.9,Critical Risk,300987.0
CUST01322,24,51364,717,Self-Employed,135183,12,1,51,4,40493,1,4,1,2,7,At Risk,76.5,Critical Risk,675655.0
CUST01323,27,84901,610,Self-Employed,160580,24,1,347,14,58540,1,1,2,4,7,At Risk,93.8,Critical Risk,780025.0
CUST01324,44,44187,850,Business,97244,48,2,201,22,99557,0,2,3,4,9,Loyal,80.5,Critical Risk,3366075.0
CUST01325,51,63148,578,Salaried,289171,36,2,152,8,42560,1,3,2,2,7,At Risk,100.0,Critical Risk,659285.0
CUST01326,46,45964,711,Salaried,94439,36,1,278,29,19725,1,1,4,1,6,At Risk,84.1,Critical Risk,663876.0
CUST01327,42,69465,672,Self-Employed,115714,24,0,245,22,26098,0,2,3,1,6,At Risk,66.4,High Risk,744465.0
CUST01328,42,70427,611,Salaried,106077,48,2,272,5,57503,1,2,1,3,6,At Risk,89.9,Critical Risk,340172.0
CUST01329,40,30762,697,Freelance,237270,12,1,191,14,29373,1,2,2,1,5,Lost,100.0,Critical Risk,659763.0
CUST01330,23,44458,718,Self-Employed,162213,24,3,96,2,18203,1,3,1,1,5,Lost,100.0,Critical Risk,100288.0
CUST01331,36,45549,694,Self-Employed,161991,24,0,347,1,38078,1,1,1,2,4,Lost,100.0,Critical Risk,36241.0
CUST01332,46,47028,628,Salaried,209379,36,1,9,10,56178,1,4,2,3,9,Loyal,100.0,Critical Risk,4506587.0
CUST01333,27,36856,730,Self-Employed,73773,48,0,228,8,50794,0,2,2,3,7,At Risk,67.5,High Risk,560750.0
CUST01334,63,58709,752,Salaried,89374,48,1,298,17,5000,1,1,3,1,5,Lost,72.1,High Risk,92750.0
CUST01335,54,68619,602,Salaried,20000,36,1,238,4,77955,1,2,1,4,7,At Risk,53.4,High Risk,414624.0
CUST01336,26,89090,552,Business,261418,36,2,134,26,44231,1,3,4,2,9,Loyal,100.0,Critical Risk,2461890.0
CUST01337,42,47485,777,Freelance,136863,12,0,316,26,51664,0,1,4,3,8,Loyal,88.9,Critical Risk,1390897.0
CUST01338,53,76349,737,Self-Employed,218828,48,0,332,3,39497,0,1,1,2,4,Lost,92.8,Critical Risk,117366.0
CUST01339,66,29196,711,Self-Employed,123539,60,0,104,7,73772,0,3,1,4,8,Loyal,100.0,Critical Risk,1341548.0
CUST01340,54,61111,640,Freelance,155673,36,0,173,8,48039,1,3,2,3,8,Loyal,80.4,Critical Risk,669565.0
CUST01341,51,15000,679,Self-Employed,363726,48,2,344,6,51787,1,1,1,3,5,Lost,100.0,Critical Risk,298064.0
CUST01342,32,56233,771,Salaried,116174,48,2,279,23,29908,0,1,4,1,6,At Risk,90.0,Critical Risk,795809.0
CUST01343,49,71334,726,Self-Employed,262322,36,0,269,7,61009,0,2,1,4,7,At Risk,100.0,Critical Risk,510239.0
CUST01344,45,67914,793,Business,181959,60,2,300,14,38361,1,1,2,2,5,Lost,100.0,Critical Risk,582540.0
CUST01345,32,40820,642,Salaried,164998,48,1,226,17,15571,1,2,3,1,6,At Risk,100.0,Critical Risk,368069.0
CUST01346,39,52482,745,Self-Employed,294779,60,2,211,16,20665,1,2,3,1,6,At Risk,100.0,Critical Risk,487611.0
CUST01347,62,55384,738,Salaried,181015,60,1,114,3,5000,1,3,1,1,5,Lost,92.9,Critical Risk,36379.0
CUST01348,43,69792,547,Self-Employed,106980,48,3,169,17,52845,1,3,3,3,9,Loyal,96.6,Critical Risk,1595636.0
CUST01349,60,24410,734,Salaried,135230,48,0,337,12,63221,0,1,2,4,7,At Risk,100.0,Critical Risk,741387.0
CUST01350,30,52858,635,Self-Employed,157132,48,1,42,3,57441,1,4,1,3,8,Loyal,88.5,Critical Risk,801247.0
CUST01351,32,60168,701,Salaried,195433,12,0,361,18,15483,1,1,3,1,5,Lost,100.0,Critical Risk,255908.0
CUST01352,25,65811,806,Salaried,75805,36,1,1,17,54159,0,4,3,3,10,Champions,36.3,Medium Risk,8961509.0
CUST01353,52,66636,720,Salaried,209017,60,1,220,1,36111,1,2,1,2,5,Lost,100.0,Critical Risk,51386.0
CUST01354,24,63698,586,Business,162090,24,0,341,29,55821,1,1,4,3,8,Loyal,98.1,Critical Risk,1565206.0
CUST01355,22,45088,850,Salaried,195058,36,0,326,11,73757,0,1,2,4,7,At Risk,100.0,Critical Risk,816922.0
CUST01356,59,52456,767,Salaried,147761,24,0,264,28,44417,0,2,4,2,8,Loyal,84.1,Critical Risk,1510621.0
CUST01357,60,81830,635,Salaried,36564,24,1,105,15,55431,1,3,2,3,8,Loyal,43.2,Medium Risk,2144768.0
CUST01358,58,48471,659,Salaried,154587,12,1,241,21,53738,1,2,3,3,8,Loyal,100.0,Critical Risk,1484331.0
CUST01359,43,34058,718,Salaried,330446,36,0,254,25,23123,1,2,4,1,7,At Risk,100.0,Critical Risk,726325.0
CUST01360,55,79820,730,Business,247348,48,0,73,11,72315,1,4,2,4,10,Champions,76.7,Critical Risk,2651550.0
CUST01361,45,62554,657,Business,100794,24,0,206,23,30648,1,2,4,1,7,At Risk,63.2,High Risk,1060990.0
CUST01362,27,47958,654,Self-Employed,143608,36,0,52,3,51646,1,4,1,3,8,Loyal,78.4,Critical Risk,639010.0
CUST01363,41,51706,621,Salaried,137740,60,1,245,18,54440,1,2,3,3,8,Loyal,100.0,Critical Risk,1270589.0
CUST01364,62,61222,612,Salaried,243707,12,1,237,8,40605,1,2,2,2,6,At Risk,100.0,Critical Risk,433516.0
CUST01365,24,46547,744,Salaried,220853,36,0,194,7,61538,1,2,1,4,7,At Risk,100.0,Critical Risk,682124.0
CUST01366,48,28643,679,Salaried,243106,12,1,74,18,28369,1,4,3,1,8,Loyal,100.0,Critical Risk,1686736.0
CUST01367,27,65678,785,Salaried,327493,60,3,183,21,24083,1,2,3,1,6,At Risk,100.0,Critical Risk,840985.0
CUST01368,33,69473,671,Business,194817,12,1,223,8,35598,1,2,2,2,6,At Risk,97.4,Critical Risk,400563.0
CUST01369,60,65217,597,Salaried,215820,24,0,232,16,105786,1,2,3,4,9,Loyal,100.0,Critical Risk,2300895.0
CUST01370,55,36308,807,Self-Employed,385726,12,1,164,14,18703,1,3,2,1,6,At Risk,100.0,Critical Risk,476670.0
CUST01371,42,68262,617,Self-Employed,240617,12,2,302,10,48323,1,1,2,3,6,At Risk,100.0,Critical Risk,521060.0
CUST01372,25,29509,562,Salaried,227470,12,1,299,17,45883,1,1,3,3,7,At Risk,100.0,Critical Risk,848596.0
CUST01373,26,37982,745,Salaried,184462,60,2,91,23,44289,1,4,4,2,10,Champions,100.0,Critical Risk,2916127.0
CUST01374,28,66710,612,Salaried,338019,24,1,170,21,59697,1,3,3,4,10,Champions,100.0,Critical Risk,2215872.0
CUST01375,45,86602,684,Salaried,217363,24,3,205,25,45399,1,2,4,3,9,Loyal,100.0,Critical Risk,1715387.0
CUST01376,37,31874,738,Salaried,237355,60,0,151,8,69353,0,3,2,4,9,Loyal,100.0,Critical Risk,1080057.0
CUST01377,51,61469,850,Salaried,168664,24,2,302,28,77781,1,1,4,4,9,Loyal,99.7,Critical Risk,2348366.0
CUST01378,58,43853,703,Business,92209,60,1,66,26,22263,1,4,4,1,9,Loyal,68.2,High Risk,2061228.0
CUST01379,29,46773,690,Salaried,315092,24,0,10,29,70851,1,4,4,4,12,Champions,100.0,Critical Risk,16128125.0
CUST01380,60,52375,719,Self-Employed,272535,24,0,62,8,67087,1,4,2,4,10,Champions,100.0,Critical Risk,1988772.0
CUST01381,67,45964,707,Freelance,20000,12,2,291,23,54555,1,1,4,3,8,Loyal,63.0,High Risk,1398440.0
CUST01382,65,70885,670,Salaried,241888,60,2,248,5,32052,1,2,1,2,5,Lost,100.0,Critical Risk,205606.0
CUST01383,28,55262,662,Salaried,167746,12,0,302,24,51779,1,1,4,3,8,Loyal,99.2,Critical Risk,1339982.0
CUST01384,33,60744,625,Salaried,20000,36,3,215,14,49706,1,2,2,3,7,At Risk,70.6,High Risk,1009931.0
CUST01385,27,41919,581,Business,144286,12,1,92,19,55059,1,3,3,3,9,Loyal,100.0,Critical Risk,2971472.0
CUST01386,46,54925,644,Salaried,89283,24,1,359,2,61534,1,1,1,4,6,At Risk,87.0,Critical Risk,113577.0
CUST01387,51,69244,612,Salaried,212310,48,0,136,16,42631,1,3,3,2,8,Loyal,89.8,Critical Risk,1443276.0
CUST01388,32,83285,662,Salaried,285270,60,2,272,4,39062,1,2,1,2,5,Lost,100.0,Critical Risk,184864.0
CUST01389,51,33789,713,Business,171178,36,2,324,28,49727,1,1,4,3,8,Loyal,100.0,Critical Risk,1409736.0
CUST01390,64,38573,614,Self-Employed,133772,36,2,47,17,11279,1,4,3,1,8,Loyal,100.0,Critical Risk,838158.0
CUST01391,58,43079,635,Self-Employed,83857,12,0,42,29,31194,0,4,4,2,10,Champions,58.0,High Risk,4206223.0
CUST01392,47,33264,769,Self-Employed,305224,12,0,6,25,61472,1,4,4,4,12,Champions,100.0,Critical Risk,13198400.0
CUST01393,32,67058,834,Business,129029,48,0,162,6,86510,0,3,1,4,8,Loyal,53.0,High Risk,954443.0
CUST01394,44,46542,818,Business,187554,48,1,110,10,16246,0,3,2,1,6,At Risk,100.0,Critical Risk,404764.0
CUST01395,38,79995,508,Salaried,176615,48,0,172,18,46825,1,3,3,3,9,Loyal,83.2,Critical Risk,1475493.0
CUST01396,38,31873,812,Salaried,215364,60,0,233,24,36281,0,2,4,2,8,Loyal,100.0,Critical Risk,1179301.0
CUST01397,56,57140,772,Freelance,214483,24,2,329,17,74562,1,1,3,4,8,Loyal,100.0,Critical Risk,1265820.0
CUST01398,38,75580,448,Salaried,204446,60,0,251,23,17262,1,2,4,1,7,At Risk,100.0,Critical Risk,504050.0
CUST01399,34,46363,844,Salaried,92591,24,1,147,1,19137,0,3,1,1,5,Lost,62.5,High Risk,38065.0
CUST01400,25,52503,669,Business,197668,12,3,242,24,36718,1,2,4,2,8,Loyal,100.0,Critical Risk,1154936.0
CUST01401,48,78808,739,Self-Employed,173238,48,3,118,20,27685,1,3,3,1,7,At Risk,91.7,Critical Risk,1308094.0
CUST01402,50,33811,650,Salaried,229790,36,0,73,21,78320,1,4,3,4,11,Champions,100.0,Critical Risk,5482400.0
CUST01403,59,41553,641,Self-Employed,161404,48,3,75,9,56886,1,4,2,3,9,Loyal,100.0,Critical Risk,1675969.0
CUST01404,47,57461,556,Self-Employed,277969,24,2,354,26,53438,1,1,4,3,8,Loyal,100.0,Critical Risk,1298660.0
CUST01405,57,73840,831,Self-Employed,168027,48,0,81,23,60011,0,4,4,4,12,Champions,53.6,High Risk,4287594.0
CUST01406,44,42986,532,Self-Employed,104630,24,2,113,13,63020,1,3,2,4,9,Loyal,100.0,Critical Risk,2000200.0
CUST01407,30,76799,742,Business,254069,36,2,107,8,52966,1,3,2,3,8,Loyal,100.0,Critical Risk,1077775.0
CUST01408,23,55869,638,Business,328970,36,0,113,8,16881,1,3,2,1,6,At Risk,100.0,Critical Risk,329716.0
CUST01409,53,28298,628,Business,170813,24,3,300,22,71302,1,1,3,4,8,Loyal,100.0,Critical Risk,1701501.0
CUST01410,63,23474,595,Self-Employed,116231,60,1,2,12,61795,1,4,2,4,10,Champions,100.0,Critical Risk,7030184.0
CUST01411,52,78415,621,Salaried,234419,12,2,339,21,50359,1,1,3,3,7,At Risk,100.0,Critical Risk,1027967.0
CUST01412,50,74385,592,Salaried,160566,12,0,177,13,43076,1,3,2,2,7,At Risk,76.5,Critical Risk,957357.0
CUST01413,26,28383,649,Self-Employed,98265,12,0,261,8,5000,1,2,2,1,5,Lost,100.0,Critical Risk,49076.0
CUST01414,57,68913,640,Salaried,231346,48,1,213,21,71669,1,2,3,4,9,Loyal,100.0,Critical Risk,2201775.0
CUST01415,49,65186,576,Self-Employed,86127,24,0,22,25,76197,1,4,4,4,12,Champions,48.2,Medium Risk,11885429.0
CUST01416,58,62596,743,Salaried,181778,24,1,34,13,82876,1,4,2,4,10,Champions,78.7,Critical Risk,5577966.0
CUST01417,61,63089,771,Salaried,278474,12,1,164,3,57062,1,3,1,3,7,At Risk,100.0,Critical Risk,311635.0
CUST01418,48,75601,733,Salaried,215924,48,0,224,25,50068,0,2,4,3,9,Loyal,84.0,Critical Risk,1753821.0
CUST01419,31,66938,662,Self-Employed,29876,12,2,11,25,84414,1,4,4,4,12,Champions,43.5,Medium Risk,16216374.0
CUST01420,48,84703,711,Salaried,195382,24,0,352,28,72355,0,1,4,4,9,Loyal,85.2,Critical Risk,1903393.0
CUST01421,51,37837,765,Self-Employed,293803,60,0,139,25,45808,1,3,4,3,10,Champions,100.0,Critical Risk,2381755.0
CUST01422,64,64623,595,Salaried,265345,36,0,72,28,17279,1,4,4,1,9,Loyal,100.0,Critical Risk,1627570.0
CUST01423,41,44741,749,Business,221063,12,2,183,19,34159,1,2,3,2,7,At Risk,100.0,Critical Risk,1079238.0
CUST01424,26,52030,613,Self-Employed,122995,12,0,149,23,36251,1,3,4,2,9,Loyal,76.8,Critical Risk,1640578.0
CUST01425,59,64585,752,Salaried,79795,24,0,11,24,73967,0,4,4,4,12,Champions,32.7,Medium Risk,13641072.0
CUST01426,50,93763,694,Salaried,269929,48,1,82,24,36066,1,4,4,2,10,Champions,85.7,Critical Risk,2666145.0
CUST01427,63,69607,741,Self-Employed,238365,60,0,13,26,50955,1,4,4,3,11,Champions,77.5,Critical Risk,9768948.0
CUST01428,37,68586,640,Freelance,295176,36,1,170,3,29634,1,3,1,1,5,Lost,100.0,Critical Risk,157139.0
CUST01429,50,48647,731,Salaried,77704,24,0,36,23,46587,0,4,4,3,11,Champions,43.6,Medium Risk,5394453.0
CUST01430,37,51218,638,Business,141302,12,1,69,17,48677,1,4,3,3,10,Champions,86.3,Critical Risk,2862946.0
CUST01431,46,22945,640,Business,140603,12,0,147,26,36502,1,3,4,2,9,Loyal,100.0,Critical Risk,1887760.0
CUST01432,51,43178,603,Salaried,48750,36,0,233,15,71025,1,2,2,4,8,Loyal,59.7,High Risk,1442901.0
CUST01433,23,19486,665,Salaried,211654,24,1,80,6,26943,1,4,1,1,6,At Risk,100.0,Critical Risk,506482.0
CUST01434,41,60255,750,Salaried,253184,48,2,353,20,19418,1,1,3,1,5,Lost,100.0,Critical Risk,363932.0
CUST01435,63,60197,811,Self-Employed,210183,24,1,197,22,56475,1,2,3,3,8,Loyal,98.9,Critical Risk,1942160.0
CUST01436,54,68879,667,Salaried,194513,48,1,86,20,24095,1,4,3,1,8,Loyal,86.9,Critical Risk,1435865.0
CUST01437,40,66163,811,Business,104880,48,3,161,12,34935,0,3,2,2,7,At Risk,77.8,Critical Risk,774761.0
CUST01438,25,71881,649,Self-Employed,174226,48,2,238,20,28389,1,2,3,1,6,At Risk,100.0,Critical Risk,754972.0
CUST01439,54,55492,638,Salaried,118275,60,1,224,2,52125,1,2,1,3,6,At Risk,86.5,Critical Risk,146070.0
CUST01440,46,65067,639,Self-Employed,173359,24,2,11,14,45518,1,4,2,3,9,Loyal,89.5,Critical Risk,4896779.0
CUST01441,57,62079,778,Self-Employed,162874,24,1,314,4,45882,0,1,1,3,5,Lost,93.5,Critical Risk,191120.0
CUST01442,22,77576,719,Salaried,307874,12,0,155,10,33538,1,3,2,2,7,At Risk,100.0,Critical Risk,639236.0
CUST01443,37,51214,814,Business,20000,24,0,139,18,50228,0,3,3,3,9,Loyal,21.9,Low Risk,1880330.0
CUST01444,46,65739,690,Salaried,158327,36,1,65,6,49157,1,4,1,3,8,Loyal,75.1,Critical Risk,1060629.0
CUST01445,56,45915,756,Salaried,46032,24,1,355,12,66037,0,1,2,4,7,At Risk,66.1,High Risk,738805.0
CUST01446,32,15000,611,Freelance,102278,48,1,230,25,55630,1,2,4,3,9,Loyal,100.0,Critical Risk,1904780.0
CUST01447,45,96734,678,Freelance,266019,24,0,354,19,45738,1,1,3,3,7,At Risk,96.6,Critical Risk,812274.0
CUST01448,56,66258,611,Salaried,248089,24,0,285,19,48187,1,1,3,3,7,At Risk,100.0,Critical Risk,1039430.0
CUST01449,42,60708,700,Business,139386,60,0,51,28,69021,1,4,4,4,12,Champions,61.0,High Risk,8061653.0
CUST01450,25,40294,683,Self-Employed,223714,60,1,239,11,51563,1,2,2,3,7,At Risk,100.0,Critical Risk,751454.0
CUST01451,66,49170,760,Business,312652,12,0,318,8,65654,1,1,2,4,7,At Risk,100.0,Critical Risk,540789.0
CUST01452,35,58899,817,Freelance,270193,48,1,48,7,28739,1,4,1,1,6,At Risk,100.0,Critical Risk,868972.0
CUST01453,48,48004,818,Business,237439,12,3,353,27,43481,1,1,4,2,7,At Risk,100.0,Critical Risk,1100142.0
CUST01454,54,80335,594,Freelance,59538,24,0,289,5,80220,1,1,1,4,6,At Risk,57.2,High Risk,449774.0
CUST01455,37,15187,613,Business,264582,12,1,121,4,92211,1,3,1,4,8,Loyal,100.0,Critical Risk,854781.0
CUST01456,65,73534,673,Salaried,387005,36,0,112,12,37813,1,3,2,2,7,At Risk,100.0,Critical Risk,1115293.0
CUST01457,23,75935,616,Business,168576,36,3,230,24,26934,1,2,4,1,7,At Risk,100.0,Critical Risk,885335.0
CUST01458,54,64490,815,Self-Employed,207286,24,0,36,29,23670,0,4,4,1,9,Loyal,69.8,High Risk,3455820.0
CUST01459,23,55812,624,Salaried,280128,12,0,286,1,67909,1,1,1,4,6,At Risk,100.0,Critical Risk,76858.0
CUST01460,44,40608,734,Salaried,170330,24,0,340,25,84467,1,1,4,4,9,Loyal,100.0,Critical Risk,2047175.0
CUST01461,23,34008,724,Salaried,225824,24,1,289,26,35422,1,1,4,2,7,At Risk,100.0,Critical Risk,1032734.0
CUST01462,43,37250,657,Business,130124,48,0,234,24,59296,1,2,4,4,10,Champions,100.0,Critical Risk,1920270.0
CUST01463,63,55327,734,Self-Employed,303257,48,2,145,14,41054,1,3,2,2,7,At Risk,100.0,Critical Risk,1155845.0
CUST01464,58,35341,717,Freelance,225201,36,0,173,9,46521,1,3,2,3,8,Loyal,100.0,Critical Risk,729458.0
CUST01465,36,34484,653,Salaried,121098,48,2,272,11,41599,1,2,2,2,6,At Risk,100.0,Critical Risk,541394.0
CUST01466,30,68466,760,Salaried,381239,24,3,112,14,23219,1,3,2,1,6,At Risk,100.0,Critical Risk,798984.0
CUST01467,50,48457,601,Salaried,106289,12,0,343,1,5000,1,1,1,1,3,Lost,90.2,Critical Risk,4809.0
CUST01468,41,54022,690,Freelance,171155,24,0,109,12,32616,1,3,2,2,7,At Risk,84.0,Critical Risk,981842.0
CUST01469,25,29564,601,Business,148933,36,1,326,5,15779,1,1,1,1,3,Lost,100.0,Critical Risk,79439.0
CUST01470,31,91264,572,Business,243455,60,0,169,29,32010,1,3,4,2,9,Loyal,87.5,Critical Risk,1648788.0
CUST01471,48,45096,600,Salaried,136453,48,2,287,27,42654,1,1,4,2,7,At Risk,100.0,Critical Risk,1299398.0
CUST01472,45,44689,850,Self-Employed,84249,60,1,339,27,72338,0,1,4,4,9,Loyal,75.6,Critical Risk,1898511.0
CUST01473,65,63581,633,Salaried,316767,12,0,338,15,67661,1,1,2,4,7,At Risk,100.0,Critical Risk,989169.0
CUST01474,23,60098,752,Self-Employed,163269,24,0,79,16,20789,0,4,3,1,8,Loyal,68.0,High Risk,1051149.0
CUST01475,45,36509,720,Business,202605,12,1,219,24,88017,1,2,4,4,10,Champions,100.0,Critical Risk,3017726.0
CUST01476,49,53815,628,Self-Employed,199108,36,2,105,5,27862,1,3,1,1,5,Lost,100.0,Critical Risk,359351.0
CUST01477,67,43046,725,Salaried,306713,60,1,170,4,48258,1,3,1,3,7,At Risk,100.0,Critical Risk,341195.0
CUST01478,64,68817,703,Self-Employed,248869,48,1,274,29,6485,1,1,4,1,6,At Risk,100.0,Critical Risk,221075.0
CUST01479,40,82214,650,Freelance,242518,36,0,268,7,52457,1,2,1,3,6,At Risk,95.6,Critical Risk,440156.0
CUST01480,49,89684,737,Salaried,270958,24,1,42,6,74156,1,4,1,4,9,Loyal,82.1,Critical Risk,2068811.0
CUST01481,32,60798,713,Salaried,144565,24,0,101,21,65872,0,3,3,4,10,Champions,65.8,High Risk,3672065.0
CUST01482,53,76764,699,Self-Employed,173767,24,0,275,24,30224,0,1,4,1,6,At Risk,78.9,Critical Risk,849959.0
CUST01483,42,15000,658,Salaried,222358,48,1,168,14,47477,1,3,2,3,8,Loyal,100.0,Critical Risk,1186345.0
CUST01484,25,49038,631,Self-Employed,135958,60,1,237,7,5000,1,2,1,1,4,Lost,100.0,Critical Risk,46709.0
CUST01485,62,68095,850,Salaried,110305,48,1,311,3,31964,0,1,1,2,4,Lost,68.0,High Risk,100721.0
CUST01486,61,59310,605,Salaried,215859,60,1,13,11,16892,1,4,2,1,7,At Risk,100.0,Critical Risk,1370129.0
CUST01487,48,76916,670,Self-Employed,173548,48,1,319,6,29634,1,1,1,1,3,Lost,94.4,Critical Risk,182555.0
CUST01488,54,59365,764,Self-Employed,175039,24,0,256,25,68188,0,2,4,4,10,Champions,86.3,Critical Risk,2127232.0
CUST01489,61,29902,635,Freelance,248247,12,3,353,27,7156,1,1,4,1,6,At Risk,100.0,Critical Risk,181059.0
CUST01490,35,37426,533,Self-Employed,130762,48,0,19,14,28476,1,4,2,1,7,At Risk,94.5,Critical Risk,2621844.0
CUST01491,29,66710,527,Freelance,29534,12,0,343,14,39928,1,1,2,2,5,Lost,60.5,High Risk,537634.0
CUST01492,48,25906,850,Salaried,160865,60,3,135,14,45606,1,3,2,3,8,Loyal,100.0,Critical Risk,1358873.0
CUST01493,46,64015,850,Salaried,82551,24,3,39,4,47389,0,4,1,3,8,Loyal,59.0,High Risk,916397.0
CUST01494,49,69387,720,Self-Employed,174738,36,1,82,17,59253,1,4,3,4,11,Champions,76.6,Critical Risk,3102657.0
CUST01495,39,65803,723,Salaried,67291,24,3,176,10,68901,1,3,2,4,9,Loyal,74.2,High Risk,1183476.0
CUST01496,51,44657,618,Salaried,307588,12,3,306,9,33203,1,1,2,2,5,Lost,100.0,Critical Risk,318458.0
CUST01497,51,27395,640,Salaried,151552,24,3,185,26,46043,1,2,4,3,9,Loyal,100.0,Critical Risk,1972678.0
CUST01498,43,50114,563,Salaried,264421,24,0,233,14,57565,1,2,2,3,7,At Risk,100.0,Critical Risk,1091492.0
CUST01499,33,63075,753,Salaried,179165,36,1,240,6,50483,0,2,1,3,6,At Risk,93.6,Critical Risk,399847.0
CUST01500,56,83223,568,Salaried,229630,12,1,23,18,31738,1,4,3,2,9,Loyal,87.6,Critical Risk,3504515.0
CUST01501,28,37418,634,Salaried,155599,36,1,65,20,59361,1,4,3,4,11,Champions,100.0,Critical Risk,4269313.0
CUST01502,27,49220,752,Salaried,42992,24,1,229,20,19338,0,2,3,1,6,At Risk,53.4,High Risk,531704.0
CUST01503,31,60111,553,Salaried,206176,36,2,267,1,46133,1,2,1,3,6,At Risk,100.0,Critical Risk,55481.0
CUST01504,32,65555,652,Salaried,248719,24,0,320,13,40588,1,1,2,2,5,Lost,100.0,Critical Risk,540225.0
CUST01505,35,54868,777,Salaried,192723,60,1,344,15,44543,1,1,2,2,5,Lost,100.0,Critical Risk,640928.0
CUST01506,23,63370,712,Salaried,87043,12,1,204,20,43556,0,2,3,2,7,At Risk,64.3,High Risk,1322074.0
CUST01507,57,86084,850,Self-Employed,302149,48,1,114,19,50203,0,3,3,3,9,Loyal,89.6,Critical Risk,2313341.0
CUST01508,27,57964,637,Salaried,315554,12,1,159,16,26410,1,3,3,1,7,At Risk,100.0,Critical Risk,788923.0
CUST01509,26,65145,718,Freelance,20000,24,1,291,4,22157,0,1,1,1,3,Lost,49.7,Medium Risk,98776.0
CUST01510,33,62486,694,Salaried,163692,48,2,231,17,54349,1,2,3,3,8,Loyal,100.0,Critical Risk,1260694.0
CUST01511,40,52996,682,Salaried,115124,60,0,168,2,41170,1,3,1,2,6,At Risk,69.5,High Risk,146964.0
CUST01512,31,52389,682,Salaried,166358,24,2,44,11,70895,1,4,2,4,10,Champions,99.3,Critical Risk,3535943.0
CUST01513,26,50431,558,Salaried,200017,24,3,323,18,45557,1,1,3,3,7,At Risk,100.0,Critical Risk,832572.0
CUST01514,49,67838,606,Salaried,244846,12,1,238,1,22802,1,2,1,1,4,Lost,100.0,Critical Risk,30320.0
CUST01515,47,71978,732,Business,195571,24,2,66,1,40165,1,4,1,2,7,At Risk,88.3,Critical Risk,143027.0
CUST01516,24,17786,779,Self-Employed,164891,24,0,87,6,53944,0,4,1,3,8,Loyal,100.0,Critical Risk,956578.0
CUST01517,61,57297,850,Business,151165,60,0,329,23,44665,0,1,4,2,7,At Risk,79.8,Critical Risk,1025890.0
CUST01518,63,43022,627,Freelance,168570,24,3,88,22,35453,1,4,3,2,9,Loyal,100.0,Critical Risk,2286647.0
CUST01519,38,36663,609,Self-Employed,222012,48,1,335,12,28452,1,1,2,1,4,Lost,100.0,Critical Risk,335450.0
CUST01520,23,75647,666,Salaried,233432,36,0,292,5,37323,1,1,1,2,4,Lost,99.1,Critical Risk,207350.0
CUST01521,66,82532,661,Salaried,105957,36,0,298,2,35482,0,1,1,2,4,Lost,63.9,High Risk,77435.0
CUST01522,56,77167,744,Salaried,83290,60,1,67,12,48581,0,4,2,3,9,Loyal,44.8,Medium Risk,2055892.0
CUST01523,52,65160,630,Salaried,210517,24,2,74,7,31932,1,4,1,2,7,At Risk,100.0,Critical Risk,738337.0
CUST01524,27,70089,731,Business,145847,24,1,140,6,45962,1,3,1,3,7,At Risk,71.8,High Risk,570293.0
CUST01525,60,53975,709,Salaried,116263,48,1,149,25,83231,1,3,4,4,11,Champions,75.6,Critical Risk,4094247.0
CUST01526,48,107577,691,Self-Employed,227677,48,0,232,6,56071,0,2,1,3,6,At Risk,73.0,High Risk,457339.0
CUST01527,33,63978,627,Business,136240,48,1,173,23,25119,1,3,4,1,8,Loyal,83.0,Critical Risk,1006558.0
CUST01528,25,45205,690,Business,167981,60,3,62,25,60114,1,4,4,4,12,Champions,100.0,Critical Risk,5568937.0
CUST01529,55,49996,619,Business,349459,36,1,357,1,43071,1,1,1,2,4,Lost,100.0,Critical Risk,39951.0
CUST01530,46,15000,793,Self-Employed,158079,48,2,105,3,12589,1,3,1,1,5,Lost,100.0,Critical Risk,97420.0
CUST01531,36,62973,501,Business,186401,24,3,22,9,9191,1,4,2,1,7,At Risk,100.0,Critical Risk,516110.0
CUST01532,39,60501,739,Salaried,134248,36,1,230,21,61108,1,2,3,4,9,Loyal,81.4,Critical Risk,1757572.0
CUST01533,54,24946,653,Salaried,313836,48,1,79,29,35844,1,4,4,2,10,Champions,100.0,Critical Risk,3284924.0
CUST01534,23,58097,804,Freelance,115717,12,0,275,10,45940,0,1,2,3,6,At Risk,65.8,High Risk,538302.0
CUST01535,58,48244,736,Salaried,197730,48,1,130,15,51954,1,3,2,3,8,Loyal,100.0,Critical Risk,1708397.0
CUST01536,46,48439,591,Salaried,242715,36,0,361,1,36349,1,1,1,2,4,Lost,100.0,Critical Risk,33377.0
CUST01537,47,41287,639,Business,254666,24,1,86,25,22432,1,4,4,1,9,Loyal,100.0,Critical Risk,1670955.0
CUST01538,42,69909,648,Business,328851,60,1,150,8,47107,1,3,2,3,8,Loyal,100.0,Critical Risk,737547.0
CUST01539,43,74315,662,Salaried,135125,12,0,363,24,26058,1,1,4,1,6,At Risk,79.9,Critical Risk,571384.0
CUST01540,43,57522,737,Salaried,206004,60,1,47,28,54895,1,4,4,3,11,Champions,93.7,Critical Risk,6718885.0
CUST01541,36,96363,810,Salaried,172596,36,0,86,28,59802,0,4,4,4,12,Champions,45.8,Medium Risk,4989195.0
CUST01542,48,63594,755,Self-Employed,184247,36,1,43,22,67281,1,4,3,4,11,Champions,78.4,Critical Risk,6795804.0
CUST01543,35,64595,439,Salaried,209877,12,0,179,3,24668,1,2,1,1,4,Lost,100.0,Critical Risk,125343.0
CUST01544,50,60985,697,Salaried,217636,60,2,221,29,82079,1,2,4,4,10,Champions,100.0,Critical Risk,3374005.0
CUST01545,22,39153,771,Salaried,132100,36,0,280,23,58179,0,1,4,3,8,Loyal,96.2,Critical Risk,1543168.0
CUST01546,33,59908,749,Freelance,198027,48,0,336,25,48385,0,1,4,3,8,Loyal,100.0,Critical Risk,1185270.0
CUST01547,23,57377,850,Business,53469,48,1,123,17,29065,0,3,3,1,7,At Risk,38.7,Medium Risk,1130711.0
CUST01548,59,55318,633,Salaried,118162,60,1,263,5,33505,1,2,1,2,5,Lost,90.1,Critical Risk,204162.0
CUST01549,30,47152,689,Salaried,211557,60,3,71,1,79235,1,4,1,4,9,Loyal,100.0,Critical Risk,269030.0
CUST01550,63,74151,743,Salaried,218240,60,0,228,17,47929,0,2,3,3,8,Loyal,85.4,Critical Risk,1124384.0
CUST01551,57,88979,770,Salaried,293560,12,0,259,1,39328,0,2,1,2,5,Lost,93.1,Critical Risk,48578.0
CUST01552,47,71492,664,Business,238090,36,0,291,16,53585,1,1,3,3,7,At Risk,100.0,Critical Risk,955531.0
CUST01553,32,23321,535,Self-Employed,115648,12,3,41,11,43363,1,4,2,2,8,Loyal,100.0,Critical Risk,2246483.0
CUST01554,46,83773,573,Business,269990,48,0,327,9,13934,1,1,2,1,4,Lost,100.0,Critical Risk,125923.0
CUST01555,54,28399,807,Salaried,117559,36,0,345,6,34355,0,1,1,2,4,Lost,100.0,Critical Risk,197215.0
CUST01556,27,63391,729,Salaried,301550,48,0,339,9,73991,1,1,2,4,7,At Risk,100.0,Critical Risk,647298.0
CUST01557,32,43981,711,Salaried,108079,48,1,277,15,61488,1,1,2,4,7,At Risk,92.0,Critical Risk,1073833.0
CUST01558,26,45593,559,Salaried,285150,36,2,189,8,54347,1,2,2,3,7,At Risk,100.0,Critical Risk,703739.0
CUST01559,22,49774,615,Self-Employed,96019,36,2,45,19,17473,1,4,3,1,8,Loyal,79.4,Critical Risk,1486813.0
CUST01560,40,80979,656,Salaried,80637,60,0,322,20,72563,1,1,3,4,8,Loyal,60.5,High Risk,1477573.0
CUST01561,46,66314,614,Self-Employed,110503,60,0,230,23,39592,1,2,4,2,8,Loyal,69.4,High Risk,1247185.0
CUST01562,60,37471,693,Self-Employed,178476,48,1,302,11,48296,1,1,2,3,6,At Risk,100.0,Critical Risk,572846.0
CUST01563,22,39379,728,Self-Employed,88667,12,3,280,29,49306,1,1,4,3,8,Loyal,100.0,Critical Risk,1648986.0
CUST01564,22,70118,627,Self-Employed,252010,36,1,308,15,38722,1,1,2,2,5,Lost,100.0,Critical Risk,615393.0
CUST01565,47,48169,656,Business,195295,12,3,117,12,24838,1,3,2,1,6,At Risk,100.0,Critical Risk,708733.0
CUST01566,31,63747,778,Salaried,98394,36,0,141,11,5000,0,3,2,1,6,At Risk,47.7,Medium Risk,113099.0
CUST01567,59,40741,538,Salaried,190528,12,2,75,22,32976,1,4,3,2,9,Loyal,100.0,Critical Risk,2374863.0
CUST01568,48,42956,634,Salaried,248366,36,0,289,22,58782,1,1,3,4,8,Loyal,100.0,Critical Risk,1450137.0
CUST01569,66,27554,626,Freelance,131043,36,0,225,17,56880,1,2,3,3,8,Loyal,100.0,Critical Risk,1349676.0
CUST01570,56,54842,598,Self-Employed,202263,60,0,304,24,12744,1,1,4,1,6,At Risk,100.0,Critical Risk,327863.0
CUST01571,31,52780,685,Business,182089,24,0,345,20,39590,1,1,3,2,6,At Risk,100.0,Critical Risk,757554.0
CUST01572,41,73311,467,Salaried,111252,48,1,5,23,61030,1,4,4,4,12,Champions,68.6,High Risk,12345707.0
CUST01573,59,55698,603,Business,257447,24,1,194,21,32071,1,2,3,2,7,At Risk,100.0,Critical Risk,1066482.0
CUST01574,38,47926,718,Business,262790,12,0,120,20,32457,1,3,3,2,8,Loyal,100.0,Critical Risk,1513969.0
CUST01575,43,55441,849,Salaried,299198,60,1,265,10,54577,0,2,2,3,7,At Risk,100.0,Critical Risk,660717.0
CUST01576,52,62770,734,Business,298459,48,1,320,28,71890,1,1,4,4,9,Loyal,100.0,Critical Risk,2060914.0
CUST01577,65,77866,517,Salaried,141941,60,0,253,11,27099,1,2,2,1,5,Lost,81.5,Critical Risk,375829.0
CUST01578,27,47263,703,Salaried,131580,60,3,117,3,39018,1,3,1,2,6,At Risk,100.0,Critical Risk,278337.0
CUST01579,49,44814,671,Business,229685,36,0,272,10,36927,1,2,2,2,6,At Risk,100.0,Critical Risk,436900.0
CUST01580,60,82557,821,Business,95474,36,0,352,26,44861,0,1,4,2,7,At Risk,54.2,High Risk,1095832.0
CUST01581,27,38143,759,Salaried,115950,36,0,35,29,13034,0,4,4,1,9,Loyal,70.3,High Risk,1929579.0
CUST01582,35,62188,718,Salaried,143364,48,0,258,29,50361,0,2,4,3,9,Loyal,76.9,Critical Risk,1810089.0
CUST01583,25,59681,763,Self-Employed,174580,60,1,42,17,62550,1,4,3,4,11,Champions,78.3,Critical Risk,4944239.0
CUST01584,41,57882,683,Salaried,49744,60,0,180,23,43127,0,2,4,2,8,Loyal,44.1,Medium Risk,1672292.0
CUST01585,66,48887,710,Salaried,145114,60,0,93,13,22978,0,3,2,1,6,At Risk,77.2,Critical Risk,841935.0
CUST01586,31,38891,702,Salaried,136621,60,2,71,10,15305,1,4,2,1,7,At Risk,100.0,Critical Risk,519658.0
CUST01587,32,69951,652,Salaried,125531,36,0,230,8,43260,0,2,2,2,6,At Risk,69.2,High Risk,473993.0
CUST01588,65,60024,614,Business,122471,60,3,140,25,72720,1,3,4,4,11,Champions,99.5,Critical Risk,3759603.0
CUST01589,60,39656,797,Salaried,76285,48,3,198,11,61723,1,2,2,4,8,Loyal,88.6,Critical Risk,1056793.0
CUST01590,47,44642,711,Self-Employed,218295,48,0,82,20,68697,0,4,3,4,11,Champions,100.0,Critical Risk,4231967.0
CUST01591,58,47214,715,Self-Employed,106626,48,0,155,9,33144,0,3,2,2,7,At Risk,67.7,High Risk,568554.0
CUST01592,29,46145,833,Salaried,285646,12,2,299,15,52252,1,1,2,3,6,At Risk,100.0,Critical Risk,852697.0
CUST01593,66,25226,639,Self-Employed,222464,24,1,276,4,19166,1,1,1,1,3,Lost,100.0,Critical Risk,89544.0
CUST01594,24,15000,669,Salaried,279751,60,0,304,6,34975,1,1,1,2,4,Lost,100.0,Critical Risk,224949.0
CUST01595,50,101759,697,Self-Employed,286266,12,0,199,1,55663,1,2,1,3,6,At Risk,83.7,Critical Risk,86272.0
CUST01596,61,48726,557,Salaried,135939,36,3,338,7,61740,1,1,1,4,6,At Risk,100.0,Critical Risk,421217.0
CUST01597,34,69393,732,Business,225823,48,0,341,15,26107,0,1,2,1,4,Lost,100.0,Critical Risk,378638.0
CUST01598,38,37292,690,Salaried,223614,12,0,117,8,62932,1,3,2,4,9,Loyal,100.0,Critical Risk,1197143.0
CUST01599,52,20680,593,Freelance,128234,36,0,251,28,38388,1,2,4,2,8,Loyal,100.0,Critical Risk,1364610.0
CUST01600,48,67262,629,Salaried,82453,12,2,356,2,77178,1,1,1,4,6,At Risk,89.8,Critical Risk,143541.0
CUST01601,30,64222,690,Salaried,242329,36,2,227,25,52565,1,2,4,3,9,Loyal,100.0,Critical Risk,1820325.0
CUST01602,40,54617,850,Business,153710,60,1,300,28,73710,0,1,4,4,9,Loyal,90.9,Critical Risk,2238681.0
CUST01603,56,97417,688,Salaried,177746,12,0,294,24,21146,1,1,4,1,6,At Risk,72.4,High Risk,560481.0
CUST01604,38,27124,548,Salaried,228540,60,1,40,7,40146,1,4,1,2,7,At Risk,100.0,Critical Risk,1340824.0
CUST01605,45,81377,729,Salaried,129633,60,3,230,1,35506,1,2,1,2,5,Lost,89.6,Critical Risk,48629.0
CUST01606,45,57105,678,Freelance,20000,48,1,37,17,56873,1,4,3,3,10,Champions,32.6,Medium Risk,4801319.0
CUST01607,25,39939,588,Salaried,144351,12,1,250,27,83084,1,2,4,4,10,Champions,100.0,Critical Risk,2857916.0
CUST01608,43,38234,624,Salaried,153146,60,0,169,18,60497,1,3,3,4,10,Champions,100.0,Critical Risk,1934138.0
CUST01609,50,30221,668,Freelance,181952,60,0,181,22,81355,1,2,3,4,9,Loyal,100.0,Critical Risk,3003589.0
CUST01610,39,50775,719,Self-Employed,295344,60,0,36,2,41362,1,4,1,2,7,At Risk,100.0,Critical Risk,416473.0
CUST01611,42,42145,686,Salaried,305769,48,0,219,29,44100,1,2,4,2,8,Loyal,100.0,Critical Risk,1827000.0
CUST01612,63,49542,560,Business,284638,60,1,120,4,5000,1,3,1,1,5,Lost,100.0,Critical Risk,46645.0
CUST01613,67,60524,681,Self-Employed,218465,24,1,195,5,71890,1,2,1,4,7,At Risk,100.0,Critical Risk,566735.0
CUST01614,27,16995,588,Business,273149,48,0,88,2,24452,1,4,1,1,6,At Risk,100.0,Critical Risk,143373.0
CUST01615,41,66523,678,Salaried,271058,24,3,340,4,53302,1,1,1,3,5,Lost,100.0,Critical Risk,206696.0
CUST01616,54,64110,604,Self-Employed,225027,12,3,269,8,32920,1,2,2,2,6,At Risk,100.0,Critical Risk,314653.0
CUST01617,56,39725,702,Salaried,245675,12,0,267,20,49126,1,2,3,3,8,Loyal,100.0,Critical Risk,1181614.0
CUST01618,61,45668,768,Freelance,264778,36,1,24,13,88845,1,4,2,4,10,Champions,100.0,Critical Risk,6968091.0
CUST01619,67,44909,649,Salaried,169928,24,0,187,5,96153,1,2,1,4,7,At Risk,100.0,Critical Risk,785142.0
CUST01620,57,93055,600,Salaried,342048,36,0,343,13,20048,1,1,2,1,4,Lost,100.0,Critical Risk,250666.0
CUST01621,50,44609,756,Salaried,332454,36,3,172,23,55621,1,3,4,3,10,Champions,100.0,Critical Risk,2239512.0
CUST01622,36,34833,644,Salaried,20000,48,0,60,11,27978,0,4,2,1,7,At Risk,31.4,Medium Risk,1164059.0
CUST01623,32,45711,675,Self-Employed,315165,60,1,43,21,7712,1,4,3,1,8,Loyal,100.0,Critical Risk,743553.0
CUST01624,26,53030,654,Self-Employed,295651,12,3,89,14,30536,1,4,2,1,7,At Risk,100.0,Critical Risk,1243338.0
CUST01625,29,64059,665,Self-Employed,173597,48,3,167,3,78216,1,3,1,4,8,Loyal,100.0,Critical Risk,420867.0
CUST01626,63,64119,708,Salaried,111829,24,0,176,8,28329,0,3,2,1,6,At Risk,59.7,High Risk,389274.0
CUST01627,22,59311,694,Self-Employed,161917,48,1,358,27,80397,1,1,4,4,9,Loyal,100.0,Critical Risk,2008397.0
CUST01628,47,85497,750,Salaried,312772,36,2,145,28,32507,1,3,4,2,9,Loyal,100.0,Critical Risk,1830422.0
CUST01629,24,67884,689,Business,171449,48,2,329,4,75257,1,1,1,4,6,At Risk,100.0,Critical Risk,300616.0
CUST01630,39,63425,760,Self-Employed,209800,24,0,135,16,42248,0,3,3,2,8,Loyal,83.8,Critical Risk,1438649.0
CUST01631,50,29731,680,Salaried,150245,48,0,69,23,43190,1,4,4,2,10,Champions,100.0,Critical Risk,3436778.0
CUST01632,50,65992,625,Salaried,301994,48,0,98,4,19897,1,3,1,1,5,Lost,100.0,Critical Risk,215982.0
CUST01633,39,56708,566,Salaried,203076,24,0,252,13,55327,1,2,2,3,7,At Risk,100.0,Critical Risk,909971.0
CUST01634,48,83992,758,Business,225113,60,3,330,14,56625,1,1,2,3,6,At Risk,100.0,Critical Risk,789505.0
CUST01635,47,47419,708,Salaried,170257,48,0,146,2,5000,0,3,1,1,5,Lost,94.1,Critical Risk,20000.0
CUST01636,48,65840,535,Salaried,139630,12,0,360,4,66829,1,1,1,4,6,At Risk,94.9,Critical Risk,246079.0
CUST01637,40,71235,691,Salaried,298116,12,0,136,19,57012,1,3,3,3,9,Loyal,100.0,Critical Risk,2292048.0
CUST01638,61,45756,679,Business,165408,36,2,257,7,30351,1,2,1,1,4,Lost,100.0,Critical Risk,264214.0
CUST01639,24,55689,699,Business,315752,48,0,35,10,42553,1,4,2,2,8,Loyal,100.0,Critical Risk,2172286.0
CUST01640,65,61125,750,Self-Employed,328666,12,1,161,16,66911,1,3,3,4,10,Champions,100.0,Critical Risk,1978533.0
CUST01641,22,51006,579,Freelance,398664,24,1,243,11,45173,1,2,2,3,7,At Risk,100.0,Critical Risk,648907.0
CUST01642,64,69908,516,Salaried,151855,60,0,99,12,51709,1,3,2,3,8,Loyal,75.9,Critical Risk,1671479.0
CUST01643,38,66995,844,Salaried,233333,48,1,51,28,38881,0,4,4,2,10,Champions,84.3,Critical Risk,4541301.0
CUST01644,65,33267,685,Salaried,262724,48,0,19,19,44832,1,4,3,2,9,Loyal,100.0,Critical Risk,5601981.0
CUST01645,22,37478,688,Salaried,128562,36,1,123,17,38365,1,3,3,2,8,Loyal,100.0,Critical Risk,1492507.0
CUST01646,46,50502,850,Salaried,356059,12,2,173,19,55791,1,3,3,3,9,Loyal,100.0,Critical Risk,1846829.0
CUST01647,40,58273,707,Self-Employed,167330,12,0,140,5,97531,0,3,1,4,8,Loyal,79.3,Critical Risk,1008465.0
CUST01648,38,94828,603,Freelance,234671,36,1,32,1,42691,1,4,1,2,7,At Risk,80.1,Critical Risk,227478.0
CUST01649,66,82771,751,Salaried,80865,24,1,313,14,53958,0,1,2,3,6,At Risk,62.5,High Risk,788914.0
CUST01650,22,59691,624,Self-Employed,272238,12,0,205,22,25113,1,2,3,1,6,At Risk,100.0,Critical Risk,835020.0
CUST01651,28,67656,705,Salaried,206536,36,2,137,2,42731,1,3,1,2,6,At Risk,100.0,Critical Risk,179790.0
CUST01652,52,65999,692,Business,240503,24,1,302,4,60707,1,1,1,4,6,At Risk,100.0,Critical Risk,261838.0
CUST01653,41,62463,637,Business,127553,24,1,293,15,47580,1,1,2,3,6,At Risk,90.4,Critical Risk,790593.0
CUST01654,59,40135,679,Freelance,88049,48,3,233,19,44900,1,2,3,2,7,At Risk,100.0,Critical Risk,1155404.0
CUST01655,29,40906,579,Freelance,83615,60,2,44,29,55005,1,4,4,3,11,Champions,84.2,Critical Risk,7232645.0
CUST01656,64,28576,713,Salaried,216587,12,2,109,1,62462,1,3,1,4,8,Loyal,100.0,Critical Risk,156692.0
CUST01657,50,49660,762,Salaried,159003,24,2,186,24,80369,1,2,4,4,10,Champions,100.0,Critical Risk,3164191.0
CUST01658,49,64679,575,Freelance,308492,24,1,162,24,42765,1,3,4,2,9,Loyal,100.0,Critical Risk,1887261.0
CUST01659,37,70309,666,Salaried,281911,60,0,110,1,62666,1,3,1,4,8,Loyal,100.0,Critical Risk,156130.0
CUST01660,33,85329,614,Salaried,252088,12,0,60,29,50744,1,4,4,3,11,Champions,81.2,Critical Risk,5566065.0
CUST01661,53,32419,640,Salaried,270154,48,1,129,25,112650,1,3,4,4,11,Champions,100.0,Critical Risk,6211065.0
CUST01662,60,41819,636,Salaried,42912,24,1,111,4,34840,1,3,1,2,6,At Risk,55.2,High Risk,344857.0
CUST01663,47,79836,689,Salaried,266355,60,1,222,27,39628,1,2,4,2,8,Loyal,100.0,Critical Risk,1510770.0
CUST01664,57,57342,576,Business,209958,48,0,156,13,53655,1,3,2,3,8,Loyal,100.0,Critical Risk,1322561.0
CUST01665,44,42046,774,Salaried,78602,60,2,191,9,52288,0,2,2,3,7,At Risk,78.6,Critical Risk,755016.0
CUST01666,39,60982,756,Salaried,161271,60,1,322,12,51989,0,1,2,3,6,At Risk,96.2,Critical Risk,635179.0
CUST01667,25,55530,731,Salaried,143503,24,1,11,6,70267,1,4,1,4,9,Loyal,71.2,High Risk,3239679.0
CUST01668,47,53319,687,Self-Employed,123052,36,1,302,6,24854,1,1,1,1,3,Lost,92.8,Critical Risk,160798.0
CUST01669,28,61186,758,Self-Employed,66277,24,2,223,13,49179,0,2,2,3,7,At Risk,66.7,High Risk,899246.0
CUST01670,28,54259,665,Business,244562,60,0,300,7,50479,1,1,1,3,5,Lost,100.0,Critical Risk,383280.0
CUST01671,28,67100,608,Business,160230,60,1,336,7,44710,1,1,1,2,4,Lost,100.0,Critical Risk,306669.0
CUST01672,34,45424,576,Business,297786,24,0,267,15,22262,1,2,2,1,5,Lost,100.0,Critical Risk,401596.0
CUST01673,51,33719,638,Freelance,212528,48,2,171,25,55654,1,3,4,3,10,Champions,100.0,Critical Risk,2447435.0
CUST01674,44,39481,752,Salaried,290505,60,0,349,28,28373,1,1,4,1,6,At Risk,100.0,Critical Risk,752197.0
CUST01675,43,39707,728,Salaried,123765,12,0,285,5,23149,1,1,1,1,3,Lost,94.6,Critical Risk,131406.0
CUST01676,32,63308,778,Business,139620,48,1,176,29,76598,0,3,4,4,11,Champions,73.8,High Risk,3815482.0
CUST01677,32,63890,506,Freelance,265642,60,0,166,19,71269,1,3,3,4,10,Champions,100.0,Critical Risk,2440743.0
CUST01678,25,69144,605,Business,107151,48,1,303,15,34695,1,1,2,2,5,Lost,83.7,Critical Risk,559514.0
CUST01679,39,52080,746,Freelance,61123,60,3,269,18,19021,1,2,3,1,6,At Risk,83.1,Critical Risk,409060.0
CUST01680,58,33551,604,Freelance,20000,48,0,223,11,69354,1,2,2,4,8,Loyal,48.1,Medium Risk,1073049.0
CUST01681,43,65917,617,Self-Employed,197957,12,0,277,22,38622,1,1,3,2,6,At Risk,99.8,Critical Risk,989265.0
CUST01682,53,62590,605,Business,23043,24,0,11,21,45647,1,4,3,3,10,Champions,26.1,Medium Risk,7365984.0
CUST01683,62,51947,807,Salaried,190391,48,1,247,24,72797,0,2,4,4,10,Champions,100.0,Critical Risk,2249389.0
CUST01684,47,31160,733,Salaried,155132,60,0,353,29,54519,1,1,4,3,8,Loyal,100.0,Critical Risk,1481601.0
CUST01685,35,81424,604,Salaried,254490,60,0,308,20,52783,1,1,3,3,7,At Risk,100.0,Critical Risk,1118479.0
CUST01686,31,52865,636,Business,206685,24,1,278,14,51041,1,1,2,3,6,At Risk,100.0,Critical Risk,829315.0
CUST01687,38,33459,760,Salaried,234208,36,1,242,28,64040,1,2,4,4,10,Champions,100.0,Critical Risk,2350050.0
CUST01688,31,21458,647,Salaried,49994,12,1,279,15,69477,1,1,2,4,7,At Risk,94.3,Critical Risk,1205663.0
CUST01689,41,60212,747,Business,246107,24,0,291,25,5250,0,1,4,1,6,At Risk,100.0,Critical Risk,146279.0
CUST01690,35,36789,678,Freelance,27238,60,3,194,29,31803,1,2,4,2,8,Loyal,73.3,High Risk,1460454.0
CUST01691,55,53764,653,Freelance,96148,36,1,14,5,35529,1,4,1,2,7,At Risk,61.2,High Risk,1283969.0
CUST01692,52,77405,663,Salaried,243492,36,2,228,18,33676,1,2,3,2,7,At Risk,100.0,Critical Risk,836489.0
CUST01693,39,52442,720,Business,237654,48,2,264,9,46207,1,2,2,3,7,At Risk,100.0,Critical Risk,505125.0
CUST01694,32,50862,706,Business,347516,60,3,170,18,46470,1,3,3,3,9,Loyal,100.0,Critical Risk,1478489.0
CUST01695,43,22438,639,Salaried,105470,12,0,202,9,34442,1,2,2,2,6,At Risk,100.0,Critical Risk,474390.0
CUST01696,22,69772,546,Salaried,69469,60,3,68,24,77367,1,4,4,4,12,Champions,77.6,Critical Risk,6485502.0
CUST01697,30,70409,632,Salaried,286963,12,0,341,10,37928,1,1,2,2,5,Lost,100.0,Critical Risk,366721.0
CUST01698,57,68054,677,Business,123058,60,1,359,9,65583,1,1,2,4,7,At Risk,88.3,Critical Risk,544729.0
CUST01699,55,36602,600,Business,132415,60,1,190,4,21293,1,2,1,1,4,Lost,100.0,Critical Risk,137253.0
CUST01700,48,62243,725,Freelance,207224,24,0,280,29,56753,1,1,4,3,8,Loyal,98.7,Critical Risk,1898043.0
CUST01701,56,40303,591,Business,280748,60,0,182,2,39615,1,2,1,2,5,Lost,100.0,Critical Risk,132352.0
CUST01702,63,37442,716,Business,131971,48,0,347,11,21977,0,1,2,1,4,Lost,100.0,Critical Risk,230085.0
CUST01703,62,40779,582,Salaried,103314,60,1,5,25,48610,1,4,4,3,11,Champions,80.6,Critical Risk,10688343.0
CUST01704,59,36363,833,Self-Employed,159208,48,0,61,22,33023,0,4,3,2,9,Loyal,93.8,Critical Risk,2719740.0
CUST01705,40,72630,652,Self-Employed,35183,60,0,278,12,76104,0,1,2,4,7,At Risk,46.9,Medium Risk,1059890.0
CUST01706,40,52860,699,Salaried,243666,36,3,286,14,57354,1,1,2,3,6,At Risk,100.0,Critical Risk,908772.0
CUST01707,41,69586,720,Salaried,163603,60,1,239,27,32760,1,2,4,2,8,Loyal,86.1,Critical Risk,1171869.0
CUST01708,65,90830,582,Self-Employed,117992,24,0,19,17,36128,1,4,3,2,9,Loyal,47.0,Medium Risk,4039175.0
CUST01709,58,71147,614,Freelance,153214,60,1,223,29,64774,1,2,4,4,10,Champions,88.6,Critical Risk,2642130.0
CUST01710,46,66184,570,Self-Employed,210264,24,0,175,17,77326,1,3,3,4,10,Champions,98.3,Critical Risk,2268595.0
CUST01711,53,33180,619,Salaried,213870,48,1,256,16,49272,1,2,3,3,8,Loyal,100.0,Critical Risk,983755.0
CUST01712,22,29655,703,Business,125624,36,1,83,17,67888,1,4,3,4,11,Champions,100.0,Critical Risk,3525063.0
CUST01713,59,20542,716,Salaried,82102,48,1,2,19,50548,1,4,3,3,10,Champions,99.8,Critical Risk,9105205.0
CUST01714,37,43309,645,Salaried,138316,48,1,175,23,51860,1,3,4,3,10,Champions,100.0,Critical Risk,2058462.0
CUST01715,60,42931,636,Freelance,161832,24,3,255,9,46820,1,2,2,3,7,At Risk,100.0,Critical Risk,527628.0
CUST01716,56,47697,539,Self-Employed,238684,12,0,190,23,36590,1,2,4,2,8,Loyal,100.0,Critical Risk,1356172.0
CUST01717,27,44915,850,Freelance,164078,12,1,116,24,5000,0,3,4,1,8,Loyal,92.6,Critical Risk,287213.0
CUST01718,62,86377,641,Business,220241,60,2,54,13,50482,1,4,2,3,9,Loyal,90.6,Critical Risk,2646819.0
CUST01719,62,70778,626,Salaried,262361,36,0,311,13,49606,1,1,2,3,6,At Risk,100.0,Critical Risk,677354.0
CUST01720,67,75368,809,Salaried,119926,12,0,35,28,37125,0,4,4,2,10,Champions,37.7,Medium Risk,5306538.0
CUST01721,51,31408,690,Salaried,83434,24,0,15,14,16365,1,4,2,1,7,At Risk,66.0,High Risk,1623789.0
CUST01722,32,56028,721,Salaried,60659,36,3,59,6,17835,1,4,1,1,6,At Risk,65.9,High Risk,408991.0
CUST01723,51,19435,568,Business,146898,12,0,66,9,5000,1,4,2,1,7,At Risk,100.0,Critical Risk,160244.0
CUST01724,58,67005,757,Salaried,20000,48,0,19,14,65882,0,4,2,4,10,Champions,14.3,Low Risk,6065892.0
CUST01725,52,79816,692,Salaried,224251,12,1,257,22,26051,1,2,3,1,6,At Risk,98.8,Critical Risk,712741.0
CUST01726,67,39712,751,Freelance,137540,24,0,168,3,70336,0,3,1,4,8,Loyal,90.3,Critical Risk,376616.0
CUST01727,52,63436,666,Self-Employed,139446,48,0,292,23,31177,1,1,4,2,7,At Risk,81.3,Critical Risk,796746.0
CUST01728,32,74049,544,Salaried,132438,60,0,299,12,77773,1,1,2,4,7,At Risk,82.6,Critical Risk,1015338.0
CUST01729,25,50665,593,Business,231679,24,1,295,12,57096,1,1,2,3,6,At Risk,100.0,Critical Risk,754391.0
CUST01730,67,45239,848,Freelance,312181,48,1,86,25,50649,0,4,4,3,11,Champions,100.0,Critical Risk,3772834.0
CUST01731,67,31177,694,Salaried,269621,12,0,141,8,45150,1,3,2,3,8,Loyal,100.0,Critical Risk,742749.0
CUST01732,48,48355,666,Salaried,144225,36,0,358,18,21547,1,1,3,1,5,Lost,100.0,Critical Risk,358844.0
CUST01733,27,56168,742,Salaried,209739,36,1,262,2,61787,1,2,1,4,7,At Risk,100.0,Critical Risk,151104.0
CUST01734,39,72557,813,Self-Employed,208386,48,0,333,20,33349,0,1,3,2,6,At Risk,87.5,Critical Risk,658857.0
CUST01735,65,72071,669,Self-Employed,149002,24,0,153,28,31593,0,3,4,2,9,Loyal,67.1,High Risk,1703855.0
CUST01736,50,42223,706,Self-Employed,262618,12,1,35,10,56466,1,4,2,3,9,Loyal,100.0,Critical Risk,2882530.0
CUST01737,26,54391,607,Salaried,162193,24,1,178,1,63325,1,3,1,4,8,Loyal,100.0,Critical Risk,107756.0
CUST01738,51,77431,676,Salaried,200883,60,0,106,24,23975,1,3,4,1,8,Loyal,73.3,High Risk,1473832.0
CUST01739,22,49231,527,Salaried,91763,36,1,127,10,11396,1,3,2,1,6,At Risk,81.2,Critical Risk,254406.0
CUST01740,44,51390,602,Self-Employed,123533,12,2,275,3,39973,1,1,1,2,4,Lost,100.0,Critical Risk,140515.0
CUST01741,60,56761,678,Business,181828,24,0,77,4,41777,1,4,1,2,7,At Risk,82.9,Critical Risk,537396.0
CUST01742,39,65637,756,Business,250300,36,0,151,10,82483,0,3,2,4,9,Loyal,95.5,Critical Risk,1605669.0
CUST01743,24,37205,514,Salaried,180902,60,2,353,5,81735,1,1,1,4,6,At Risk,100.0,Critical Risk,382969.0
CUST01744,23,83870,734,Freelance,20000,60,1,247,26,41911,0,2,4,2,8,Loyal,43.5,Medium Risk,1402947.0
CUST01745,62,58535,626,Freelance,216508,48,1,286,16,45251,1,1,3,3,7,At Risk,100.0,Critical Risk,819429.0
CUST01746,23,90082,460,Self-Employed,148299,12,0,237,3,56558,1,2,1,3,6,At Risk,80.8,Critical Risk,226439.0
CUST01747,59,36308,770,Business,106757,48,1,61,10,28374,0,4,2,1,7,At Risk,79.6,Critical Risk,1062206.0
CUST01748,26,43120,717,Salaried,104940,24,1,164,14,28913,1,3,2,1,6,At Risk,81.8,Critical Risk,736885.0
CUST01749,57,58996,731,Business,111952,36,1,88,18,37594,0,4,3,2,9,Loyal,63.8,High Risk,1983876.0
CUST01750,57,42344,684,Business,199943,60,1,187,22,77597,1,2,3,4,9,Loyal,100.0,Critical Risk,2787937.0
CUST01751,42,49277,698,Freelance,231481,60,0,334,2,46262,1,1,1,3,5,Lost,100.0,Critical Risk,91150.0
CUST01752,53,39106,648,Salaried,188032,24,0,85,11,26397,1,4,2,1,7,At Risk,100.0,Critical Risk,872296.0
CUST01753,46,53608,664,Freelance,185653,60,1,86,2,54986,1,4,1,3,8,Loyal,99.9,Critical Risk,327672.0
CUST01754,23,52354,697,Salaried,149534,36,1,2,21,41440,1,4,3,2,9,Loyal,78.4,Critical Risk,8250327.0
CUST01755,65,62967,679,Freelance,58926,36,1,7,9,32989,0,4,2,2,8,Loyal,41.7,Medium Risk,2491238.0
CUST01756,65,89123,559,Self-Employed,182872,24,1,45,11,54372,1,4,2,3,9,Loyal,75.9,Critical Risk,2678572.0
CUST01757,29,56370,844,Business,179864,12,0,199,14,68420,0,2,2,4,8,Loyal,80.6,Critical Risk,1484612.0
CUST01758,47,98929,613,Salaried,339453,12,3,165,19,29840,1,3,3,1,7,At Risk,100.0,Critical Risk,1027000.0
CUST01759,28,56426,662,Freelance,204499,24,0,7,22,35797,1,4,3,2,9,Loyal,86.7,Critical Risk,6608044.0
CUST01760,63,62871,799,Salaried,96309,36,1,64,17,107189,0,4,3,4,11,Champions,49.6,Medium Risk,6617988.0
CUST01761,26,60825,660,Business,20000,12,0,227,17,56623,0,2,3,3,8,Loyal,39.1,Medium Risk,1333380.0
CUST01762,22,69581,648,Salaried,199962,36,0,253,26,46443,1,2,4,3,9,Loyal,93.0,Critical Risk,1522432.0
CUST01763,52,40072,720,Salaried,217155,36,2,210,10,5000,1,2,2,1,5,Lost,100.0,Critical Risk,74037.0
CUST01764,40,44852,599,Salaried,181594,60,2,204,1,28127,1,2,1,1,4,Lost,100.0,Critical Risk,42688.0
CUST01765,22,38489,665,Freelance,298523,48,1,332,9,51986,1,1,2,3,6,At Risk,100.0,Critical Risk,463430.0
CUST01766,33,75169,819,Salaried,262185,36,0,185,8,20641,0,2,2,1,5,Lost,87.2,Critical Risk,272107.0
CUST01767,42,31653,651,Self-Employed,295015,24,0,247,12,44139,1,2,2,2,6,At Risk,100.0,Critical Risk,681936.0
CUST01768,61,67025,767,Business,112749,60,0,250,8,56300,0,2,2,3,7,At Risk,60.2,High Risk,573808.0
CUST01769,49,67575,695,Salaried,211442,60,2,19,2,75383,1,4,1,4,9,Loyal,95.4,Critical Risk,991524.0
CUST01770,55,17457,683,Salaried,234304,60,0,303,14,20723,1,1,2,1,4,Lost,100.0,Critical Risk,311913.0
CUST01771,24,44636,657,Salaried,108978,60,0,21,3,26173,1,4,1,1,6,At Risk,64.6,High Risk,498425.0
CUST01772,52,30344,847,Salaried,82189,36,0,48,12,22922,0,4,2,1,7,At Risk,58.3,High Risk,1188146.0
CUST01773,57,57303,674,Salaried,183102,36,1,175,6,34141,1,3,1,2,6,At Risk,100.0,Critical Risk,353517.0
CUST01774,53,47781,685,Self-Employed,103092,48,0,320,21,28525,0,1,3,1,5,Lost,81.5,Critical Risk,613308.0
CUST01775,26,51625,757,Self-Employed,159321,12,1,125,11,53320,0,3,2,3,8,Loyal,88.8,Critical Risk,1325572.0
CUST01776,30,29149,719,Self-Employed,233401,36,0,11,23,47016,1,4,4,3,11,Champions,100.0,Critical Risk,8309459.0
CUST01777,41,54756,593,Business,149394,24,0,125,27,5000,1,3,4,1,8,Loyal,83.5,Critical Risk,305108.0
CUST01778,23,24513,745,Salaried,185793,48,0,179,18,41798,1,2,3,2,7,At Risk,100.0,Critical Risk,1274306.0
CUST01779,52,63949,685,Salaried,202819,12,0,249,1,50288,1,2,1,3,6,At Risk,95.9,Critical Risk,64291.0
CUST01780,26,53497,604,Salaried,210821,24,0,323,4,17407,1,1,1,1,3,Lost,100.0,Critical Risk,70693.0
CUST01781,28,51947,729,Self-Employed,158887,36,1,89,24,43789,1,4,4,2,10,Champions,87.3,Critical Risk,3056507.0
CUST01782,52,48375,625,Salaried,253349,12,1,341,13,23679,1,1,2,1,4,Lost,100.0,Critical Risk,297634.0
CUST01783,29,60139,724,Self-Employed,228763,60,2,88,8,26755,1,4,2,1,7,At Risk,100.0,Critical Risk,627507.0
CUST01784,65,71589,566,Business,176648,12,2,230,15,23400,1,2,2,1,5,Lost,100.0,Critical Risk,480732.0
CUST01785,49,55480,683,Freelance,162300,12,1,337,24,81018,1,1,4,4,9,Loyal,100.0,Critical Risk,1900181.0
CUST01786,48,55943,686,Salaried,86867,24,1,272,28,24627,1,2,4,1,7,At Risk,75.3,Critical Risk,815844.0
CUST01787,31,31711,813,Self-Employed,332121,48,1,249,29,32419,1,2,4,2,8,Loyal,100.0,Critical Risk,1201944.0
CUST01788,50,38703,665,Salaried,115278,12,0,95,23,17305,1,3,4,1,8,Loyal,80.8,Critical Risk,1104756.0
CUST01789,62,36379,723,Salaried,180424,36,0,139,9,43823,0,3,2,2,7,At Risk,100.0,Critical Risk,820277.0
CUST01790,64,55841,682,Salaried,261663,60,0,249,16,46501,1,2,3,3,8,Loyal,100.0,Critical Risk,951194.0
CUST01791,60,61777,581,Salaried,220877,24,0,153,26,22804,1,3,4,1,8,Loyal,100.0,Critical Risk,1142005.0
CUST01792,30,50408,731,Self-Employed,224390,12,1,120,28,56865,1,3,4,3,10,Champions,100.0,Critical Risk,3713484.0
CUST01793,58,49299,665,Salaried,183082,12,0,25,11,36335,1,4,2,2,8,Loyal,89.8,Critical Risk,2372114.0
CUST01794,32,58614,653,Business,240997,60,0,190,4,10485,1,2,1,1,4,Lost,100.0,Critical Risk,67585.0
CUST01795,52,55306,619,Salaried,60306,60,1,79,19,5000,1,4,3,1,8,Loyal,55.1,High Risk,300216.0
CUST01796,43,74417,644,Salaried,203485,60,3,349,11,44514,1,1,2,2,5,Lost,100.0,Critical Risk,463615.0
CUST01797,53,50430,691,Business,296683,60,0,319,26,19982,1,1,4,1,6,At Risk,100.0,Critical Risk,533415.0
CUST01798,47,46546,757,Salaried,237139,60,3,25,23,74211,1,4,4,4,12,Champions,100.0,Critical Risk,10130103.0
CUST01799,27,51964,749,Self-Employed,80043,24,2,23,11,66858,1,4,2,4,10,Champions,60.0,High Risk,4511510.0
CUST01800,52,45662,664,Salaried,156298,24,3,265,18,29854,1,2,3,1,6,At Risk,100.0,Critical Risk,650550.0
CUST01801,67,43162,660,Business,261247,12,1,27,9,60052,1,4,2,4,10,Champions,100.0,Critical Risk,3106627.0
CUST01802,65,57095,606,Freelance,206346,60,0,130,2,31070,1,3,1,2,6,At Risk,100.0,Critical Risk,136223.0
CUST01803,53,47997,611,Freelance,76538,60,0,36,5,20862,1,4,1,1,6,At Risk,52.2,High Risk,525147.0
CUST01804,50,63681,670,Self-Employed,124808,60,1,353,5,71744,1,1,1,4,6,At Risk,91.3,Critical Risk,336156.0
CUST01805,41,32123,603,Salaried,217958,12,3,322,22,45111,1,1,3,2,6,At Risk,100.0,Critical Risk,1010436.0
CUST01806,56,48006,789,Salaried,217599,24,3,122,5,10618,1,3,1,1,5,Lost,100.0,Critical Risk,122258.0
CUST01807,51,44691,560,Salaried,347009,24,3,130,29,25201,1,3,4,1,8,Loyal,100.0,Critical Risk,1602118.0
CUST01808,45,45998,641,Self-Employed,240944,60,1,12,11,44044,1,4,2,2,8,Loyal,100.0,Critical Risk,3646117.0
CUST01809,45,60261,649,Freelance,178922,36,0,177,5,24208,1,3,1,1,5,Lost,88.5,Critical Risk,206930.0
CUST01810,45,35689,668,Salaried,154182,24,3,363,5,32922,1,1,1,2,4,Lost,100.0,Critical Risk,150395.0
CUST01811,63,57576,693,Self-Employed,239748,24,3,131,8,26534,1,3,2,1,6,At Risk,100.0,Critical Risk,462563.0
CUST01812,24,25520,690,Salaried,99763,12,0,15,6,73736,0,4,1,4,9,Loyal,91.1,Critical Risk,3135570.0
CUST01813,40,53259,631,Salaried,241260,60,1,104,12,31827,1,3,2,2,7,At Risk,100.0,Critical Risk,992187.0
CUST01814,35,83921,712,Business,49313,36,2,298,17,28843,1,1,3,1,5,Lost,66.3,High Risk,535040.0
CUST01815,28,74159,785,Salaried,235986,60,1,321,18,20476,0,1,3,1,5,Lost,100.0,Critical Risk,376300.0
CUST01816,30,54071,756,Salaried,218343,24,3,343,27,78744,1,1,4,4,9,Loyal,100.0,Critical Risk,2044854.0
CUST01817,38,29945,699,Salaried,79973,36,0,200,20,55178,0,2,3,3,8,Loyal,80.8,Critical Risk,1703169.0
CUST01818,28,37460,559,Salaried,132400,36,0,155,15,28706,1,3,2,1,6,At Risk,100.0,Critical Risk,820707.0
CUST01819,48,77084,663,Salaried,224062,48,1,89,9,49284,1,4,2,3,9,Loyal,89.0,Critical Risk,1290023.0
CUST01820,46,65685,554,Freelance,229009,48,0,3,14,77359,1,4,2,4,10,Champions,91.5,Critical Risk,10007709.0
CUST01821,59,41184,637,Salaried,251703,12,2,297,15,14681,1,1,2,1,4,Lost,100.0,Critical Risk,241015.0
CUST01822,34,33264,604,Business,231320,12,0,90,17,43481,1,4,3,2,9,Loyal,100.0,Critical Risk,2132803.0
CUST01823,23,61235,657,Salaried,20000,12,0,219,26,5000,1,2,4,1,7,At Risk,38.6,Medium Risk,185714.0
CUST01824,30,38929,550,Salaried,137746,36,1,126,3,61577,1,3,1,4,8,Loyal,100.0,Critical Risk,414934.0
CUST01825,30,15000,646,Business,233224,24,0,193,10,19433,1,2,2,1,5,Lost,100.0,Critical Risk,309065.0
CUST01826,60,79558,739,Salaried,199935,60,1,115,29,57308,1,3,4,3,10,Champions,77.8,Critical Risk,4003995.0
CUST01827,63,15000,688,Business,222122,48,0,275,22,58511,1,1,3,4,8,Loyal,100.0,Critical Risk,1508325.0
CUST01828,27,52684,653,Self-Employed,112842,24,1,3,15,48855,1,4,2,3,9,Loyal,67.4,High Risk,6771674.0
CUST01829,67,33162,714,Freelance,224727,24,2,356,20,20474,1,1,3,1,5,Lost,100.0,Critical Risk,380790.0
CUST01830,54,87559,709,Salaried,95645,48,2,101,18,7455,1,3,3,1,7,At Risk,60.4,High Risk,356213.0
CUST01831,46,58459,739,Salaried,189515,12,1,95,27,40518,1,3,4,2,9,Loyal,90.7,Critical Risk,3036539.0
CUST01832,43,55686,598,Salaried,144676,60,0,117,13,77590,1,3,2,4,9,Loyal,79.9,Critical Risk,2398466.0
CUST01833,32,74970,658,Salaried,143315,24,1,165,27,38140,1,3,4,2,9,Loyal,75.8,Critical Risk,1865358.0
CUST01834,54,53277,553,Self-Employed,146227,60,3,19,6,60355,1,4,1,4,9,Loyal,100.0,Critical Risk,2381576.0
CUST01835,67,54702,491,Salaried,266906,60,2,226,15,28195,1,2,3,1,6,At Risk,100.0,Critical Risk,588067.0
CUST01836,40,74427,462,Business,173085,12,3,303,26,69796,1,1,4,4,9,Loyal,100.0,Critical Risk,1950999.0
CUST01837,60,30911,674,Salaried,113765,24,1,216,22,62764,1,2,3,4,9,Loyal,100.0,Critical Risk,1996019.0
CUST01838,47,66299,756,Self-Employed,181486,36,2,222,10,48983,1,2,2,3,7,At Risk,99.8,Critical Risk,691636.0
CUST01839,32,81325,637,Salaried,153587,48,2,88,16,19802,1,4,3,1,8,Loyal,80.5,Critical Risk,928865.0
CUST01840,41,59759,647,Salaried,134469,36,0,310,24,39442,1,1,4,2,7,At Risk,85.2,Critical Risk,997148.0
CUST01841,45,53249,716,Salaried,232181,12,3,93,24,58985,1,3,4,4,11,Champions,100.0,Critical Risk,3990028.0
CUST01842,28,45254,709,Salaried,150365,36,1,190,25,79514,1,2,4,4,10,Champions,100.0,Critical Risk,3203379.0
CUST01843,38,62917,707,Salaried,154265,36,0,171,3,58866,0,3,1,4,8,Loyal,73.5,High Risk,310642.0
CUST01844,30,62486,595,Salaried,111805,36,0,288,24,54892,1,1,4,3,8,Loyal,78.0,Critical Risk,1481830.0
CUST01845,35,73036,774,Salaried,243358,24,3,322,5,36920,1,1,1,2,4,Lost,100.0,Critical Risk,187947.0
CUST01846,29,42637,686,Business,173581,60,3,192,18,36732,1,2,3,2,7,At Risk,100.0,Critical Risk,1056145.0
CUST01847,62,50481,791,Self-Employed,195928,36,3,96,9,63905,1,3,2,4,9,Loyal,100.0,Critical Risk,1584362.0
CUST01848,39,30980,770,Business,91225,24,0,335,25,41777,0,1,4,2,7,At Risk,92.2,Critical Risk,1026151.0
CUST01849,24,48087,694,Self-Employed,166967,12,1,64,8,43494,1,4,2,2,8,Loyal,96.0,Critical Risk,1263706.0
CUST01850,22,63294,773,Business,160058,24,0,37,17,46466,0,4,3,3,10,Champions,59.2,High Risk,3922742.0
CUST01851,27,57846,714,Salaried,177782,36,0,161,10,14228,0,3,2,1,6,At Risk,84.6,Critical Risk,262948.0
CUST01852,31,40688,726,Salaried,271080,36,0,141,7,50233,1,3,1,3,7,At Risk,100.0,Critical Risk,723072.0
CUST01853,58,68108,686,Freelance,128829,60,0,363,29,18210,1,1,4,1,6,At Risk,79.6,Critical Risk,482485.0
CUST01854,37,70506,724,Salaried,116475,12,2,39,14,49828,1,4,2,3,9,Loyal,65.4,High Risk,3372465.0
CUST01855,55,80118,773,Salaried,226964,36,2,62,10,48207,1,4,2,3,9,Loyal,87.4,Critical Risk,1786351.0
CUST01856,67,48931,590,Freelance,212606,48,2,230,14,60180,1,2,2,4,8,Loyal,100.0,Critical Risk,1153920.0
CUST01857,66,69955,850,Business,151530,48,1,326,9,37141,0,1,2,2,5,Lost,80.1,Critical Risk,336574.0
CUST01858,66,40738,695,Business,260497,48,0,177,17,43839,1,3,3,2,8,Loyal,100.0,Critical Risk,1274103.0
CUST01859,37,36567,750,Business,290698,48,0,245,27,21853,1,2,4,1,7,At Risk,100.0,Critical Risk,765049.0
CUST01860,40,31802,569,Business,260907,12,2,343,10,60643,1,1,2,4,7,At Risk,100.0,Critical Risk,583259.0
CUST01861,22,70582,718,Salaried,83358,48,0,93,2,78165,0,3,1,4,8,Loyal,40.9,Medium Risk,440621.0
CUST01862,29,66024,674,Salaried,57206,48,0,308,1,45711,0,1,1,3,5,Lost,55.4,High Risk,48431.0
CUST01863,37,60494,813,Business,205736,24,1,214,23,61877,0,2,4,4,10,Champions,98.3,Critical Risk,2073682.0
CUST01864,24,68410,694,Salaried,289620,36,3,336,20,37630,1,1,3,2,6,At Risk,100.0,Critical Risk,737447.0
CUST01865,63,80036,725,Salaried,206527,60,2,6,21,39761,1,4,3,2,9,Loyal,81.2,Critical Risk,7171013.0
CUST01866,23,55154,701,Self-Employed,194056,24,0,2,3,89687,1,4,1,4,9,Loyal,81.4,Critical Risk,2550838.0
CUST01867,42,37836,686,Salaried,135803,12,2,191,13,22847,1,2,2,1,5,Lost,100.0,Critical Risk,476523.0
CUST01868,36,39761,677,Salaried,171774,24,1,199,22,61582,1,2,3,4,9,Loyal,100.0,Critical Risk,2099802.0
CUST01869,60,73424,586,Salaried,181028,24,0,193,23,36963,1,2,4,2,8,Loyal,84.4,Critical Risk,1352089.0
CUST01870,35,59953,817,Self-Employed,176130,60,0,305,6,54252,0,1,1,3,5,Lost,86.2,Critical Risk,347912.0
CUST01871,53,66896,569,Salaried,247823,24,2,247,11,32904,1,2,2,2,6,At Risk,100.0,Critical Risk,465995.0
CUST01872,51,81631,666,Salaried,260707,48,0,308,16,64499,1,1,3,4,8,Loyal,100.0,Critical Risk,1093394.0
CUST01873,48,20590,744,Salaried,256291,12,1,332,18,47933,1,1,3,3,7,At Risk,100.0,Critical Risk,854599.0
CUST01874,65,56250,619,Salaried,131793,12,2,141,19,63117,1,3,3,4,10,Champions,95.2,Critical Risk,2466008.0
CUST01875,67,43400,645,Business,125801,36,2,88,29,48364,1,4,4,3,11,Champions,100.0,Critical Risk,4111911.0
CUST01876,25,46123,727,Salaried,178903,60,2,71,8,15758,1,4,2,1,7,At Risk,100.0,Critical Risk,428031.0
CUST01877,29,53821,845,Salaried,289216,24,1,16,1,22826,1,4,1,1,6,At Risk,100.0,Critical Risk,158695.0
CUST01878,35,67096,820,Self-Employed,145019,24,1,191,13,58374,0,2,2,3,7,At Risk,71.1,High Risk,1217515.0
CUST01879,40,62614,828,Freelance,112759,12,0,152,4,41387,0,3,1,2,6,At Risk,50.1,High Risk,320557.0
CUST01880,44,19689,598,Salaried,40142,24,0,49,29,61757,1,4,4,4,12,Champions,63.1,High Risk,7645589.0
CUST01881,56,42218,751,Salaried,329316,36,1,325,3,44889,1,1,1,2,4,Lost,100.0,Critical Risk,135971.0
CUST01882,60,75276,568,Salaried,295229,12,0,279,18,27651,1,1,3,1,5,Lost,100.0,Critical Risk,575807.0
CUST01883,27,25458,732,Self-Employed,267517,48,0,31,25,62497,1,4,4,4,12,Champions,100.0,Critical Risk,8448669.0
CUST01884,42,67901,768,Salaried,80397,48,1,196,20,29604,0,2,3,1,6,At Risk,55.8,High Risk,929502.0
CUST01885,61,58019,653,Freelance,136320,24,0,217,29,74785,1,2,4,4,10,Champions,79.2,Critical Risk,3122679.0
CUST01886,25,57420,656,Salaried,97972,36,0,77,17,64275,1,4,3,4,11,Champions,54.6,High Risk,3513889.0
CUST01887,35,51093,771,Business,202223,36,0,84,3,22059,0,4,1,1,6,At Risk,91.8,Critical Risk,200453.0
CUST01888,36,51391,767,Freelance,175769,60,2,147,20,44009,1,3,3,2,8,Loyal,100.0,Critical Risk,1750767.0
CUST01889,41,58477,741,Salaried,200703,24,2,185,20,59701,1,2,3,4,9,Loyal,100.0,Critical Risk,1967572.0
CUST01890,61,45807,654,Salaried,125230,60,2,333,25,41557,1,1,4,2,7,At Risk,100.0,Critical Risk,1026272.0
CUST01891,65,15000,762,Salaried,205729,24,0,168,18,58391,0,3,3,4,10,Champions,100.0,Critical Risk,1875936.0
CUST01892,67,72594,755,Salaried,263768,24,1,41,3,71721,1,4,1,4,9,Loyal,92.9,Critical Risk,1013348.0
CUST01893,60,15000,774,Business,146651,60,0,295,12,59568,0,1,2,4,7,At Risk,100.0,Critical Risk,787052.0
CUST01894,51,67404,659,Salaried,187314,24,0,229,5,54264,1,2,1,3,6,At Risk,88.3,Critical Risk,373001.0
CUST01895,38,49603,682,Freelance,259953,60,0,155,13,43295,1,3,2,2,7,At Risk,100.0,Critical Risk,1072766.0
CUST01896,29,69369,614,Salaried,107939,60,1,273,8,15300,1,1,2,1,4,Lost,80.7,Critical Risk,144349.0
CUST01897,56,47657,679,Salaried,202756,60,1,333,6,14601,1,1,1,1,3,Lost,100.0,Critical Risk,86539.0
CUST01898,37,57263,609,Business,20000,60,0,120,1,57383,1,3,1,3,7,At Risk,34.4,Medium Risk,133833.0
CUST01899,54,64198,553,Salaried,180005,60,1,244,27,57096,1,2,4,3,9,Loyal,100.0,Critical Risk,2005993.0
CUST01900,63,59114,615,Salaried,210123,24,1,207,13,19157,1,2,2,1,5,Lost,100.0,Critical Risk,373306.0
CUST01901,42,59250,776,Salaried,304919,36,0,15,14,31115,0,4,2,2,8,Loyal,100.0,Critical Risk,3087333.0
CUST01902,33,72541,810,Salaried,48654,60,2,237,9,43632,0,2,2,2,6,At Risk,55.8,High Risk,524063.0
CUST01903,61,39583,610,Salaried,180859,12,1,260,29,46559,1,2,4,3,9,Loyal,100.0,Critical Risk,1662148.0
CUST01904,54,61385,718,Salaried,210912,60,2,332,7,80134,1,1,1,4,6,At Risk,100.0,Critical Risk,555610.0
CUST01905,56,50016,629,Self-Employed,82171,24,1,233,27,33695,1,2,4,2,8,Loyal,78.1,Critical Risk,1232149.0
CUST01906,39,61048,768,Salaried,191177,24,1,313,3,25477,0,1,1,1,3,Lost,100.0,Critical Risk,79821.0
CUST01907,26,36705,733,Self-Employed,275320,48,0,126,11,37123,0,3,2,2,7,At Risk,100.0,Critical Risk,917224.0
CUST01908,31,89314,613,Salaried,111273,24,0,177,17,27831,1,3,3,1,7,At Risk,56.7,High Risk,808859.0
CUST01909,63,42442,575,Salaried,206420,12,0,336,21,32918,1,1,3,2,6,At Risk,100.0,Critical Risk,677360.0
CUST01910,36,100334,740,Salaried,169174,24,1,197,14,29265,0,2,2,1,5,Lost,67.9,High Risk,640446.0
CUST01911,34,66404,798,Business,210284,60,1,80,8,45914,1,4,2,3,9,Loyal,83.7,Critical Risk,1150806.0
CUST01912,22,21494,774,Salaried,106276,24,1,31,26,27776,1,4,4,1,9,Loyal,100.0,Critical Risk,3905100.0
CUST01913,54,80092,674,Salaried,171256,12,2,158,6,55358,1,3,1,3,7,At Risk,88.6,Critical Risk,623311.0
CUST01914,60,71354,613,Salaried,181479,24,2,362,27,28914,1,1,4,1,6,At Risk,100.0,Critical Risk,715050.0
CUST01915,32,50885,816,Business,190772,36,1,148,3,5000,0,3,1,1,5,Lost,99.6,Critical Risk,29675.0
CUST01916,60,56417,779,Salaried,222506,24,1,132,22,49619,0,3,3,3,9,Loyal,100.0,Critical Risk,2364632.0
CUST01917,59,58943,762,Salaried,21357,24,0,96,3,74770,0,3,1,4,8,Loyal,21.5,Low Risk,617911.0
CUST01918,49,93465,734,Business,207069,36,0,148,26,38192,0,3,4,2,9,Loyal,64.9,High Risk,1964456.0
CUST01919,32,72264,544,Salaried,188168,60,2,272,2,30752,1,2,1,1,4,Lost,100.0,Critical Risk,72768.0
CUST01920,55,42871,746,Freelance,212786,12,2,207,11,49682,1,2,2,3,7,At Risk,100.0,Critical Risk,819192.0
CUST01921,49,50377,617,Salaried,222194,24,2,295,24,53728,1,1,4,3,8,Loyal,100.0,Critical Risk,1419781.0
CUST01922,35,72813,663,Salaried,125113,24,0,314,6,63668,1,1,1,4,6,At Risk,73.8,High Risk,397811.0
CUST01923,62,36763,702,Self-Employed,303471,60,3,332,2,50856,1,1,1,3,5,Lost,100.0,Critical Risk,100746.0
CUST01924,31,42997,746,Business,20000,24,2,116,14,37587,0,3,2,2,7,At Risk,46.4,Medium Risk,1259473.0
CUST01925,59,32100,656,Salaried,131713,60,2,209,29,43834,1,2,4,2,8,Loyal,100.0,Critical Risk,1889951.0
CUST01926,47,77144,716,Self-Employed,144230,12,1,261,11,42821,0,2,2,2,6,At Risk,78.6,Critical Risk,577904.0
CUST01927,52,61776,797,Business,117073,24,0,235,28,37351,0,2,4,2,8,Loyal,61.1,High Risk,1405993.0
CUST01928,43,51479,611,Business,130637,12,1,214,17,50731,1,2,3,3,8,Loyal,95.7,Critical Risk,1256630.0
CUST01929,52,52758,667,Self-Employed,148001,12,2,47,25,39464,1,4,4,2,10,Champions,93.3,Critical Risk,4312683.0
CUST01930,48,48186,658,Business,185268,24,0,108,23,67244,1,3,4,4,11,Champions,99.7,Critical Risk,3906667.0
CUST01931,46,29985,674,Self-Employed,153663,48,0,234,23,63029,1,2,4,4,10,Champions,100.0,Critical Risk,1956113.0
CUST01932,65,49474,638,Self-Employed,53024,60,0,85,17,67842,1,4,3,4,11,Champions,43.8,Medium Risk,3464688.0
CUST01933,45,40418,850,Salaried,120940,12,1,295,7,53669,0,1,1,3,5,Lost,94.1,Critical Risk,413648.0
CUST01934,38,26991,651,Business,171802,12,0,123,22,84074,1,3,3,4,10,Champions,100.0,Critical Risk,4232691.0
CUST01935,27,51542,546,Self-Employed,150136,12,2,323,29,47578,1,1,4,3,8,Loyal,100.0,Critical Risk,1400871.0
CUST01936,37,57020,671,Salaried,204226,36,2,56,9,47823,1,4,2,3,9,Loyal,100.0,Critical Risk,1698363.0
CUST01937,54,50951,718,Freelance,188912,48,1,334,4,62141,1,1,1,4,6,At Risk,100.0,Critical Risk,244874.0
CUST01938,34,38346,681,Salaried,219168,48,0,3,27,29896,1,4,4,1,9,Loyal,100.0,Critical Risk,7458863.0
CUST01939,63,34612,734,Self-Employed,279242,12,0,63,9,55428,1,4,2,3,9,Loyal,100.0,Critical Risk,1829960.0
CUST01940,31,43079,802,Self-Employed,72004,24,1,64,23,57242,0,4,4,3,11,Champions,52.2,High Risk,4781558.0
CUST01941,42,15000,623,Salaried,119858,60,0,323,16,86884,1,1,3,4,8,Loyal,100.0,Critical Risk,1411412.0
CUST01942,60,54759,664,Salaried,263160,60,1,349,24,100960,1,1,4,4,9,Loyal,100.0,Critical Risk,2294188.0
CUST01943,23,51504,722,Salaried,216296,60,2,292,9,25384,1,1,2,1,4,Lost,100.0,Critical Risk,253840.0
CUST01944,65,53190,690,Salaried,225362,36,1,324,16,39365,1,1,3,2,6,At Risk,100.0,Critical Risk,637702.0
CUST01945,32,61707,654,Salaried,161078,36,2,80,21,56923,1,4,3,3,10,Champions,93.0,Critical Risk,3745191.0
CUST01946,35,35329,658,Salaried,242106,12,2,86,12,31129,1,4,2,2,8,Loyal,100.0,Critical Risk,1113021.0
CUST01947,23,84379,671,Salaried,70017,36,0,250,1,60595,0,2,1,4,7,At Risk,50.2,High Risk,77198.0
CUST01948,34,70453,481,Salaried,267314,24,1,191,14,55846,1,2,2,3,7,At Risk,100.0,Critical Risk,1254387.0
CUST01949,32,34359,696,Salaried,194184,60,0,69,28,46615,1,4,4,3,11,Champions,100.0,Critical Risk,4515690.0
CUST01950,32,62659,647,Salaried,48954,60,0,113,10,5000,0,3,2,1,6,At Risk,39.7,Medium Risk,122074.0
CUST01951,32,63555,620,Salaried,316675,48,1,257,16,82326,1,2,3,4,9,Loyal,100.0,Critical Risk,1638105.0
CUST01952,66,82719,690,Business,318980,24,0,131,17,50997,1,3,3,3,9,Loyal,99.5,Critical Risk,1889172.0
CUST01953,61,46484,471,Business,85337,48,2,308,20,40311,1,1,3,2,6,At Risk,100.0,Critical Risk,854195.0
CUST01954,63,25822,597,Salaried,244221,24,0,146,15,39554,1,3,3,2,8,Loyal,100.0,Critical Risk,1186620.0
CUST01955,63,27541,850,Salaried,198092,60,1,335,24,37512,0,1,4,2,7,At Risk,100.0,Critical Risk,884536.0
CUST01956,25,47074,687,Salaried,141859,36,1,202,2,38380,1,2,1,2,5,Lost,98.7,Critical Risk,117473.0
CUST01957,65,41634,637,Salaried,114436,24,1,277,8,46519,1,1,2,3,6,At Risk,100.0,Critical Risk,433287.0
CUST01958,31,43590,775,Business,171874,48,1,136,14,40130,0,3,2,2,7,At Risk,100.0,Critical Risk,1188779.0
CUST01959,46,64631,673,Salaried,34886,48,0,112,4,42088,0,3,1,2,6,At Risk,32.9,Medium Risk,413794.0
CUST01960,59,63709,783,Salaried,195332,48,2,206,11,53311,1,2,2,3,7,At Risk,100.0,Critical Risk,882654.0
CUST01961,36,56316,615,Salaried,226346,12,0,338,18,26413,1,1,3,1,5,Lost,100.0,Critical Risk,463374.0
CUST01962,56,53807,574,Business,113730,60,1,215,16,34671,1,2,3,2,7,At Risk,90.0,Critical Risk,805084.0
CUST01963,53,28929,596,Salaried,299474,36,0,159,21,63467,1,3,3,4,10,Champions,100.0,Critical Risk,2488361.0
CUST01964,32,43612,680,Salaried,85983,12,1,157,24,23925,1,3,4,1,8,Loyal,74.7,High Risk,1083116.0
CUST01965,56,44722,708,Self-Employed,284141,60,0,277,14,24359,1,1,2,1,4,Lost,100.0,Critical Risk,397048.0
CUST01966,38,39958,560,Business,173918,24,0,35,11,20439,1,4,2,1,7,At Risk,100.0,Critical Risk,1147728.0
CUST01967,29,17014,569,Salaried,194379,24,0,12,4,17309,1,4,1,1,6,At Risk,100.0,Critical Risk,521054.0
CUST01968,57,65130,731,Salaried,349240,24,1,83,16,39742,1,4,3,2,9,Loyal,100.0,Critical Risk,1942203.0
CUST01969,42,15000,591,Self-Employed,339536,12,1,262,24,56687,1,2,4,3,9,Loyal,100.0,Critical Risk,1663578.0
CUST01970,57,36903,695,Self-Employed,133073,12,0,62,29,16904,1,4,4,1,9,Loyal,88.5,Critical Risk,1816536.0
CUST01971,44,61972,526,Salaried,135955,24,1,261,19,5000,1,2,3,1,6,At Risk,98.9,Critical Risk,116555.0
CUST01972,22,48666,679,Salaried,103741,24,1,218,11,30235,1,2,2,1,5,Lost,83.0,Critical Risk,476988.0
CUST01973,44,41118,738,Business,259723,24,2,160,10,58758,1,3,2,4,9,Loyal,100.0,Critical Risk,1091434.0
CUST01974,40,30088,692,Freelance,239174,12,2,327,2,31241,1,1,1,2,4,Lost,100.0,Critical Risk,62740.0
CUST01975,50,29269,748,Self-Employed,195482,60,2,289,24,56735,1,1,4,3,8,Loyal,100.0,Critical Risk,1526877.0
CUST01976,39,55161,779,Freelance,290775,12,1,298,1,80223,1,1,1,4,6,At Risk,100.0,Critical Risk,87538.0
CUST01977,37,39102,630,Self-Employed,190377,12,2,217,27,19415,1,2,4,1,7,At Risk,100.0,Critical Risk,754772.0
CUST01978,53,60175,648,Salaried,179482,48,0,163,12,61663,1,3,2,4,9,Loyal,87.7,Critical Risk,1353804.0
CUST01979,57,41775,593,Salaried,113061,60,1,279,3,110229,1,1,1,4,6,At Risk,100.0,Critical Risk,382570.0
CUST01980,49,45734,655,Salaried,237705,60,0,6,10,75269,1,4,2,4,10,Champions,100.0,Critical Risk,6464279.0
CUST01981,39,54832,707,Salaried,118740,24,0,300,23,5000,0,1,4,1,6,At Risk,78.4,Critical Risk,124740.0
CUST01982,31,57231,564,Salaried,138961,12,2,126,15,38649,1,3,3,2,8,Loyal,99.7,Critical Risk,1302174.0
CUST01983,24,58776,623,Salaried,49414,48,1,114,19,56979,1,3,3,3,9,Loyal,52.7,High Risk,2625577.0
CUST01984,31,44425,768,Salaried,240664,60,0,77,26,22211,0,4,4,1,9,Loyal,100.0,Critical Risk,1857114.0
CUST01985,24,26688,678,Salaried,201695,36,0,252,13,41078,1,2,2,2,6,At Risk,100.0,Critical Risk,675616.0
CUST01986,50,68372,742,Business,187009,24,1,65,13,51378,1,4,2,3,9,Loyal,77.9,Critical Risk,2401858.0
CUST01987,28,26656,617,Self-Employed,165687,36,3,122,14,41128,1,3,2,2,7,At Risk,100.0,Critical Risk,1325956.0
CUST01988,62,54508,646,Salaried,325859,48,0,78,25,39297,1,4,4,2,10,Champions,100.0,Critical Risk,3131748.0
CUST01989,56,73234,735,Salaried,250817,36,2,56,28,42409,1,4,4,2,10,Champions,100.0,Critical Risk,4685621.0
CUST01990,23,61167,752,Salaried,101956,12,0,109,28,62794,0,3,4,4,11,Champions,49.4,Medium Risk,4410685.0
CUST01991,50,38544,610,Self-Employed,111726,24,1,116,27,51256,1,3,4,3,10,Champions,95.0,Critical Risk,3312314.0
CUST01992,66,53220,534,Self-Employed,157226,12,1,358,1,15748,1,1,1,1,3,Lost,100.0,Critical Risk,14570.0
CUST01993,46,26242,629,Salaried,163577,24,1,155,19,25752,1,3,3,1,7,At Risk,100.0,Critical Risk,932585.0
CUST01994,55,30978,642,Salaried,196325,12,0,32,10,57902,1,4,2,3,9,Loyal,100.0,Critical Risk,3085289.0
CUST01995,65,75348,809,Self-Employed,136555,36,0,90,24,46919,0,4,4,3,11,Champions,46.6,Medium Risk,3249094.0
CUST01996,44,63423,658,Salaried,146714,24,0,47,20,26401,1,4,3,1,8,Loyal,64.1,High Risk,2308111.0
CUST01997,23,53008,688,Salaried,263747,60,3,361,3,52174,1,1,1,3,5,Lost,100.0,Critical Risk,143725.0
CUST01998,51,38134,724,Freelance,152163,48,1,327,7,55751,1,1,1,3,5,Lost,100.0,Critical Risk,391867.0
CUST01999,64,64576,651,Salaried,49175,36,1,293,4,32741,1,1,1,2,4,Lost,63.8,High Risk,145074.0
CUST02000,28,38353,656,Salaried,233800,48,1,236,8,42015,1,2,2,2,6,At Risk,100.0,Critical Risk,450216.0
CUST02001,56,48854,825,Salaried,89736,60,2,111,7,5000,0,3,1,1,5,Lost,67.7,High Risk,86610.0
CUST02002,56,67589,592,Business,164250,60,1,80,15,51142,1,4,3,3,10,Champions,83.9,Critical Risk,2403455.0
CUST02003,60,60857,650,Business,185269,36,0,193,22,69502,1,2,3,4,9,Loyal,91.3,Critical Risk,2431813.0
CUST02004,52,88229,684,Business,140006,36,3,11,27,25735,1,4,4,1,9,Loyal,74.7,High Risk,5339335.0
CUST02005,67,44910,612,Salaried,216131,12,1,362,27,42038,1,1,4,2,7,At Risk,100.0,Critical Risk,1039610.0
CUST02006,47,53282,664,Salaried,139752,12,1,10,29,50916,1,4,4,3,11,Champions,76.8,Critical Risk,11590234.0
CUST02007,45,56040,705,Salaried,251691,60,2,317,22,82485,1,1,3,4,8,Loyal,100.0,Critical Risk,1873705.0
CUST02008,59,39738,685,Business,275852,24,3,27,17,92403,1,4,3,4,11,Champions,100.0,Critical Risk,9029301.0
CUST02009,61,49257,578,Freelance,161350,12,0,131,2,33387,1,3,1,2,6,At Risk,96.1,Critical Risk,145508.0
CUST02010,56,54816,697,Salaried,126196,24,0,131,21,58738,0,3,3,4,10,Champions,67.9,High Risk,2687921.0
CUST02011,30,57314,622,Salaried,68266,24,0,191,13,40732,1,2,2,2,6,At Risk,56.1,High Risk,849553.0
CUST02012,30,39188,706,Business,21886,24,0,40,5,22467,0,4,1,1,6,At Risk,24.9,Low Risk,535977.0
CUST02013,57,34012,689,Salaried,251977,60,0,335,10,47345,1,1,2,3,6,At Risk,100.0,Critical Risk,465166.0
CUST02014,33,30052,713,Business,263732,48,2,9,22,18098,1,4,3,1,8,Loyal,100.0,Critical Risk,3193999.0
CUST02015,65,66356,657,Freelance,220986,60,0,144,4,33330,1,3,1,2,6,At Risk,92.5,Critical Risk,269594.0
CUST02016,32,62517,673,Salaried,250387,48,2,363,10,16154,1,1,2,1,4,Lost,100.0,Critical Risk,147590.0
CUST02017,43,76611,576,Self-Employed,279948,48,1,29,8,43918,1,4,2,2,8,Loyal,100.0,Critical Risk,1957871.0
CUST02018,47,74035,638,Salaried,91419,48,1,327,3,44497,0,1,1,2,4,Lost,77.0,Critical Risk,134042.0
CUST02019,62,63040,645,Business,60261,12,1,265,15,57843,1,2,3,3,8,Loyal,65.8,High Risk,1050383.0
CUST02020,67,90037,640,Salaried,155636,12,0,283,10,5000,1,1,2,1,4,Lost,73.1,High Risk,57121.0
CUST02021,31,52515,765,Freelance,20000,12,0,210,14,23935,0,2,2,1,5,Lost,31.1,Medium Risk,496178.0
CUST02022,54,37394,600,Freelance,253396,36,2,111,27,11145,1,3,4,1,8,Loyal,100.0,Critical Risk,744637.0
CUST02023,33,95827,819,Self-Employed,248217,12,2,355,28,43324,0,1,4,2,7,At Risk,100.0,Critical Risk,1130961.0
CUST02024,64,45356,603,Salaried,174203,12,0,287,19,36883,1,1,3,2,6,At Risk,100.0,Critical Risk,790676.0
CUST02025,60,49432,677,Business,144692,36,0,179,1,62816,0,2,1,4,7,At Risk,85.8,Critical Risk,106394.0
CUST02026,54,67023,575,Salaried,154729,12,2,189,9,25357,1,2,2,1,5,Lost,100.0,Critical Risk,369391.0
CUST02027,62,60809,729,Business,168630,24,0,21,7,38037,0,4,1,2,7,At Risk,66.0,High Risk,1690166.0
CUST02028,32,24270,660,Salaried,43894,48,0,86,16,10888,1,4,3,1,8,Loyal,57.1,High Risk,519069.0
CUST02029,53,68384,744,Salaried,298374,36,0,10,16,44425,1,4,3,2,9,Loyal,95.8,Critical Risk,5579398.0
CUST02030,31,85978,737,Salaried,206339,12,1,292,10,51684,1,1,2,3,6,At Risk,90.2,Critical Risk,574267.0
CUST02031,32,54368,698,Freelance,117910,48,0,193,21,79950,1,2,3,4,9,Loyal,70.3,High Risk,2670225.0
CUST02032,26,31287,558,Business,50010,12,0,230,14,11478,1,2,2,1,5,Lost,72.1,High Risk,220085.0
CUST02033,44,54132,574,Salaried,190325,24,2,203,21,34489,1,2,3,2,7,At Risk,100.0,Critical Risk,1103792.0
CUST02034,42,69288,730,Business,280262,36,1,290,10,29714,1,1,2,1,4,Lost,100.0,Critical Risk,332178.0
CUST02035,63,43703,804,Business,194175,48,0,185,14,45663,0,2,2,3,7,At Risk,100.0,Critical Risk,1053444.0
CUST02036,39,31216,777,Self-Employed,268845,24,3,158,8,22492,1,3,2,1,6,At Risk,100.0,Critical Risk,337669.0
CUST02037,46,45914,800,Salaried,214815,48,0,110,27,27958,0,3,4,1,8,Loyal,100.0,Critical Risk,1880724.0
CUST02038,41,40900,681,Salaried,176065,12,2,114,24,60877,1,3,4,4,11,Champions,100.0,Critical Risk,3543405.0
CUST02039,51,56456,721,Salaried,73199,12,1,209,2,22880,1,2,1,1,4,Lost,62.5,High Risk,68034.0
CUST02040,62,82829,571,Self-Employed,79549,60,2,189,25,56161,1,2,4,3,9,Loyal,75.0,Critical Risk,2272590.0
CUST02041,63,61181,622,Business,72190,36,1,290,20,46917,1,1,3,3,7,At Risk,74.0,High Risk,1048987.0
CUST02042,34,42137,417,Salaried,96309,60,0,162,18,15322,1,3,3,1,7,At Risk,90.5,Critical Risk,507131.0
CUST02043,45,70882,766,Self-Employed,57779,60,0,110,15,17590,0,3,3,1,7,At Risk,31.5,Medium Risk,657374.0
CUST02044,66,43096,850,Salaried,144974,24,2,226,15,38954,0,2,3,2,7,At Risk,100.0,Critical Risk,812469.0
CUST02045,56,38679,590,Business,127545,48,0,300,18,37566,1,1,3,2,6,At Risk,100.0,Critical Risk,733458.0
CUST02046,62,73211,580,Salaried,219675,12,0,48,24,46590,1,4,4,3,11,Champions,83.6,Critical Risk,4829922.0
CUST02047,62,50383,545,Salaried,20000,12,1,134,1,48103,1,3,1,3,7,At Risk,51.1,High Risk,102977.0
CUST02048,44,49311,780,Salaried,281884,60,1,166,3,5000,1,3,1,1,5,Lost,100.0,Critical Risk,27037.0
CUST02049,28,15000,728,Salaried,324467,24,0,245,14,65117,1,2,2,4,8,Loyal,100.0,Critical Risk,1182053.0
CUST02050,50,74845,716,Salaried,262214,60,0,295,28,23610,1,1,4,1,6,At Risk,100.0,Critical Risk,727886.0
CUST02051,43,57663,787,Salaried,186679,48,3,81,26,27475,1,4,4,1,9,Loyal,100.0,Critical Risk,2219045.0
CUST02052,24,40708,691,Self-Employed,108054,24,0,50,28,74075,1,4,4,4,12,Champions,68.8,High Risk,8751983.0
CUST02053,40,96027,748,Self-Employed,65404,48,0,334,7,15816,0,1,1,1,3,Lost,48.5,Medium Risk,109069.0
CUST02054,26,42657,620,Salaried,252804,36,1,133,21,38659,1,3,3,2,8,Loyal,100.0,Critical Risk,1748208.0
CUST02055,45,63832,634,Business,153335,24,0,119,8,23331,1,3,2,1,6,At Risk,73.5,High Risk,438113.0
CUST02056,30,34503,771,Salaried,133675,12,2,168,4,49867,1,3,1,3,7,At Risk,100.0,Critical Risk,356019.0
CUST02057,35,56154,672,Freelance,199019,12,1,171,20,65973,1,3,3,4,10,Champions,100.0,Critical Risk,2320978.0
CUST02058,51,94260,761,Salaried,191656,60,0,156,27,67362,1,3,4,4,11,Champions,60.0,High Risk,3448584.0
CUST02059,48,51873,705,Self-Employed,222645,12,0,41,29,30900,1,4,4,1,9,Loyal,99.8,Critical Risk,4220342.0
CUST02060,36,50272,675,Salaried,61496,60,1,152,8,77945,1,3,2,4,9,Loyal,59.7,High Risk,1207424.0
CUST02061,66,49458,529,Salaried,233358,48,0,228,21,55082,1,2,3,3,8,Loyal,100.0,Critical Risk,1596233.0
CUST02062,59,62786,647,Freelance,207371,24,1,223,23,8989,1,2,4,1,7,At Risk,100.0,Critical Risk,290800.0
CUST02063,60,91788,579,Business,183420,60,3,275,24,47763,1,1,4,3,8,Loyal,100.0,Critical Risk,1343191.0
CUST02064,49,83493,703,Salaried,185263,24,1,301,14,40614,1,1,2,2,5,Lost,89.8,Critical Risk,614926.0
CUST02065,40,55382,597,Self-Employed,67714,24,3,208,20,36200,1,2,3,2,7,At Risk,89.9,Critical Risk,1080818.0
CUST02066,30,26287,717,Salaried,327590,48,1,330,9,40992,1,1,2,2,5,Lost,100.0,Critical Risk,367418.0
CUST02067,67,33016,616,Salaried,194701,36,0,105,6,24090,1,3,1,1,5,Lost,100.0,Critical Risk,372842.0
CUST02068,34,36935,747,Business,127403,60,0,243,17,42631,0,2,3,2,7,At Risk,96.5,Critical Risk,946423.0
CUST02069,40,36879,563,Salaried,147333,12,0,293,15,57727,1,1,3,3,7,At Risk,100.0,Critical Risk,959197.0
CUST02070,67,51436,741,Freelance,230661,24,0,86,22,62737,0,4,3,4,11,Champions,100.0,Critical Risk,4112474.0
CUST02071,25,33475,764,Salaried,132828,12,1,18,20,56733,0,4,3,3,10,Champions,97.1,Critical Risk,7599099.0
CUST02072,41,73573,811,Salaried,135030,36,0,281,24,22125,0,1,4,1,6,At Risk,62.6,High Risk,610441.0
CUST02073,37,73200,715,Salaried,118609,36,2,133,18,26110,1,3,3,1,7,At Risk,73.2,High Risk,1012051.0
CUST02074,39,63578,609,Self-Employed,200606,48,1,297,13,59082,1,1,2,4,7,At Risk,100.0,Critical Risk,840612.0
CUST02075,22,105487,585,Salaried,89687,12,3,342,5,62524,1,1,1,4,6,At Risk,94.4,Critical Risk,301470.0
CUST02076,53,34546,718,Freelance,209674,12,2,280,19,20786,1,1,3,1,5,Lost,100.0,Critical Risk,455453.0
CUST02077,29,38251,673,Self-Employed,65003,36,0,183,24,53219,0,2,4,3,9,Loyal,61.9,High Risk,2123911.0
CUST02078,45,53845,661,Salaried,151857,36,0,17,29,51653,1,4,4,3,11,Champions,71.5,High Risk,10219570.0
CUST02079,48,56087,713,Business,127938,60,1,152,25,90701,1,3,4,4,11,Champions,78.1,Critical Risk,4390698.0
CUST02080,63,28162,692,Freelance,364041,36,0,191,10,43034,1,2,2,2,6,At Risk,100.0,Critical Risk,690436.0
CUST02081,51,46372,591,Self-Employed,140710,24,1,8,16,50037,1,4,3,3,10,Champions,90.2,Critical Risk,6566653.0
CUST02082,65,63552,627,Salaried,115207,60,0,216,6,47051,1,2,1,3,6,At Risk,70.2,High Risk,408086.0
CUST02083,60,93269,702,Salaried,122329,12,2,225,5,47684,1,2,1,3,6,At Risk,75.5,Critical Risk,332785.0
CUST02084,57,69770,551,Self-Employed,245298,12,2,31,14,17746,1,4,2,1,7,At Risk,100.0,Critical Risk,1343438.0
CUST02085,30,15000,609,Self-Employed,20000,24,1,99,26,54882,1,3,4,3,10,Champions,62.3,High Risk,3843765.0
CUST02086,32,42117,639,Salaried,162114,48,2,332,18,61666,1,1,3,4,8,Loyal,100.0,Critical Risk,1099445.0
CUST02087,41,68109,450,Salaried,20000,24,0,306,21,5000,1,1,3,1,5,Lost,60.1,High Risk,111898.0
CUST02088,24,70789,539,Salaried,202813,36,0,314,15,66003,1,1,3,4,8,Loyal,100.0,Critical Risk,1031003.0
CUST02089,67,26903,705,Salaried,163828,48,1,323,14,62037,1,1,2,4,7,At Risk,100.0,Critical Risk,881805.0
CUST02090,40,47449,780,Freelance,224145,60,0,25,22,5000,0,4,3,1,8,Loyal,100.0,Critical Risk,652846.0
CUST02091,44,41358,681,Salaried,112963,48,0,352,19,60275,0,1,3,4,8,Loyal,95.8,Critical Risk,1075951.0
CUST02092,66,82416,600,Business,133560,48,0,170,29,31055,1,3,4,2,9,Loyal,64.6,High Risk,1591851.0
CUST02093,54,56370,699,Salaried,182682,12,2,102,10,44008,1,3,2,2,7,At Risk,100.0,Critical Risk,1159778.0
CUST02094,53,74790,749,Self-Employed,212330,24,1,279,24,24478,0,1,4,1,6,At Risk,97.1,Critical Risk,679643.0
CUST02095,58,62691,716,Salaried,255474,12,3,133,7,41202,1,3,1,2,6,At Risk,100.0,Critical Risk,621068.0
CUST02096,45,39445,638,Self-Employed,126166,36,0,237,27,41468,1,2,4,2,8,Loyal,98.9,Critical Risk,1494213.0
CUST02097,42,30727,607,Self-Employed,236112,48,1,234,10,33488,1,2,2,2,6,At Risk,100.0,Critical Risk,451871.0
CUST02098,47,52414,588,Salaried,221791,36,2,306,17,31847,1,1,3,2,6,At Risk,100.0,Critical Risk,576965.0
CUST02099,25,64407,732,Salaried,128944,12,0,263,29,34866,0,2,4,2,8,Loyal,70.2,High Risk,1232242.0
CUST02100,34,36661,636,Business,262216,36,0,151,25,51832,1,3,4,3,10,Champions,100.0,Critical Risk,2522491.0
CUST02101,25,37853,722,Salaried,150047,12,2,292,11,35627,1,1,2,2,5,Lost,100.0,Critical Risk,435441.0
CUST02102,29,46788,795,Self-Employed,187539,12,1,360,11,54368,0,1,2,3,6,At Risk,100.0,Critical Risk,550536.0
CUST02103,65,55849,682,Business,180393,48,1,79,8,19051,1,4,2,1,7,At Risk,93.3,Critical Risk,481636.0
CUST02104,49,47535,575,Salaried,283706,48,2,54,18,53365,1,4,3,3,10,Champions,100.0,Critical Risk,3874122.0
CUST02105,38,36507,682,Self-Employed,301299,60,1,20,29,48055,1,4,4,3,11,Champions,100.0,Critical Risk,9002870.0
CUST02106,33,96873,764,Salaried,142374,60,2,100,29,28744,0,3,4,1,8,Loyal,63.9,High Risk,2228976.0
CUST02107,53,81077,612,Salaried,284177,36,0,26,12,63023,1,4,2,4,10,Champions,89.5,Critical Risk,4416652.0
CUST02108,38,70471,727,Business,136682,36,0,187,14,44205,0,2,2,2,6,At Risk,63.1,High Risk,1010683.0
CUST02109,60,39727,692,Salaried,308449,24,2,28,14,50927,1,4,2,3,9,Loyal,100.0,Critical Risk,4034682.0
CUST02110,26,56835,800,Freelance,243276,12,1,364,26,18520,1,1,4,1,6,At Risk,100.0,Critical Risk,438838.0
CUST02111,25,55984,680,Business,239044,12,1,297,4,8718,1,1,1,1,3,Lost,100.0,Critical Risk,38166.0
CUST02112,48,66238,687,Freelance,235452,60,0,121,12,58004,1,3,2,3,8,Loyal,92.9,Critical Risk,1613064.0
CUST02113,36,54174,687,Freelance,288644,12,1,224,6,74617,1,2,1,4,7,At Risk,100.0,Critical Risk,627298.0
CUST02114,41,46154,722,Freelance,114154,60,0,308,28,28657,0,1,4,1,6,At Risk,84.1,Critical Risk,850144.0
CUST02115,46,33941,717,Business,198034,12,0,270,17,56447,1,2,3,3,8,Loyal,100.0,Critical Risk,1142752.0
CUST02116,25,47589,548,Salaried,40289,12,2,175,12,46203,1,3,2,3,8,Loyal,73.3,High Risk,956828.0
CUST02117,34,53432,719,Freelance,55454,60,1,141,26,24294,1,3,4,1,8,Loyal,51.9,High Risk,1298874.0
CUST02118,39,56154,747,Self-Employed,223328,60,0,155,12,30703,0,3,2,1,6,At Risk,99.8,Critical Risk,702241.0
CUST02119,28,49700,614,Salaried,143673,36,0,174,1,44810,1,3,1,2,6,At Risk,89.3,Critical Risk,77699.0
CUST02120,31,56826,563,Business,46458,60,1,147,27,42985,1,3,4,2,9,Loyal,59.3,High Risk,2308540.0
CUST02121,67,65691,708,Freelance,266173,12,0,1,1,63669,1,4,1,4,9,Loyal,91.4,Critical Risk,619712.0
CUST02122,49,49840,782,Self-Employed,109091,12,0,318,6,66681,0,1,1,4,6,At Risk,74.9,High Risk,411936.0
CUST02123,35,71771,768,Salaried,237781,48,1,57,29,41325,1,4,4,2,10,Champions,86.9,Critical Risk,4678344.0
CUST02124,60,59837,739,Self-Employed,20000,60,0,19,24,27799,0,4,4,1,9,Loyal,16.3,Low Risk,4387734.0
CUST02125,37,65637,682,Freelance,143568,24,1,23,23,59329,1,4,4,4,12,Champions,67.9,High Risk,8370873.0
CUST02126,37,79115,658,Salaried,280985,48,1,205,13,62798,1,2,2,4,8,Loyal,100.0,Critical Risk,1233857.0
CUST02127,56,67150,629,Self-Employed,222462,60,2,138,2,68598,1,3,1,4,8,Loyal,100.0,Critical Risk,286972.0
CUST02128,35,85748,667,Self-Employed,170898,12,1,193,1,30515,1,2,1,1,4,Lost,79.0,Critical Risk,48531.0
CUST02129,26,70975,643,Salaried,213093,24,0,192,1,86009,1,2,1,4,7,At Risk,90.9,Critical Risk,137389.0
CUST02130,65,42710,737,Self-Employed,173434,24,1,113,10,53117,1,3,2,3,8,Loyal,100.0,Critical Risk,1296836.0
CUST02131,66,78652,567,Business,256843,24,2,53,20,33310,1,4,3,2,9,Loyal,100.0,Critical Risk,2716905.0
CUST02132,52,72024,654,Salaried,284212,60,0,313,1,28781,1,1,1,1,3,Lost,100.0,Critical Risk,30057.0
CUST02133,39,59019,792,Business,96723,36,1,213,26,75319,0,2,4,4,10,Champions,64.5,High Risk,2864839.0
CUST02134,27,31262,672,Self-Employed,81171,24,1,128,1,67599,1,3,1,4,8,Loyal,85.4,Critical Risk,149992.0
CUST02135,34,66092,719,Self-Employed,20000,24,1,142,19,51928,0,3,3,3,9,Loyal,37.3,Medium Risk,2017483.0
CUST02136,62,40984,697,Salaried,209162,36,0,176,19,68012,1,3,3,4,10,Champions,100.0,Critical Risk,2219592.0
CUST02137,43,81932,788,Salaried,109810,60,3,225,19,63377,1,2,3,4,9,Loyal,79.8,Critical Risk,1680763.0
CUST02138,62,28171,804,Salaried,85462,48,2,2,10,49995,0,4,2,3,9,Loyal,84.2,Critical Risk,4739786.0
CUST02139,31,52069,692,Self-Employed,176273,48,1,271,29,51267,1,2,4,3,9,Loyal,100.0,Critical Risk,1764752.0
CUST02140,52,19813,668,Salaried,283200,24,2,287,9,37521,1,1,2,2,5,Lost,100.0,Critical Risk,381009.0
CUST02141,25,27933,833,Business,233406,24,1,149,3,13402,1,3,1,1,5,Lost,100.0,Critical Risk,79112.0
CUST02142,58,31827,646,Salaried,199036,12,1,355,16,58215,1,1,3,3,7,At Risk,100.0,Critical Risk,868392.0
CUST02143,42,43249,535,Self-Employed,207425,60,0,309,1,67187,1,1,1,4,6,At Risk,100.0,Critical Risk,70979.0
CUST02144,60,54146,725,Salaried,187448,48,1,131,26,19313,1,3,4,1,8,Loyal,99.1,Critical Risk,1094211.0
CUST02145,59,65592,699,Business,356499,60,1,349,12,42520,1,1,2,2,5,Lost,100.0,Critical Risk,483107.0
CUST02146,53,48565,676,Salaried,471406,60,2,14,3,28999,1,4,1,1,6,At Risk,100.0,Critical Risk,628790.0
CUST02147,52,50061,833,Salaried,380914,12,1,332,4,27397,1,1,1,1,3,Lost,100.0,Critical Risk,108547.0
CUST02148,34,56714,645,Freelance,159561,48,2,64,15,49969,1,4,3,3,10,Champions,96.4,Critical Risk,2722192.0
CUST02149,26,58384,698,Business,152519,36,2,24,14,57313,1,4,2,3,9,Loyal,85.3,Critical Risk,4840817.0
CUST02150,49,36076,759,Freelance,220491,36,0,128,23,67756,1,3,4,4,11,Champions,100.0,Critical Risk,3457821.0
CUST02151,26,27330,514,Self-Employed,115109,36,0,288,22,69612,1,1,3,4,8,Loyal,100.0,Critical Risk,1722602.0
CUST02152,42,73754,707,Business,223715,48,1,205,18,46797,1,2,3,3,8,Loyal,97.9,Critical Risk,1273111.0
CUST02153,66,71824,641,Self-Employed,66406,48,0,233,29,26661,0,2,4,1,7,At Risk,52.8,High Risk,1047149.0
CUST02154,26,78030,787,Salaried,199856,60,0,81,12,62322,0,4,2,4,10,Champions,62.5,High Risk,2323152.0
CUST02155,60,70070,582,Freelance,197014,24,2,167,23,37155,1,3,4,2,9,Loyal,100.0,Critical Risk,1532758.0
CUST02156,33,57120,592,Self-Employed,256785,60,2,332,5,55650,1,1,1,3,5,Lost,100.0,Critical Risk,275607.0
CUST02157,65,71675,724,Salaried,168270,60,0,248,8,39801,0,2,2,2,6,At Risk,76.5,Critical Risk,408502.0
CUST02158,30,90005,711,Salaried,178635,36,1,209,6,73872,1,2,1,4,7,At Risk,77.0,Critical Risk,658980.0
CUST02159,25,69086,630,Salaried,222615,24,0,340,9,30170,1,1,2,1,4,Lost,100.0,Critical Risk,263236.0
CUST02160,52,40981,646,Salaried,159549,12,1,146,24,84062,1,3,4,4,11,Champions,100.0,Critical Risk,4034976.0
CUST02161,60,53173,697,Salaried,206282,48,1,271,11,32436,1,2,2,2,6,At Risk,100.0,Critical Risk,423514.0
CUST02162,29,64628,681,Salaried,90126,60,1,38,17,36784,0,4,3,2,9,Loyal,53.3,High Risk,3063688.0
CUST02163,51,47174,685,Business,389302,12,3,80,15,67026,1,4,3,4,11,Champions,100.0,Critical Risk,3149934.0
CUST02164,39,57272,610,Salaried,231234,12,2,21,14,51084,1,4,2,3,9,Loyal,100.0,Critical Risk,4539813.0
CUST02165,58,15000,612,Salaried,293008,24,2,359,1,49206,1,1,1,3,5,Lost,100.0,Critical Risk,45411.0
CUST02166,64,51849,684,Business,126736,24,1,30,2,66566,1,4,1,4,9,Loyal,73.4,High Risk,730725.0
CUST02167,40,66039,690,Salaried,183943,60,0,45,12,28630,0,4,2,1,7,At Risk,71.0,High Risk,1538643.0
CUST02168,31,76400,537,Salaried,299108,60,1,71,6,40316,1,4,1,2,7,At Risk,100.0,Critical Risk,821321.0
CUST02169,40,36290,660,Salaried,35304,60,0,103,2,46487,0,3,1,3,7,At Risk,41.7,Medium Risk,243265.0
CUST02170,22,47186,721,Salaried,223161,36,0,124,26,28861,1,3,4,1,8,Loyal,100.0,Critical Risk,1706485.0
CUST02171,53,44786,641,Self-Employed,206922,48,0,360,6,56923,1,1,1,3,5,Lost,100.0,Critical Risk,314404.0
CUST02172,55,48730,653,Business,182358,60,0,198,16,71912,1,2,3,4,9,Loyal,100.0,Critical Risk,1790900.0
CUST02173,63,56468,610,Salaried,203958,36,1,193,9,34371,1,2,2,2,6,At Risk,100.0,Critical Risk,491977.0
CUST02174,36,73686,557,Freelance,285855,12,0,333,16,33542,1,1,3,2,6,At Risk,100.0,Critical Risk,530136.0
CUST02175,63,39067,712,Salaried,198154,60,1,260,21,47460,1,2,3,3,8,Loyal,100.0,Critical Risk,1226917.0
CUST02176,27,56770,647,Salaried,82663,36,2,79,15,62514,1,4,3,4,11,Champions,70.4,High Risk,2963326.0
CUST02177,34,81691,594,Salaried,200968,12,3,336,23,52289,1,1,4,3,8,Loyal,100.0,Critical Risk,1178433.0
CUST02178,32,35156,756,Business,151017,36,1,155,24,81579,0,3,4,4,11,Champions,100.0,Critical Risk,3731760.0
CUST02179,50,76826,628,Salaried,198249,60,2,217,1,25387,1,2,1,1,4,Lost,100.0,Critical Risk,36553.0
CUST02180,54,55940,740,Salaried,278727,48,2,210,25,47133,1,2,4,3,9,Loyal,100.0,Critical Risk,1744781.0
CUST02181,27,64518,687,Self-Employed,47440,24,0,321,9,30280,0,1,2,1,4,Lost,52.9,High Risk,278237.0
CUST02182,58,39457,668,Salaried,171958,48,1,187,4,14742,1,2,1,1,4,Lost,100.0,Critical Risk,96301.0
CUST02183,66,50334,642,Business,145260,36,0,32,8,34850,1,4,2,2,8,Loyal,75.5,Critical Risk,1485577.0
CUST02184,50,30107,636,Salaried,189372,60,2,359,9,10602,1,1,2,1,4,Lost,100.0,Critical Risk,88060.0
CUST02185,55,70553,727,Salaried,234408,24,0,151,24,76230,0,3,4,4,11,Champions,87.8,Critical Risk,3561466.0
CUST02186,53,53661,758,Salaried,262427,24,0,174,9,33438,1,3,2,2,7,At Risk,100.0,Critical Risk,521823.0
CUST02187,40,69104,633,Self-Employed,102732,24,2,137,11,24153,1,3,2,1,6,At Risk,76.8,Critical Risk,558930.0
CUST02188,25,62364,725,Salaried,178128,12,1,249,27,31039,0,2,4,1,7,At Risk,96.7,Critical Risk,1071416.0
CUST02189,38,36506,645,Business,161795,36,0,205,4,55742,1,2,1,3,6,At Risk,100.0,Critical Risk,336991.0
CUST02190,43,62904,782,Business,173303,36,2,170,28,26686,1,3,4,1,8,Loyal,94.0,Critical Risk,1320731.0
CUST02191,63,72426,588,Freelance,247689,48,0,22,5,75719,1,4,1,4,9,Loyal,89.3,Critical Risk,2362174.0
CUST02192,50,60876,702,Salaried,137062,60,2,199,13,57002,1,2,2,3,7,At Risk,92.1,Critical Risk,1148512.0
CUST02193,47,54451,488,Salaried,39187,60,1,171,2,49803,1,3,1,3,7,At Risk,64.8,High Risk,175211.0
CUST02194,25,42143,641,Salaried,318104,24,0,333,29,38723,1,1,4,2,7,At Risk,100.0,Critical Risk,1109291.0
CUST02195,62,37753,569,Self-Employed,154050,60,1,260,1,19894,1,2,1,1,4,Lost,100.0,Critical Risk,24490.0
CUST02196,43,30618,484,Self-Employed,77642,24,0,191,23,64160,1,2,4,4,10,Champions,93.0,Critical Risk,2367575.0
CUST02197,28,46485,611,Business,73164,24,1,133,17,59480,1,3,3,4,10,Champions,69.8,High Risk,2177424.0
CUST02198,41,70267,550,Self-Employed,138977,48,1,8,22,52857,1,4,3,3,10,Champions,72.0,High Risk,9538016.0
CUST02199,24,39993,778,Business,185922,60,2,363,3,50717,1,1,1,3,5,Lost,100.0,Critical Risk,139012.0
CUST02200,22,89571,759,Business,198906,60,1,250,7,6652,1,2,1,1,4,Lost,81.6,Critical Risk,59322.0
CUST02201,38,45010,604,Salaried,258586,48,2,339,18,66855,1,1,3,4,8,Loyal,100.0,Critical Risk,1169740.0
CUST02202,49,40229,519,Salaried,195138,36,0,79,2,33289,1,4,1,2,7,At Risk,100.0,Critical Risk,210398.0
CUST02203,38,69876,669,Self-Employed,311589,36,0,360,1,49928,1,1,1,3,5,Lost,100.0,Critical Risk,45961.0
CUST02204,58,52438,625,Business,208337,60,1,128,25,46488,1,3,4,3,10,Champions,100.0,Critical Risk,2578742.0
CUST02205,39,54222,730,Business,181756,48,1,208,3,47222,1,2,1,3,6,At Risk,100.0,Critical Risk,211485.0
CUST02206,41,38502,699,Freelance,130294,12,1,193,14,74595,1,2,2,4,8,Loyal,100.0,Critical Risk,1660917.0
CUST02207,28,24086,791,Business,277336,48,0,80,3,42184,1,4,1,2,7,At Risk,100.0,Critical Risk,396493.0
CUST02208,30,87371,788,Salaried,56897,36,0,153,6,59231,0,3,1,4,8,Loyal,30.1,Medium Risk,684517.0
CUST02209,53,53334,671,Salaried,156408,48,0,330,23,56300,0,1,4,3,8,Loyal,98.8,Critical Risk,1289600.0
CUST02210,23,36324,770,Self-Employed,288949,48,0,329,14,50980,0,1,2,3,6,At Risk,100.0,Critical Risk,712744.0
CUST02211,33,64589,750,Business,143015,48,1,194,28,18367,0,2,4,1,7,At Risk,77.5,Critical Risk,814363.0
CUST02212,41,49521,775,Self-Employed,106776,24,1,3,5,69278,0,4,1,4,9,Loyal,58.8,High Risk,3200819.0
CUST02213,55,59773,610,Salaried,149698,60,0,269,29,23229,1,2,4,1,7,At Risk,89.7,Critical Risk,804841.0
CUST02214,42,92234,622,Business,382032,60,1,4,16,59041,1,4,3,4,11,Champions,100.0,Critical Risk,8513566.0
CUST02215,45,44584,690,Business,166333,60,2,245,26,51268,1,2,4,3,9,Loyal,100.0,Critical Risk,1728360.0
CUST02216,57,56695,643,Salaried,94354,12,1,144,1,43382,1,3,1,2,6,At Risk,70.2,High Risk,87725.0
CUST02217,37,40519,619,Salaried,288180,12,0,234,24,20484,1,2,4,1,7,At Risk,100.0,Critical Risk,663364.0
CUST02218,51,57841,811,Salaried,194306,60,0,362,6,48817,0,1,1,3,5,Lost,99.8,Critical Risk,268279.0
CUST02219,25,74035,630,Freelance,129728,24,2,202,4,54584,1,2,1,3,6,At Risk,87.6,Critical Risk,334141.0
CUST02220,67,42454,645,Salaried,149440,24,2,225,12,35902,1,2,2,2,6,At Risk,100.0,Critical Risk,601341.0
CUST02221,51,71987,749,Salaried,226441,36,0,166,6,32282,0,3,1,2,6,At Risk,83.9,Critical Risk,349124.0
CUST02222,46,27640,620,Freelance,162489,60,1,189,2,51971,1,2,1,3,6,At Risk,100.0,Critical Risk,168243.0
CUST02223,31,63789,701,Salaried,209923,48,2,225,8,46765,1,2,2,3,7,At Risk,100.0,Critical Risk,522194.0
CUST02224,63,48506,782,Salaried,338208,36,1,135,22,46708,1,3,3,3,9,Loyal,100.0,Critical Risk,2186969.0
CUST02225,43,56755,669,Business,168792,12,3,302,16,54567,1,1,3,3,7,At Risk,100.0,Critical Risk,941422.0
CUST02226,60,55414,749,Business,212695,48,0,133,20,57962,0,3,3,3,9,Loyal,95.0,Critical Risk,2496299.0
CUST02227,32,61122,664,Self-Employed,217090,60,0,76,17,41779,1,4,3,2,9,Loyal,90.8,Critical Risk,2304344.0
CUST02228,33,46870,594,Salaried,221836,36,1,352,9,73349,1,1,2,4,7,At Risk,100.0,Critical Risk,620210.0
CUST02229,32,50509,788,Freelance,163569,12,0,110,26,42847,0,3,4,2,9,Loyal,78.3,Critical Risk,2775550.0
CUST02230,53,41039,700,Self-Employed,121365,12,0,317,20,33033,0,1,3,2,6,At Risk,96.1,Critical Risk,682152.0
CUST02231,24,51275,694,Salaried,98817,48,1,101,11,45883,1,3,2,3,8,Loyal,68.2,High Risk,1339784.0
CUST02232,26,52402,784,Business,138406,12,0,219,26,43172,0,2,4,2,8,Loyal,75.6,Critical Risk,1603531.0
CUST02233,35,53108,679,Salaried,138980,48,2,331,11,57370,1,1,2,3,6,At Risk,100.0,Critical Risk,626777.0
CUST02234,67,55269,653,Salaried,119511,48,0,158,10,26577,1,3,2,1,6,At Risk,70.6,High Risk,498746.0
CUST02235,46,56652,787,Freelance,294730,12,0,248,25,49850,1,2,4,3,9,Loyal,100.0,Critical Risk,1598880.0
CUST02236,47,55219,652,Salaried,170459,48,2,319,1,37022,1,1,1,2,4,Lost,100.0,Critical Risk,38011.0
CUST02237,28,62720,819,Salaried,120679,60,2,196,23,32739,0,2,4,2,8,Loyal,76.8,Critical Risk,1182124.0
CUST02238,55,70142,647,Self-Employed,89993,36,2,254,13,35538,1,2,2,2,6,At Risk,81.3,Critical Risk,580474.0
CUST02239,41,65042,547,Self-Employed,137090,36,1,178,1,28083,1,3,1,1,5,Lost,88.8,Critical Risk,47787.0
CUST02240,51,31526,652,Salaried,104616,36,2,67,4,54684,1,4,1,3,8,Loyal,100.0,Critical Risk,771388.0
CUST02241,39,82614,546,Freelance,168741,48,1,285,16,74478,1,1,3,4,8,Loyal,96.4,Critical Risk,1352882.0
CUST02242,62,83859,557,Salaried,313904,24,3,89,3,20126,1,4,1,1,6,At Risk,100.0,Critical Risk,175601.0
CUST02243,65,45715,818,Salaried,192449,24,1,134,3,42488,0,3,1,2,6,At Risk,100.0,Critical Risk,272870.0
CUST02244,23,42893,752,Salaried,257151,36,1,42,18,42013,1,4,3,2,9,Loyal,100.0,Critical Risk,3516247.0
CUST02245,60,63236,652,Salaried,185036,24,0,142,11,75033,1,3,2,4,9,Loyal,84.6,Critical Risk,1687717.0
CUST02246,34,41636,693,Self-Employed,141852,12,1,47,16,41908,1,4,3,2,9,Loyal,93.4,Critical Risk,2931051.0
CUST02247,40,72844,707,Self-Employed,307689,36,1,44,25,55162,1,4,4,3,11,Champions,100.0,Critical Risk,6252835.0
CUST02248,38,29686,690,Salaried,48915,12,1,155,25,14357,1,3,4,1,8,Loyal,67.3,High Risk,684113.0
CUST02249,32,48377,718,Salaried,205434,48,2,207,2,44989,1,2,1,2,5,Lost,100.0,Critical Risk,134875.0
CUST02250,23,20901,673,Business,89234,60,0,25,16,67342,1,4,3,4,11,Champions,100.0,Critical Risk,6394753.0
CUST02251,50,68500,738,Salaried,111029,48,2,171,11,42239,1,3,2,2,7,At Risk,74.6,High Risk,817299.0
CUST02252,40,79564,777,Business,214181,36,0,149,14,46632,0,3,2,3,8,Loyal,71.4,High Risk,1284580.0
CUST02253,25,30310,829,Salaried,205765,24,0,349,18,40016,0,1,3,2,6,At Risk,100.0,Critical Risk,681985.0
CUST02254,57,45897,788,Salaried,52602,24,0,187,16,62707,0,2,3,4,9,Loyal,42.8,Medium Risk,1638518.0
CUST02255,45,83426,784,Salaried,204540,12,2,310,28,39781,1,1,4,2,7,At Risk,99.3,Critical Risk,1173339.0
CUST02256,63,60112,461,Salaried,177351,24,2,183,9,29589,1,2,2,1,5,Lost,100.0,Critical Risk,442824.0
CUST02257,66,72045,676,Salaried,144258,12,2,258,3,64005,1,2,1,4,7,At Risk,93.9,Critical Risk,237981.0
CUST02258,47,38918,730,Self-Employed,307648,12,1,14,6,42239,1,4,1,2,7,At Risk,100.0,Critical Risk,1831751.0
CUST02259,59,51261,712,Business,202837,36,1,79,20,11441,1,4,3,1,8,Loyal,100.0,Critical Risk,723111.0
CUST02260,46,27789,553,Salaried,108098,48,1,269,11,39605,1,2,2,2,6,At Risk,100.0,Critical Risk,520504.0
CUST02261,26,26588,785,Salaried,59577,60,1,232,7,45878,0,2,1,3,6,At Risk,78.6,Critical Risk,436567.0
CUST02262,23,39225,631,Salaried,258481,24,1,319,13,38635,1,1,2,2,5,Lost,100.0,Critical Risk,515677.0
CUST02263,29,90444,764,Salaried,218994,12,0,258,26,40351,1,2,4,2,8,Loyal,75.9,Critical Risk,1300275.0
CUST02264,41,33005,634,Salaried,215649,60,1,75,10,53330,1,4,2,3,9,Loyal,100.0,Critical Risk,1745780.0
CUST02265,49,35739,647,Business,251710,12,2,344,22,35724,1,1,3,2,6,At Risk,100.0,Critical Risk,753913.0
CUST02266,31,69169,573,Salaried,122342,36,2,347,28,5000,1,1,4,1,6,At Risk,100.0,Critical Risk,133246.0
CUST02267,49,109763,705,Salaried,229887,24,0,279,27,70473,0,1,4,4,9,Loyal,75.4,Critical Risk,2201304.0
CUST02268,41,47903,758,Freelance,138064,48,0,348,10,72381,0,1,2,4,7,At Risk,92.9,Critical Risk,687102.0
CUST02269,30,33305,643,Business,175243,60,0,80,13,47305,1,4,2,3,9,Loyal,100.0,Critical Risk,1926714.0
CUST02270,35,69615,850,Business,222966,48,0,345,24,41739,0,1,4,2,7,At Risk,92.4,Critical Risk,958411.0
CUST02271,38,30358,679,Self-Employed,122694,60,0,14,9,66426,1,4,2,4,10,Champions,94.4,Critical Risk,4320978.0
CUST02272,36,56236,786,Salaried,142204,12,0,192,26,39487,0,2,4,2,8,Loyal,71.0,High Risk,1639963.0
CUST02273,31,25100,711,Salaried,38235,60,2,108,14,47695,1,3,2,3,8,Loyal,69.5,High Risk,1686654.0
CUST02274,36,73855,772,Freelance,214726,60,0,13,15,48984,0,4,3,3,10,Champions,64.9,High Risk,5417927.0
CUST02275,49,76095,684,Salaried,211286,48,0,310,4,51961,1,1,1,3,5,Lost,93.1,Critical Risk,218941.0
CUST02276,49,40958,738,Self-Employed,225197,12,0,77,20,53820,1,4,3,3,10,Champions,100.0,Critical Risk,3461551.0
CUST02277,40,48001,699,Salaried,182512,60,1,280,10,60359,1,1,2,4,7,At Risk,100.0,Critical Risk,696083.0
CUST02278,59,64465,651,Salaried,229869,60,0,290,27,6135,1,1,4,1,6,At Risk,100.0,Critical Risk,185177.0
CUST02279,45,34498,646,Salaried,155007,36,0,95,28,74408,1,3,4,4,11,Champions,100.0,Critical Risk,5782888.0
CUST02280,44,84346,778,Salaried,204622,48,2,69,9,46153,1,4,2,3,9,Loyal,79.4,Critical Risk,1437086.0
CUST02281,54,87325,749,Salaried,141541,12,0,23,5,45093,0,4,1,2,7,At Risk,41.7,Medium Risk,1383105.0
CUST02282,56,78817,670,Freelance,171620,36,1,229,24,39582,1,2,4,2,8,Loyal,85.5,Critical Risk,1305982.0
CUST02283,54,75848,800,Salaried,234145,60,0,77,29,38251,0,4,4,2,10,Champions,71.7,High Risk,3567285.0
CUST02284,29,69466,834,Self-Employed,221171,60,1,16,27,29840,0,4,4,1,9,Loyal,76.2,Critical Risk,5601394.0
CUST02285,65,54469,723,Salaried,234954,12,0,64,29,31798,1,4,4,2,10,Champions,100.0,Critical Risk,3349073.0
CUST02286,51,59517,528,Salaried,299193,60,1,146,28,53637,1,3,4,3,10,Champions,100.0,Critical Risk,3003672.0
CUST02287,32,55542,799,Self-Employed,218928,36,1,252,7,24330,0,2,1,1,4,Lost,100.0,Critical Risk,215470.0
CUST02288,46,65474,702,Salaried,324815,60,3,22,17,16079,1,4,3,1,8,Loyal,100.0,Critical Risk,1705473.0
CUST02289,57,22444,662,Salaried,194862,24,1,28,22,54076,1,4,3,3,10,Champions,100.0,Critical Risk,6732252.0
CUST02290,61,63263,768,Business,321441,60,0,206,8,54482,0,2,2,3,7,At Risk,100.0,Critical Risk,656031.0
CUST02291,62,29873,537,Freelance,66887,60,0,315,19,48562,1,1,3,3,7,At Risk,93.4,Critical Risk,958115.0
CUST02292,41,84761,669,Freelance,225830,36,1,158,29,38465,1,3,4,2,9,Loyal,89.4,Critical Risk,2093327.0
CUST02293,33,72238,745,Salaried,280450,24,1,292,11,15713,1,1,2,1,4,Lost,100.0,Critical Risk,192048.0
CUST02294,22,78323,740,Self-Employed,132764,60,1,112,22,66421,1,3,3,4,10,Champions,61.1,High Risk,3591654.0
CUST02295,59,77184,604,Salaried,133947,36,1,201,22,13636,1,2,3,1,6,At Risk,79.1,Critical Risk,461040.0
CUST02296,52,61306,639,Business,209873,24,2,353,21,23606,1,1,3,1,5,Lost,100.0,Critical Risk,464544.0
CUST02297,52,53485,701,Salaried,190667,36,0,265,16,38359,1,2,3,2,7,At Risk,100.0,Critical Risk,743007.0
CUST02298,33,44895,623,Self-Employed,122830,12,2,87,13,37709,1,4,2,2,8,Loyal,98.4,Critical Risk,1448819.0
CUST02299,52,40136,753,Salaried,205177,12,2,126,26,82613,1,3,4,4,11,Champions,100.0,Critical Risk,4824599.0
CUST02300,47,71891,676,Self-Employed,157992,12,0,127,17,27306,1,3,3,1,7,At Risk,67.0,High Risk,1036292.0
CUST02301,54,71491,712,Self-Employed,180159,12,3,231,19,54795,1,2,3,3,8,Loyal,100.0,Critical Risk,1420573.0
CUST02302,41,54718,666,Salaried,288515,12,1,175,15,37079,1,3,3,2,8,Loyal,100.0,Critical Risk,959846.0
CUST02303,55,37842,675,Business,427688,48,0,314,24,36125,1,1,4,2,7,At Risk,100.0,Critical Risk,902867.0
CUST02304,28,39084,629,Salaried,294399,48,1,67,19,56511,1,4,3,3,10,Champions,100.0,Critical Risk,3786510.0
CUST02305,41,45333,694,Self-Employed,211734,48,0,167,9,75174,1,3,2,4,9,Loyal,100.0,Critical Risk,1213497.0
CUST02306,48,26803,620,Salaried,20000,24,0,23,14,45774,1,4,2,3,9,Loyal,33.5,Medium Risk,3931179.0
CUST02307,52,53512,722,Salaried,111448,12,2,76,4,60453,1,4,1,4,9,Loyal,77.2,Critical Risk,784546.0
CUST02308,22,72195,543,Business,320480,12,0,91,22,69471,1,4,3,4,11,Champions,100.0,Critical Risk,4375311.0
CUST02309,37,40578,683,Salaried,108137,12,1,62,1,56071,1,4,1,3,8,Loyal,80.5,Critical Risk,207776.0
CUST02310,32,39986,772,Business,147188,12,2,304,5,39507,1,1,1,2,4,Lost,100.0,Critical Risk,211748.0
CUST02311,43,58104,740,Salaried,274703,36,0,31,2,50122,1,4,1,3,8,Loyal,100.0,Critical Risk,542060.0
CUST02312,26,57079,575,Business,249989,24,1,275,4,52603,1,1,1,3,5,Lost,100.0,Critical Risk,246550.0
CUST02313,23,67904,697,Business,132801,36,0,267,17,60651,1,2,3,4,9,Loyal,72.2,High Risk,1239998.0
CUST02314,66,56984,670,Freelance,190682,12,1,204,23,41377,1,2,4,2,8,Loyal,100.0,Critical Risk,1444324.0
CUST02315,64,15000,609,Salaried,181523,36,0,97,11,29532,1,3,2,1,6,At Risk,100.0,Critical Risk,888172.0
CUST02316,32,78675,723,Self-Employed,196875,60,2,242,27,73109,1,2,4,4,10,Champions,99.2,Critical Risk,2587035.0
CUST02317,40,64197,539,Freelance,165952,36,2,150,10,49750,1,3,2,3,8,Loyal,100.0,Critical Risk,973660.0
CUST02318,52,75149,597,Salaried,83616,48,0,320,25,61520,1,1,4,4,9,Loyal,67.0,High Risk,1574670.0
CUST02319,62,80607,609,Self-Employed,81735,36,0,341,26,72003,1,1,4,4,9,Loyal,65.8,High Risk,1810089.0
CUST02320,61,63150,655,Business,188642,12,2,319,27,31950,1,1,4,2,7,At Risk,100.0,Critical Risk,885703.0
CUST02321,45,55684,625,Freelance,235593,60,0,151,11,46955,1,3,2,3,8,Loyal,100.0,Critical Risk,1005463.0
CUST02322,67,51545,850,Salaried,169926,48,1,234,7,32018,0,2,1,2,5,Lost,95.2,Critical Risk,302425.0
CUST02323,42,65083,551,Salaried,216834,60,3,55,1,28525,1,4,1,1,6,At Risk,100.0,Critical Risk,113788.0
CUST02324,54,63956,601,Self-Employed,297425,48,1,123,5,56856,1,3,1,3,7,At Risk,100.0,Critical Risk,650547.0
CUST02325,55,73004,782,Salaried,178455,60,0,257,8,42405,0,2,2,2,6,At Risk,75.0,Critical Risk,421883.0
CUST02326,50,62593,645,Salaried,85033,12,0,112,18,33854,1,3,3,2,8,Loyal,51.3,High Risk,1497783.0
CUST02327,57,42694,641,Business,202075,48,0,177,20,69181,1,3,3,4,10,Champions,100.0,Critical Risk,2365439.0
CUST02328,28,70202,690,Freelance,167137,12,1,124,27,52598,1,3,4,3,10,Champions,79.4,Critical Risk,3229616.0
CUST02329,22,42698,609,Salaried,113052,24,3,237,13,95502,1,2,2,4,8,Loyal,100.0,Critical Risk,1656881.0
CUST02330,32,56814,733,Salaried,168974,36,3,333,18,64434,1,1,3,4,8,Loyal,100.0,Critical Risk,1145687.0
CUST02331,26,96392,701,Business,309810,24,1,109,14,79150,1,3,2,4,9,Loyal,94.1,Critical Risk,2779770.0
CUST02332,34,28831,643,Freelance,220266,60,0,61,1,46898,1,4,1,3,8,Loyal,100.0,Critical Risk,175567.0
CUST02333,58,74739,602,Business,20000,60,0,189,29,27504,1,2,4,1,7,At Risk,38.9,Medium Risk,1291041.0
CUST02334,61,65349,616,Salaried,99100,24,0,9,4,31658,1,4,1,2,7,At Risk,48.1,Medium Risk,1015839.0
CUST02335,26,60176,761,Salaried,252398,36,1,100,2,57246,1,3,1,3,7,At Risk,100.0,Critical Risk,306151.0
CUST02336,55,41675,726,Salaried,147808,36,1,281,15,81179,0,1,3,4,8,Loyal,100.0,Critical Risk,1399858.0
CUST02337,40,20182,659,Freelance,208039,12,3,235,18,34941,1,2,3,2,7,At Risk,100.0,Critical Risk,845534.0
CUST02338,29,26767,638,Salaried,180633,60,3,227,11,21225,1,2,2,1,5,Lost,100.0,Critical Risk,323409.0
CUST02339,34,69153,550,Business,189563,60,1,100,22,9342,1,3,3,1,7,At Risk,94.9,Critical Risk,549570.0
CUST02340,30,61598,761,Salaried,177710,12,0,94,7,38992,0,3,1,2,6,At Risk,71.9,High Risk,763407.0
CUST02341,34,64723,712,Salaried,111858,36,1,299,17,46575,1,1,3,3,7,At Risk,79.2,Critical Risk,861395.0
CUST02342,66,61000,568,Freelance,319945,60,1,64,14,43624,1,4,2,2,8,Loyal,100.0,Critical Risk,2218096.0
CUST02343,44,29965,681,Business,146621,60,0,12,15,40360,1,4,3,2,9,Loyal,100.0,Critical Risk,4556103.0
CUST02344,43,42556,735,Self-Employed,287208,36,1,336,7,5460,1,1,1,1,3,Lost,100.0,Critical Risk,37450.0
CUST02345,67,21974,613,Business,239351,12,0,27,18,7322,1,4,3,1,8,Loyal,100.0,Critical Risk,757568.0
CUST02346,65,42862,597,Salaried,194539,36,0,146,15,61484,1,3,3,4,10,Champions,100.0,Critical Risk,1844520.0
CUST02347,25,46557,632,Salaried,297726,36,1,248,6,34446,1,2,1,2,5,Lost,100.0,Critical Risk,265156.0
CUST02348,60,59914,746,Salaried,290674,36,0,331,18,65296,1,1,3,4,8,Loyal,100.0,Critical Risk,1167333.0
CUST02349,53,61272,523,Self-Employed,20000,24,0,83,22,77639,1,4,3,4,11,Champions,37.1,Medium Risk,5217081.0
CUST02350,22,61279,817,Self-Employed,128031,60,1,330,7,43958,0,1,1,2,4,Lost,81.3,Critical Risk,306447.0
CUST02351,35,77145,581,Salaried,140035,48,0,231,19,28572,1,2,3,1,6,At Risk,74.9,High Risk,740736.0
CUST02352,44,79284,634,Self-Employed,122387,36,0,238,16,5000,1,2,3,1,6,At Risk,66.1,High Risk,106375.0
CUST02353,51,43069,702,Freelance,358166,48,1,196,10,64931,1,2,2,4,8,Loyal,100.0,Critical Risk,1019347.0
CUST02354,22,45380,644,Business,67492,24,1,18,7,65456,1,4,1,4,9,Loyal,56.2,High Risk,3068625.0
CUST02355,63,86282,747,Self-Employed,124939,24,0,289,11,65746,0,1,2,4,7,At Risk,60.2,High Risk,810968.0
CUST02356,32,56571,798,Salaried,62096,36,2,307,6,36315,0,1,1,2,4,Lost,71.0,High Risk,231528.0
CUST02357,53,47259,668,Salaried,263578,12,1,55,14,67178,1,4,2,4,10,Champions,100.0,Critical Risk,3751689.0
CUST02358,47,89017,704,Salaried,170679,36,1,348,10,54887,1,1,2,3,6,At Risk,87.6,Critical Risk,521034.0
CUST02359,63,59320,606,Self-Employed,20000,60,2,99,8,19808,1,3,2,1,6,At Risk,52.6,High Risk,426859.0
CUST02360,32,68653,661,Salaried,271045,12,0,207,2,62071,1,2,1,4,7,At Risk,100.0,Critical Risk,186086.0
CUST02361,39,49495,655,Salaried,273082,24,2,327,23,54636,1,1,4,3,8,Loyal,100.0,Critical Risk,1261814.0
CUST02362,34,67639,685,Salaried,174000,48,0,55,16,41581,1,4,3,2,9,Loyal,68.0,High Risk,2653913.0
CUST02363,35,80301,654,Salaried,207732,48,1,203,19,40194,1,2,3,2,7,At Risk,92.7,Critical Risk,1163864.0
CUST02364,67,36609,675,Salaried,238244,36,1,53,6,47417,1,4,1,3,8,Loyal,100.0,Critical Risk,1160260.0
CUST02365,35,67601,626,Freelance,167433,12,2,6,13,24567,1,4,2,1,7,At Risk,86.3,Critical Risk,2742833.0
CUST02366,39,44576,665,Business,201582,24,1,104,29,17462,1,3,4,1,8,Loyal,100.0,Critical Risk,1315554.0
CUST02367,26,27610,684,Self-Employed,219992,12,0,53,19,62210,1,4,3,4,11,Champions,100.0,Critical Risk,4820406.0
CUST02368,31,48496,678,Salaried,117954,36,0,176,22,42891,0,3,3,2,8,Loyal,75.6,Critical Risk,1620775.0
CUST02369,59,89785,499,Salaried,152940,12,2,81,11,29089,1,4,2,1,7,At Risk,86.3,Critical Risk,993977.0
CUST02370,59,29949,665,Salaried,245288,36,1,80,15,67459,1,4,3,4,11,Champions,100.0,Critical Risk,3170283.0
CUST02371,35,43214,842,Freelance,166539,12,1,330,18,51791,0,1,3,3,7,At Risk,100.0,Critical Risk,928423.0
CUST02372,54,74219,730,Salaried,296280,12,0,125,14,33230,1,3,2,2,7,At Risk,98.8,Critical Risk,1051426.0
CUST02373,46,79442,810,Salaried,181821,60,1,135,8,49780,0,3,2,3,8,Loyal,69.8,High Risk,847566.0
CUST02374,43,65690,656,Salaried,126460,12,1,326,25,64581,1,1,4,4,9,Loyal,89.4,Critical Risk,1625660.0
CUST02375,67,45575,796,Salaried,109119,48,0,248,8,44517,0,2,2,2,6,At Risk,72.2,High Risk,456906.0
CUST02376,62,60848,772,Salaried,85704,12,1,211,14,42967,0,2,2,2,6,At Risk,61.2,High Risk,887117.0
CUST02377,25,21623,648,Salaried,173753,48,2,142,19,41489,1,3,3,2,8,Loyal,100.0,Critical Risk,1611912.0
CUST02378,39,46508,534,Salaried,139750,60,1,317,9,16185,1,1,2,1,4,Lost,100.0,Critical Risk,150404.0
CUST02379,51,71225,692,Salaried,53307,24,1,186,17,51368,0,2,3,3,8,Loyal,51.7,High Risk,1432532.0
CUST02380,32,47811,661,Salaried,259226,36,1,319,4,52130,1,1,1,3,5,Lost,100.0,Critical Risk,214092.0
CUST02381,31,49048,525,Salaried,85341,60,0,260,29,43255,1,2,4,2,8,Loyal,79.8,Critical Risk,1544196.0
CUST02382,53,58688,753,Self-Employed,163503,36,0,210,3,39700,0,2,1,2,5,Lost,80.0,Critical Risk,176355.0
CUST02383,60,42938,670,Salaried,244091,24,3,258,9,44354,1,2,2,2,6,At Risk,100.0,Critical Risk,494747.0
CUST02384,47,45267,575,Business,234398,48,1,359,13,39386,1,1,2,2,5,Lost,100.0,Critical Risk,472532.0
CUST02385,61,56404,568,Salaried,195233,24,2,100,24,63173,1,3,4,4,11,Champions,100.0,Critical Risk,4054179.0
CUST02386,29,49414,516,Salaried,212757,12,2,35,11,34292,1,4,2,2,8,Loyal,100.0,Critical Risk,1925628.0
CUST02387,32,15000,728,Salaried,159108,24,0,355,22,33554,1,1,3,2,6,At Risk,100.0,Critical Risk,688221.0
CUST02388,39,40874,616,Freelance,180892,36,2,163,20,48142,1,3,3,3,9,Loyal,100.0,Critical Risk,1761587.0
CUST02389,39,67718,545,Self-Employed,209184,60,1,187,3,43796,1,2,1,2,5,Lost,100.0,Critical Risk,214571.0
CUST02390,38,15000,578,Salaried,207099,12,1,110,6,45248,1,3,1,3,7,At Risk,100.0,Critical Risk,676404.0
CUST02391,34,59636,514,Business,156487,48,1,44,27,27227,1,4,4,1,9,Loyal,90.5,Critical Risk,3333194.0
CUST02392,55,31512,509,Salaried,184897,24,1,192,15,52776,1,2,3,3,8,Loyal,100.0,Critical Risk,1264545.0
CUST02393,35,56033,616,Freelance,211548,36,2,249,28,29675,1,2,4,1,7,At Risk,100.0,Critical Risk,1062271.0
CUST02394,44,54859,712,Self-Employed,303235,48,1,27,1,65104,1,4,1,4,9,Loyal,100.0,Critical Risk,374220.0
CUST02395,61,29754,749,Business,150059,36,0,97,6,43706,1,3,1,2,6,At Risk,100.0,Critical Risk,716975.0
CUST02396,22,58427,636,Salaried,131087,48,0,334,27,97775,1,1,4,4,9,Loyal,87.9,Critical Risk,2600736.0
CUST02397,44,48668,688,Freelance,111935,48,1,282,2,6642,1,1,1,1,3,Lost,91.0,Critical Risk,15223.0
CUST02398,67,43823,850,Business,226288,12,0,152,29,32130,0,3,4,2,9,Loyal,100.0,Critical Risk,1804223.0
CUST02399,23,73903,812,Salaried,186817,12,2,139,12,27939,0,3,2,1,6,At Risk,84.7,Critical Risk,697281.0
CUST02400,66,47106,579,Salaried,208058,12,0,226,19,49978,1,2,3,3,8,Loyal,100.0,Critical Risk,1320371.0
CUST02401,23,26701,684,Salaried,241359,12,0,254,15,71527,1,2,3,4,9,Loyal,100.0,Critical Risk,1348056.0
CUST02402,48,50606,581,Business,95456,36,3,231,17,12766,1,2,3,1,6,At Risk,100.0,Critical Risk,296123.0
CUST02403,63,69473,850,Business,347930,36,1,9,14,28434,1,4,2,1,7,At Risk,100.0,Critical Risk,3193357.0
CUST02404,53,95651,610,Business,283396,60,2,29,3,38896,1,4,1,2,7,At Risk,99.1,Critical Risk,650246.0
CUST02405,66,61058,850,Salaried,197340,60,1,239,25,65285,0,2,4,4,10,Champions,94.3,Critical Risk,2162343.0
CUST02406,25,76430,610,Salaried,190103,36,2,20,5,49554,1,4,1,3,8,Loyal,88.8,Critical Risk,1600638.0
CUST02407,34,53201,619,Salaried,154033,60,1,141,17,61154,1,3,3,4,10,Champions,96.3,Critical Risk,2137806.0
CUST02408,29,44725,697,Salaried,115764,48,0,229,1,5000,0,2,1,1,4,Lost,81.7,Critical Risk,6874.0
CUST02409,36,15000,646,Freelance,145661,36,0,272,26,77585,1,2,4,4,10,Champions,100.0,Critical Risk,2386650.0
CUST02410,53,43460,646,Business,391937,24,1,96,7,47644,1,3,1,3,7,At Risk,100.0,Critical Risk,918720.0
CUST02411,61,54316,638,Self-Employed,114209,24,0,340,20,79203,1,1,3,4,8,Loyal,85.4,Critical Risk,1535676.0
CUST02412,29,46513,730,Self-Employed,223373,12,0,237,12,64637,1,2,2,4,8,Loyal,100.0,Critical Risk,1035137.0
CUST02413,23,51483,628,Business,185268,36,2,76,3,31521,1,4,1,2,7,At Risk,100.0,Critical Risk,306804.0
CUST02414,47,36979,652,Salaried,195808,36,1,364,29,44329,1,1,4,2,7,At Risk,100.0,Critical Risk,1171592.0
CUST02415,35,57536,720,Self-Employed,216573,60,0,248,22,10958,1,2,3,1,6,At Risk,100.0,Critical Risk,309289.0
CUST02416,22,16878,695,Business,81957,36,0,318,15,19237,0,1,3,1,5,Lost,100.0,Critical Risk,297102.0
CUST02417,50,61122,647,Self-Employed,227217,36,0,176,25,27372,1,3,4,1,8,Loyal,100.0,Critical Risk,1175386.0
CUST02418,27,59694,842,Freelance,318818,36,0,73,5,41694,0,4,1,2,7,At Risk,100.0,Critical Risk,694900.0
CUST02419,61,34359,758,Salaried,165177,24,0,53,10,66019,0,4,2,4,10,Champions,100.0,Critical Risk,2692395.0
CUST02420,46,40851,645,Business,262614,60,2,166,13,20204,1,3,2,1,6,At Risk,100.0,Critical Risk,473422.0
CUST02421,30,55127,663,Salaried,137867,24,2,79,5,36935,1,4,1,2,7,At Risk,90.1,Critical Risk,583605.0
CUST02422,44,84763,693,Salaried,110491,60,0,276,14,57381,0,1,2,3,6,At Risk,60.2,High Risk,938294.0
CUST02423,65,47748,688,Salaried,120690,24,0,199,7,14035,1,2,1,1,4,Lost,78.7,Critical Risk,152269.0
CUST02424,62,45326,754,Business,78422,48,0,34,25,68505,0,4,4,4,12,Champions,44.4,Medium Risk,8866782.0
CUST02425,43,26191,788,Salaried,44696,48,0,267,22,52695,0,2,3,3,8,Loyal,60.6,High Risk,1394204.0
CUST02426,32,40289,709,Salaried,315450,24,1,223,9,5000,1,2,2,1,5,Lost,100.0,Critical Risk,63295.0
CUST02427,49,52037,593,Salaried,154901,48,1,101,7,56635,1,3,1,3,7,At Risk,96.5,Critical Risk,1052381.0
CUST02428,34,67343,646,Business,193923,36,0,60,19,46047,1,4,3,3,10,Champions,77.4,Critical Risk,3309181.0
CUST02429,41,57840,711,Freelance,241030,36,0,225,6,29605,1,2,1,1,4,Lost,100.0,Critical Risk,247935.0
CUST02430,23,42197,634,Salaried,69816,48,1,48,1,59143,1,4,1,4,9,Loyal,62.7,High Risk,255470.0
CUST02431,26,40477,769,Business,149239,60,2,318,17,11845,1,1,3,1,5,Lost,100.0,Critical Risk,207329.0
CUST02432,58,23685,805,Self-Employed,281626,24,1,91,23,40616,1,4,4,2,10,Champions,100.0,Critical Risk,2674285.0
CUST02433,53,53699,661,Salaried,142292,24,2,227,1,47810,1,2,1,3,6,At Risk,100.0,Critical Risk,66226.0
CUST02434,47,56157,684,Salaried,293524,60,0,96,17,50073,1,3,3,3,9,Loyal,100.0,Critical Risk,2344928.0
CUST02435,30,39600,607,Self-Employed,268581,60,1,225,3,62136,1,2,1,4,7,At Risk,100.0,Critical Risk,260187.0
CUST02436,25,47048,746,Business,186932,48,1,20,7,30256,1,4,1,1,6,At Risk,98.7,Critical Risk,1368214.0
CUST02437,33,41207,594,Salaried,157567,12,2,329,4,43944,1,1,1,2,4,Lost,100.0,Critical Risk,175536.0
CUST02438,22,55949,671,Salaried,199896,48,0,64,2,49217,1,4,1,3,8,Loyal,89.7,Critical Risk,357497.0
CUST02439,63,51915,650,Salaried,158249,60,0,119,10,14293,1,3,2,1,6,At Risk,85.3,Critical Risk,335495.0
CUST02440,22,53259,811,Self-Employed,281456,36,0,140,14,75772,0,3,2,4,9,Loyal,100.0,Critical Risk,2193739.0
CUST02441,43,71686,642,Business,268065,36,0,363,20,31260,1,1,3,2,6,At Risk,100.0,Critical Risk,571209.0
CUST02442,54,58215,690,Salaried,205014,60,1,15,12,19146,1,4,2,1,7,At Risk,93.3,Critical Risk,1628339.0
CUST02443,32,26750,725,Salaried,70819,60,2,340,28,44125,1,1,4,2,7,At Risk,100.0,Critical Risk,1197762.0
CUST02444,36,65501,688,Freelance,142630,12,1,173,17,37559,1,3,3,2,8,Loyal,79.6,Critical Risk,1112428.0
CUST02445,50,19664,611,Business,154178,12,2,273,28,47643,1,1,4,3,8,Loyal,100.0,Critical Risk,1573220.0
CUST02446,66,69502,764,Business,99251,60,0,136,10,83447,0,3,2,4,9,Loyal,46.0,Medium Risk,1765690.0
CUST02447,66,54926,739,Self-Employed,90198,36,0,362,4,9117,0,1,1,1,3,Lost,70.7,High Risk,33402.0
CUST02448,29,47058,739,Salaried,258300,24,1,12,15,74632,1,4,3,4,11,Champions,100.0,Critical Risk,8424953.0
CUST02449,63,61362,660,Self-Employed,237641,24,0,292,21,56860,1,1,3,3,7,At Risk,100.0,Critical Risk,1326733.0
CUST02450,52,48271,678,Salaried,74729,48,1,294,27,45256,1,1,4,3,8,Loyal,77.6,Critical Risk,1349464.0
CUST02451,51,44687,723,Freelance,185989,12,1,289,7,14996,1,1,1,1,3,Lost,100.0,Critical Risk,117711.0
CUST02452,36,41428,621,Salaried,143834,36,3,106,18,31489,1,3,3,2,8,Loyal,100.0,Critical Risk,1451809.0
CUST02453,43,32302,666,Salaried,144094,24,1,267,26,35917,1,2,4,2,8,Loyal,100.0,Critical Risk,1123072.0
CUST02454,29,27544,608,Salaried,20000,24,3,139,9,93165,1,3,2,4,9,Loyal,73.5,High Risk,1743858.0
CUST02455,62,34399,680,Salaried,197212,60,2,112,18,36283,1,3,3,2,8,Loyal,100.0,Critical Risk,1605248.0
CUST02456,35,41449,642,Salaried,129762,48,1,350,4,51745,1,1,1,3,5,Lost,100.0,Critical Risk,195466.0
CUST02457,25,64135,589,Freelance,218909,60,2,155,19,66610,1,3,3,4,10,Champions,100.0,Critical Risk,2412221.0
CUST02458,56,37839,808,Salaried,199671,48,0,267,17,57759,0,2,3,3,8,Loyal,100.0,Critical Risk,1180872.0
CUST02459,64,59941,645,Salaried,365055,36,0,348,26,51174,1,1,4,3,8,Loyal,100.0,Critical Risk,1263046.0
CUST02460,54,39358,736,Self-Employed,105076,48,0,242,5,60421,0,2,1,4,7,At Risk,81.6,Critical Risk,395937.0
CUST02461,66,89922,703,Salaried,184355,12,1,140,7,60841,1,3,1,4,8,Loyal,73.2,High Risk,880729.0
CUST02462,39,38505,719,Freelance,196054,60,2,136,19,56872,1,3,3,3,9,Loyal,100.0,Critical Risk,2286419.0
CUST02463,47,59079,503,Salaried,91753,24,0,243,6,43005,1,2,1,2,5,Lost,76.3,Critical Risk,336962.0
CUST02464,24,49397,747,Salaried,135984,36,1,1,17,43759,0,4,3,2,9,Loyal,72.6,High Risk,7240656.0
CUST02465,64,60744,612,Salaried,105320,60,0,251,3,38598,1,2,1,2,5,Lost,72.6,High Risk,147008.0
CUST02466,38,45306,686,Self-Employed,263651,60,0,342,1,51380,1,1,1,3,5,Lost,100.0,Critical Risk,49547.0
CUST02467,45,60330,558,Self-Employed,189933,48,1,30,21,15456,1,4,3,1,8,Loyal,96.7,Critical Risk,1781507.0
CUST02468,63,78259,604,Self-Employed,69390,60,2,289,24,5000,1,1,4,1,6,At Risk,79.4,Critical Risk,134562.0
CUST02469,60,40786,655,Salaried,113110,12,0,128,4,75282,1,3,1,4,8,Loyal,80.2,Critical Risk,668156.0
CUST02470,49,34912,766,Self-Employed,245847,48,2,234,7,64960,1,2,1,4,7,At Risk,100.0,Critical Risk,613578.0
CUST02471,45,55351,570,Salaried,301838,36,2,141,11,45667,1,3,2,3,8,Loyal,100.0,Critical Risk,1032975.0
CUST02472,24,48641,750,Salaried,224116,48,0,55,21,52160,0,4,3,3,10,Champions,100.0,Critical Risk,4369469.0
CUST02473,43,47131,683,Self-Employed,295546,24,0,141,19,49150,1,3,3,3,9,Loyal,100.0,Critical Risk,1920311.0
CUST02474,45,54234,710,Self-Employed,164827,48,1,311,23,35134,1,1,4,2,7,At Risk,100.0,Critical Risk,848777.0
CUST02475,26,49989,709,Salaried,139493,48,2,204,17,49131,1,2,3,3,8,Loyal,100.0,Critical Risk,1267600.0
CUST02476,50,78122,729,Salaried,242770,36,0,271,12,56328,1,2,2,3,7,At Risk,93.2,Critical Risk,802331.0
CUST02477,58,45461,684,Salaried,101738,36,2,63,1,25965,1,4,1,1,6,At Risk,82.0,Critical Risk,95248.0
CUST02478,28,77403,650,Business,187038,12,0,3,26,59467,1,4,4,4,12,Champions,63.1,High Risk,14287135.0
CUST02479,42,58157,604,Salaried,136213,36,0,361,2,63303,1,1,1,4,6,At Risk,94.4,Critical Risk,116255.0
CUST02480,31,67749,702,Salaried,192529,24,0,312,9,47806,1,1,2,3,6,At Risk,93.2,Critical Risk,450625.0
CUST02481,27,64690,720,Freelance,169340,12,2,181,18,61195,1,2,3,4,9,Loyal,96.7,Critical Risk,1848511.0
CUST02482,58,60148,762,Salaried,259116,48,1,234,2,22130,1,2,1,1,4,Lost,100.0,Critical Risk,59722.0
CUST02483,38,52648,631,Business,120843,60,2,325,14,60800,1,1,2,4,7,At Risk,100.0,Critical Risk,859441.0
CUST02484,45,70257,693,Freelance,144622,36,3,159,16,72228,1,3,3,4,10,Champions,95.7,Critical Risk,2157604.0
CUST02485,52,52443,658,Salaried,206928,48,1,234,21,67509,1,2,3,4,9,Loyal,100.0,Critical Risk,1912963.0
CUST02486,33,42974,634,Salaried,102650,12,0,297,21,10042,1,1,3,1,5,Lost,87.9,Critical Risk,230800.0
CUST02487,27,43506,803,Freelance,229659,60,0,41,26,51811,0,4,4,3,11,Champions,100.0,Critical Risk,6344341.0
CUST02488,65,54767,812,Salaried,262266,24,0,130,16,120661,0,3,3,4,10,Champions,100.0,Critical Risk,4232194.0
CUST02489,47,51442,693,Self-Employed,232883,60,1,349,1,44057,1,1,1,2,4,Lost,100.0,Critical Risk,41714.0
CUST02490,31,58736,567,Salaried,111882,24,2,157,27,5000,1,3,4,1,8,Loyal,91.6,Critical Risk,254651.0
CUST02491,25,80239,749,Freelance,275451,36,0,125,5,58558,0,3,1,4,8,Loyal,86.3,Critical Risk,661724.0
CUST02492,29,73307,728,Self-Employed,225615,36,2,190,13,42757,1,2,2,2,6,At Risk,100.0,Critical Risk,895726.0
CUST02493,64,78373,712,Business,52380,24,2,146,14,66796,0,3,2,4,9,Loyal,55.4,High Risk,1870288.0
CUST02494,36,50678,432,Freelance,54128,12,2,329,23,71147,1,1,4,4,9,Loyal,98.8,Critical Risk,1634142.0
CUST02495,29,28520,729,Business,130801,36,0,65,1,56983,0,4,1,3,8,Loyal,100.0,Critical Risk,204914.0
CUST02496,27,68808,702,Salaried,371464,60,2,192,2,66116,1,2,1,4,7,At Risk,100.0,Critical Risk,211224.0
CUST02497,59,57758,641,Salaried,244253,36,2,279,8,37267,1,1,2,2,5,Lost,100.0,Critical Risk,344912.0
CUST02498,22,70722,847,Salaried,140554,36,0,245,27,32142,0,2,4,2,8,Loyal,60.1,High Risk,1125255.0
CUST02499,54,52219,536,Salaried,134633,60,0,307,14,58609,1,1,2,4,7,At Risk,99.6,Critical Risk,871884.0
CUST02500,32,39444,669,Salaried,142754,12,2,20,20,90869,1,4,3,4,11,Champions,100.0,Critical Risk,11740596.0
CUST02501,35,39541,666,Business,137347,48,2,159,28,30690,1,3,4,1,8,Loyal,100.0,Critical Risk,1604357.0
CUST02502,65,36620,607,Salaried,220541,48,1,350,25,20428,1,1,4,1,6,At Risk,100.0,Critical Risk,482291.0
CUST02503,64,74855,651,Salaried,411885,24,0,149,10,34679,1,3,2,2,7,At Risk,100.0,Critical Risk,682363.0
CUST02504,50,52200,649,Salaried,96533,24,1,233,22,27990,1,2,3,1,6,At Risk,80.8,Critical Risk,833988.0
CUST02505,64,38178,680,Salaried,311690,60,2,66,20,54957,1,4,3,3,10,Champions,100.0,Critical Risk,3914011.0
CUST02506,24,33642,599,Salaried,165693,60,1,257,13,49058,1,2,2,3,7,At Risk,100.0,Critical Risk,793118.0
CUST02507,54,65676,781,Salaried,180615,12,1,335,25,61607,1,1,4,4,9,Loyal,97.6,Critical Risk,1513227.0
CUST02508,34,65103,695,Salaried,115007,12,2,187,15,69844,1,2,3,4,9,Loyal,82.0,Critical Risk,1710944.0
CUST02509,28,42591,752,Business,243779,24,2,290,6,33073,1,1,1,2,4,Lost,100.0,Critical Risk,221837.0
CUST02510,55,52552,700,Self-Employed,38302,12,0,23,13,67508,0,4,2,4,10,Champions,27.4,Medium Risk,5383621.0
CUST02511,28,58405,578,Self-Employed,106943,48,2,75,23,15904,1,4,4,1,9,Loyal,82.6,Critical Risk,1197436.0
CUST02512,61,62472,569,Salaried,20000,60,0,147,10,54393,1,3,2,3,8,Loyal,38.9,Medium Risk,1081932.0
CUST02513,36,42186,658,Business,57752,24,2,120,29,81443,1,3,4,4,11,Champions,71.2,High Risk,5508461.0
CUST02514,37,61567,569,Business,258999,24,2,223,11,57885,1,2,2,3,7,At Risk,100.0,Critical Risk,895600.0
CUST02515,58,51321,631,Business,293185,60,2,79,21,38840,1,4,3,2,9,Loyal,100.0,Critical Risk,2577564.0
CUST02516,46,36557,654,Salaried,213825,36,3,73,19,19871,1,4,3,1,8,Loyal,100.0,Critical Risk,1258497.0
CUST02517,35,35426,711,Business,246973,36,3,261,11,66043,1,2,2,4,8,Loyal,100.0,Critical Risk,891303.0
CUST02518,28,48490,850,Business,249702,48,1,220,8,33242,0,2,2,2,6,At Risk,100.0,Critical Risk,378427.0
CUST02519,62,46493,671,Salaried,184086,24,0,150,29,41996,1,3,4,2,9,Loyal,100.0,Critical Risk,2383526.0
CUST02520,39,15000,653,Self-Employed,108083,36,1,1,20,74365,1,4,3,4,11,Champions,100.0,Critical Risk,14476387.0
CUST02521,67,48103,741,Freelance,200988,36,2,95,14,54016,1,3,2,3,8,Loyal,100.0,Critical Risk,2099025.0
CUST02522,41,54518,642,Salaried,194525,24,2,337,7,28142,1,1,1,1,3,Lost,100.0,Critical Risk,192511.0
CUST02523,47,67567,761,Salaried,306764,12,1,201,23,28063,1,2,4,1,7,At Risk,100.0,Critical Risk,991953.0
CUST02524,56,50986,598,Freelance,120353,48,1,185,11,38468,1,2,2,2,6,At Risk,90.7,Critical Risk,697287.0
CUST02525,32,52588,639,Salaried,107104,12,3,270,18,72968,1,2,3,4,9,Loyal,100.0,Critical Risk,1564110.0
CUST02526,51,62019,758,Self-Employed,312295,48,1,177,13,28540,1,3,2,1,6,At Risk,100.0,Critical Risk,634296.0
CUST02527,52,42913,767,Salaried,179199,12,0,305,7,33830,0,1,1,2,4,Lost,100.0,Critical Risk,253106.0
CUST02528,30,31459,616,Freelance,101384,12,0,325,29,40380,1,1,4,2,7,At Risk,100.0,Critical Risk,1182358.0
CUST02529,44,65342,741,Freelance,163377,24,2,226,16,44751,1,2,3,2,7,At Risk,96.5,Critical Risk,995603.0
CUST02530,40,47603,677,Business,164936,24,0,142,15,66832,0,3,3,4,10,Champions,93.5,Critical Risk,2049889.0
CUST02531,47,57393,688,Business,157481,60,1,91,5,67801,1,4,1,4,9,Loyal,84.1,Critical Risk,970485.0
CUST02532,41,51182,668,Self-Employed,192413,12,2,349,17,88774,1,1,3,4,8,Loyal,100.0,Critical Risk,1428904.0
CUST02533,22,69504,618,Salaried,186308,12,0,294,15,65494,1,1,3,4,8,Loyal,94.6,Critical Risk,1084961.0
CUST02534,58,55029,667,Salaried,272792,24,3,327,2,77931,1,1,1,4,6,At Risk,100.0,Critical Risk,156505.0
CUST02535,64,49250,672,Salaried,136687,60,1,361,8,29664,1,1,2,1,4,Lost,100.0,Critical Risk,217909.0
CUST02536,53,83562,677,Self-Employed,104710,48,2,170,19,48304,1,3,3,3,9,Loyal,71.6,High Risk,1622219.0
CUST02537,27,48194,612,Salaried,101978,48,2,120,22,31673,1,3,3,2,8,Loyal,89.5,Critical Risk,1625139.0
CUST02538,22,85163,783,Self-Employed,181566,60,0,146,14,78882,0,3,2,4,9,Loyal,59.5,High Risk,2208696.0
CUST02539,45,52865,499,Self-Employed,265973,48,0,208,3,69790,1,2,1,4,7,At Risk,100.0,Critical Risk,312556.0
CUST02540,62,35986,765,Salaried,201634,36,1,274,12,45291,1,1,2,3,6,At Risk,100.0,Critical Risk,638888.0
CUST02541,31,37761,676,Business,256067,60,0,150,23,47105,1,3,4,3,10,Champions,100.0,Critical Risk,2120356.0
CUST02542,25,61656,583,Salaried,202279,24,1,49,19,53693,1,4,3,3,10,Champions,99.1,Critical Risk,4355099.0
CUST02543,60,24346,604,Self-Employed,64593,24,1,85,1,45568,1,4,1,3,8,Loyal,87.9,Critical Risk,136892.0
CUST02544,58,46286,776,Self-Employed,80258,36,0,309,1,14625,0,1,1,1,3,Lost,65.5,High Risk,15450.0
CUST02545,29,46171,535,Salaried,94297,60,0,235,21,32069,1,2,3,2,7,At Risk,83.1,Critical Risk,905373.0
CUST02546,26,20940,582,Self-Employed,76774,48,1,140,15,9234,1,3,3,1,7,At Risk,100.0,Critical Risk,286437.0
CUST02547,63,77826,753,Freelance,278985,12,0,178,29,49388,1,3,4,3,10,Champions,93.4,Critical Risk,2437165.0
CUST02548,25,70519,707,Business,158505,48,2,73,25,13353,1,4,4,1,9,Loyal,81.4,Critical Risk,1112750.0
CUST02549,44,58337,628,Business,50001,60,0,9,14,41374,1,4,2,2,8,Loyal,34.0,Medium Risk,4646618.0
CUST02550,56,77728,694,Freelance,159311,48,0,142,3,52345,1,3,1,3,7,At Risk,64.0,High Risk,321108.0
CUST02551,28,66650,600,Business,164641,36,0,304,14,5000,1,1,2,1,4,Lost,92.6,Critical Risk,75037.0
CUST02552,23,64979,558,Salaried,155147,48,2,158,6,100994,1,3,1,4,8,Loyal,100.0,Critical Risk,1137156.0
CUST02553,36,70932,608,Salaried,43443,12,1,208,1,57200,1,2,1,3,6,At Risk,56.9,High Risk,85391.0
CUST02554,25,58247,796,Freelance,186518,24,1,64,15,58084,1,4,3,3,10,Champions,83.2,Critical Risk,3164278.0
CUST02555,44,60323,654,Salaried,87181,12,0,237,9,53473,1,2,2,3,7,At Risk,62.6,High Risk,642263.0
CUST02556,33,66898,754,Salaried,209064,36,1,76,12,81765,1,4,2,4,10,Champions,85.7,Critical Risk,3183384.0
CUST02557,46,45148,804,Salaried,178038,36,1,1,17,48506,0,4,3,3,10,Champions,92.3,Critical Risk,8026126.0
CUST02558,43,76500,558,Salaried,117773,60,1,318,20,70559,1,1,3,4,8,Loyal,88.2,Critical Risk,1452978.0
CUST02559,51,15000,745,Business,137185,60,0,89,18,51019,0,4,3,3,10,Champions,100.0,Critical Risk,2670875.0
CUST02560,45,69764,712,Salaried,259630,36,2,172,26,56563,1,3,4,3,10,Champions,100.0,Critical Risk,2574498.0
CUST02561,31,86003,564,Salaried,20000,12,2,253,22,49353,1,2,3,3,8,Loyal,66.2,High Risk,1368928.0
CUST02562,23,50977,718,Salaried,118925,48,0,326,29,37842,0,1,4,2,7,At Risk,83.1,Critical Risk,1104986.0
CUST02563,29,43087,675,Salaried,234661,36,0,256,29,50645,1,2,4,3,9,Loyal,100.0,Critical Risk,1832743.0
CUST02564,54,34518,437,Self-Employed,423362,12,2,287,22,11660,1,1,3,1,5,Lost,100.0,Critical Risk,289428.0
CUST02565,61,57262,537,Freelance,197949,60,1,346,7,41442,1,1,1,2,4,Lost,100.0,Critical Risk,276822.0
CUST02566,24,43188,631,Business,233268,48,0,360,29,25770,1,1,4,1,6,At Risk,100.0,Critical Risk,687958.0
CUST02567,36,53682,576,Salaried,202899,48,1,126,3,69526,1,3,1,4,8,Loyal,100.0,Critical Risk,468498.0
CUST02568,64,70995,545,Salaried,155928,12,0,217,3,8588,1,2,1,1,4,Lost,83.9,Critical Risk,37096.0
CUST02569,30,47525,644,Salaried,66911,60,3,72,13,51616,1,4,2,3,9,Loyal,79.1,Critical Risk,2257308.0
CUST02570,31,78781,788,Self-Employed,210240,60,1,357,26,28364,1,1,4,1,6,At Risk,97.2,Critical Risk,684052.0
CUST02571,41,57414,720,Business,199934,60,0,162,29,67468,0,3,4,4,11,Champions,92.4,Critical Risk,3597727.0
CUST02572,22,61838,579,Salaried,87021,12,2,263,28,44928,1,2,4,2,8,Loyal,89.5,Critical Risk,1533102.0
CUST02573,41,60575,689,Freelance,273298,12,0,28,20,5000,1,4,3,1,8,Loyal,100.0,Critical Risk,565891.0
CUST02574,40,106205,622,Salaried,164337,48,2,342,19,58169,1,1,3,3,7,At Risk,95.6,Critical Risk,1065791.0
CUST02575,37,79816,649,Salaried,265489,60,0,48,11,75391,1,4,2,4,10,Champions,85.1,Critical Risk,3582188.0
CUST02576,32,63292,632,Salaried,282217,24,0,327,9,71214,1,1,2,4,7,At Risk,100.0,Critical Risk,643571.0
CUST02577,32,52365,615,Salaried,169430,60,3,295,15,30241,1,1,3,1,5,Lost,100.0,Critical Risk,499455.0
CUST02578,26,65044,491,Business,115132,36,1,185,14,21033,1,2,2,1,5,Lost,86.7,Critical Risk,485231.0
CUST02579,47,66498,703,Self-Employed,195120,12,0,2,12,39239,1,4,2,2,8,Loyal,69.5,High Risk,4464073.0
CUST02580,60,41869,727,Self-Employed,203046,48,1,355,28,17791,1,1,4,1,6,At Risk,100.0,Critical Risk,464429.0
CUST02581,28,46602,647,Salaried,113437,12,0,38,20,70472,1,4,3,4,11,Champions,66.6,High Risk,6905310.0
CUST02582,30,63654,703,Salaried,281599,24,1,301,20,11149,1,1,3,1,5,Lost,100.0,Critical Risk,241149.0
CUST02583,29,64917,722,Self-Employed,200075,60,0,224,15,59345,1,2,3,4,9,Loyal,89.4,Critical Risk,1247270.0
CUST02584,36,40630,710,Salaried,171405,24,0,172,23,35889,1,3,4,2,9,Loyal,100.0,Critical Risk,1445027.0
CUST02585,47,55073,702,Salaried,248519,12,0,124,9,48088,1,3,2,3,8,Loyal,100.0,Critical Risk,984231.0
CUST02586,54,40931,754,Freelance,241030,60,1,96,17,49987,1,3,3,3,9,Loyal,100.0,Critical Risk,2340901.0
CUST02587,58,47683,606,Freelance,143751,60,0,207,2,86519,1,2,1,4,7,At Risk,95.1,Critical Risk,259379.0
CUST02588,26,43617,626,Self-Employed,255391,12,0,140,16,61482,1,3,3,4,10,Champions,100.0,Critical Risk,2034305.0
CUST02589,34,75095,691,Salaried,133093,12,1,176,5,69355,1,3,1,4,8,Loyal,71.5,High Risk,595637.0
CUST02590,41,42911,775,Self-Employed,199244,24,3,195,3,70753,1,2,1,4,7,At Risk,100.0,Critical Risk,334663.0
CUST02591,43,65954,694,Salaried,215246,24,3,111,9,37686,1,3,2,2,7,At Risk,100.0,Critical Risk,839312.0
CUST02592,66,73268,522,Salaried,181406,12,1,26,23,12355,1,4,4,1,9,Loyal,85.5,Critical Risk,1659524.0
CUST02593,57,49037,569,Salaried,164943,24,1,221,19,98228,1,2,3,4,9,Loyal,100.0,Critical Risk,2645480.0
CUST02594,43,79778,748,Salaried,231031,24,0,10,15,29730,0,4,3,1,8,Loyal,66.2,High Risk,3500468.0
CUST02595,42,69524,698,Business,170796,60,0,144,25,48371,1,3,4,3,10,Champions,72.0,High Risk,2445348.0
CUST02596,63,45321,635,Freelance,133409,24,1,277,23,80768,1,1,4,4,9,Loyal,100.0,Critical Risk,2162830.0
CUST02597,27,66051,604,Salaried,127873,36,1,280,18,37824,1,1,3,2,6,At Risk,89.6,Critical Risk,785162.0
CUST02598,67,62405,655,Salaried,212281,36,1,180,27,44823,1,2,4,2,8,Loyal,100.0,Critical Risk,2040326.0
CUST02599,55,46801,616,Salaried,159355,48,0,21,11,71943,1,4,2,4,10,Champions,86.8,Critical Risk,5023498.0
CUST02600,66,47789,544,Salaried,250762,60,1,92,29,58827,1,3,4,4,11,Champions,100.0,Critical Risk,4845788.0
CUST02601,27,32235,724,Salaried,182982,48,3,348,11,45767,1,1,2,3,6,At Risk,100.0,Critical Risk,477905.0
CUST02602,27,67181,713,Salaried,240695,12,0,137,3,56415,1,3,1,3,7,At Risk,92.9,Critical Risk,356049.0
CUST02603,52,43765,726,Salaried,214316,60,0,231,6,72155,1,2,1,4,7,At Risk,100.0,Critical Risk,590727.0
CUST02604,22,75092,608,Salaried,117444,12,0,283,29,19061,1,1,4,1,6,At Risk,72.1,High Risk,631489.0
CUST02605,32,69930,661,Salaried,295526,48,1,16,20,38809,1,4,3,2,9,Loyal,100.0,Critical Risk,5396299.0
CUST02606,44,57954,624,Salaried,198735,12,1,46,4,60614,1,4,1,4,9,Loyal,98.8,Critical Risk,1072684.0
CUST02607,26,79563,629,Self-Employed,55071,60,1,349,3,23287,1,1,1,1,3,Lost,68.6,High Risk,66146.0
CUST02608,52,62503,625,Business,60561,12,3,353,4,74277,1,1,1,4,6,At Risk,94.8,Critical Risk,278420.0
CUST02609,55,46108,619,Freelance,237609,48,1,134,14,67559,1,3,2,4,9,Loyal,100.0,Critical Risk,2024789.0
CUST02610,29,42147,623,Salaried,222845,36,1,205,13,6574,1,2,2,1,5,Lost,100.0,Critical Risk,129166.0
CUST02611,47,32449,676,Salaried,154361,36,0,129,20,31210,1,3,3,2,8,Loyal,100.0,Critical Risk,1376634.0
CUST02612,54,67325,691,Freelance,99245,60,2,17,23,87168,1,4,4,4,12,Champions,62.4,High Risk,13678044.0
CUST02613,43,56467,702,Salaried,271592,36,0,267,4,26544,1,2,1,1,4,Lost,100.0,Critical Risk,127691.0
CUST02614,39,43291,685,Salaried,274896,48,1,262,27,15425,1,2,4,1,7,At Risk,100.0,Critical Risk,509258.0
CUST02615,54,73873,652,Salaried,138315,60,1,214,29,40097,1,2,4,2,8,Loyal,79.4,Critical Risk,1694318.0
CUST02616,24,86167,654,Business,240747,24,0,130,3,41412,1,3,1,2,6,At Risk,80.8,Critical Risk,272349.0
CUST02617,33,52771,601,Salaried,309181,60,0,152,1,50955,1,3,1,3,7,At Risk,100.0,Critical Risk,98666.0
CUST02618,56,54998,785,Self-Employed,34883,12,0,254,6,26881,0,2,1,1,4,Lost,38.3,Medium Risk,202649.0
CUST02619,37,84142,798,Salaried,66288,36,0,338,18,55938,0,1,3,3,7,At Risk,47.3,Medium Risk,981342.0
CUST02620,53,51734,744,Self-Employed,114643,12,3,140,8,66601,1,3,2,4,9,Loyal,93.5,Critical Risk,1101841.0
CUST02621,43,59677,621,Freelance,257260,24,2,259,11,41509,1,2,2,2,6,At Risk,100.0,Critical Risk,563989.0
CUST02622,39,72683,565,Business,103317,36,0,333,15,40520,1,1,3,2,6,At Risk,76.5,Critical Risk,600398.0
CUST02623,38,55448,562,Salaried,145135,24,0,281,9,62921,1,1,2,4,7,At Risk,96.4,Critical Risk,651009.0
CUST02624,59,69807,697,Salaried,170857,24,0,278,27,21166,0,1,4,1,6,At Risk,82.9,Critical Risk,663246.0
CUST02625,42,60328,688,Salaried,174725,24,3,274,15,61119,1,1,3,4,8,Loyal,100.0,Critical Risk,1077702.0
CUST02626,32,54792,814,Freelance,249983,12,0,293,15,37531,0,1,3,2,6,At Risk,100.0,Critical Risk,623618.0
CUST02627,32,69225,694,Salaried,255188,48,1,219,27,60916,1,2,4,4,10,Champions,100.0,Critical Risk,2349617.0
CUST02628,28,79941,669,Salaried,337319,12,2,124,6,40188,1,3,1,2,6,At Risk,100.0,Critical Risk,548360.0
CUST02629,23,49563,748,Freelance,145584,60,0,255,13,79158,0,2,2,4,8,Loyal,87.1,Critical Risk,1288524.0
CUST02630,41,45336,690,Salaried,253260,24,1,81,28,67476,1,4,4,4,12,Champions,100.0,Critical Risk,5868976.0
CUST02631,46,54669,661,Salaried,20000,60,0,89,6,58137,0,4,1,3,8,Loyal,28.4,Medium Risk,1014502.0
CUST02632,44,38020,674,Salaried,230927,24,0,199,5,24488,1,2,1,1,4,Lost,100.0,Critical Risk,189769.0
CUST02633,45,49247,608,Salaried,270418,12,1,11,28,26075,1,4,4,1,9,Loyal,100.0,Critical Risk,5610242.0
CUST02634,67,50005,597,Salaried,256162,48,3,318,22,44481,1,1,3,2,6,At Risk,100.0,Critical Risk,1007567.0
CUST02635,27,48956,700,Business,178069,48,1,3,28,59576,1,4,4,4,12,Champions,93.9,Critical Risk,15414347.0
CUST02636,60,35686,580,Salaried,215179,60,0,317,23,66445,1,1,4,4,9,Loyal,100.0,Critical Risk,1577951.0
CUST02637,37,15000,575,Salaried,101493,60,0,311,23,72771,1,1,4,4,9,Loyal,100.0,Critical Risk,1758022.0
CUST02638,53,38266,560,Self-Employed,216280,60,1,70,26,107172,1,4,4,4,12,Champions,100.0,Critical Risk,9549881.0
CUST02639,41,41402,738,Salaried,138278,12,3,188,6,65959,1,2,1,4,7,At Risk,100.0,Critical Risk,643431.0
CUST02640,25,37929,738,Salaried,129415,36,1,41,15,36570,0,4,3,2,9,Loyal,89.8,Critical Risk,2583494.0
CUST02641,34,40540,768,Salaried,261825,48,0,354,13,82658,1,1,2,4,7,At Risk,100.0,Critical Risk,1004385.0
CUST02642,34,77049,706,Self-Employed,324630,48,0,143,10,40887,1,3,2,2,7,At Risk,100.0,Critical Risk,831407.0
CUST02643,26,60405,740,Business,166878,12,1,122,13,40595,1,3,2,2,7,At Risk,83.3,Critical Risk,1215289.0
CUST02644,65,106476,712,Freelance,145742,24,0,308,9,43961,0,1,2,2,5,Lost,62.7,High Risk,419193.0
CUST02645,65,76641,743,Business,189491,48,0,86,16,39309,0,4,3,2,9,Loyal,64.3,High Risk,1873996.0
CUST02646,42,83594,716,Self-Employed,112142,60,1,78,18,57529,1,4,3,3,10,Champions,53.0,High Risk,3301009.0
CUST02647,39,49854,688,Salaried,236373,12,1,201,2,61626,1,2,1,4,7,At Risk,100.0,Critical Risk,189419.0
CUST02648,29,50869,679,Business,101307,12,0,262,9,60537,1,2,2,4,8,Loyal,73.8,High Risk,666211.0
CUST02649,47,62010,731,Self-Employed,301102,48,2,45,3,32475,1,4,1,2,7,At Risk,100.0,Critical Risk,436321.0
CUST02650,39,97868,707,Self-Employed,111354,60,0,66,10,51372,0,4,2,3,9,Loyal,38.6,Medium Risk,1829344.0
CUST02651,65,97719,631,Freelance,148309,12,0,198,16,69841,1,2,3,4,9,Loyal,62.6,High Risk,1739324.0
CUST02652,39,89396,678,Salaried,218857,60,1,208,13,47780,1,2,2,3,7,At Risk,88.6,Critical Risk,927264.0
CUST02653,40,57497,645,Freelance,235784,24,1,285,1,47587,1,1,1,3,5,Lost,100.0,Critical Risk,54026.0
CUST02654,63,61760,607,Salaried,182274,36,0,184,17,103619,1,2,3,4,9,Loyal,91.8,Critical Risk,2915900.0
CUST02655,64,57520,773,Business,246202,12,0,45,21,46908,0,4,3,3,10,Champions,94.9,Critical Risk,4411654.0
CUST02656,48,82568,611,Salaried,323485,48,1,49,29,45298,1,4,4,3,11,Champions,100.0,Critical Risk,5607945.0
CUST02657,64,19756,649,Salaried,165075,12,0,232,7,28976,1,2,1,1,4,Lost,100.0,Critical Risk,275731.0
CUST02658,44,58465,588,Self-Employed,85739,12,0,362,3,70546,1,1,1,4,6,At Risk,78.1,Critical Risk,193847.0
CUST02659,34,74157,621,Salaried,197411,12,2,234,29,77531,1,2,4,4,10,Champions,100.0,Critical Risk,3033884.0
CUST02660,26,56638,681,Salaried,169669,60,2,229,2,68741,1,2,1,4,7,At Risk,100.0,Critical Risk,189005.0
CUST02661,39,58508,529,Freelance,263280,12,0,59,28,41305,1,4,4,2,10,Champions,100.0,Critical Risk,4420284.0
CUST02662,23,64016,706,Salaried,136969,12,1,294,17,35155,1,1,3,2,6,At Risk,87.4,Critical Risk,660020.0
CUST02663,29,17233,703,Salaried,141193,24,0,181,25,49384,1,2,4,3,9,Loyal,100.0,Critical Risk,2071857.0
CUST02664,48,21920,682,Business,233290,48,2,356,7,26130,1,1,1,1,3,Lost,100.0,Critical Risk,170095.0
CUST02665,56,62314,587,Freelance,20000,12,0,210,18,34361,1,2,3,2,7,At Risk,42.8,Medium Risk,915829.0
CUST02666,22,71874,546,Self-Employed,266949,24,2,307,6,23790,1,1,1,1,3,Lost,100.0,Critical Risk,151674.0
CUST02667,64,60833,648,Salaried,238730,36,0,174,19,37891,1,3,3,2,8,Loyal,100.0,Critical Risk,1248333.0
CUST02668,40,33926,570,Salaried,20000,12,0,272,9,42811,1,2,2,2,6,At Risk,54.5,High Risk,455864.0
CUST02669,48,56629,623,Salaried,335774,24,0,28,12,63532,1,4,2,4,10,Champions,100.0,Critical Risk,4314266.0
CUST02670,48,40849,648,Business,216684,48,0,302,4,5000,1,1,1,1,3,Lost,100.0,Critical Risk,21566.0
CUST02671,62,73580,687,Business,131865,12,1,41,14,16511,1,4,2,1,7,At Risk,61.1,High Risk,1088661.0
CUST02672,22,54612,756,Salaried,109168,60,0,122,26,85893,0,3,4,4,11,Champions,56.8,High Risk,5142742.0
CUST02673,22,53234,761,Business,183197,24,1,244,6,5000,1,2,1,1,4,Lost,100.0,Critical Risk,39037.0
CUST02674,44,45788,660,Salaried,174913,12,3,40,5,28363,1,4,1,1,6,At Risk,100.0,Critical Risk,676634.0
CUST02675,47,48736,767,Salaried,228743,36,2,27,5,55174,1,4,1,3,8,Loyal,100.0,Critical Risk,1585709.0
CUST02676,33,53076,638,Salaried,275217,60,0,65,8,27419,1,4,2,1,7,At Risk,100.0,Critical Risk,788803.0
CUST02677,22,77319,583,Self-Employed,177328,12,0,48,28,25890,1,4,4,1,9,Loyal,69.2,High Risk,3131311.0
CUST02678,64,39182,683,Self-Employed,243176,48,1,143,17,30370,1,3,3,1,7,At Risk,100.0,Critical Risk,1049838.0
CUST02679,37,48646,610,Freelance,197102,24,1,90,9,33715,1,4,2,2,8,Loyal,100.0,Critical Risk,875524.0
CUST02680,54,52662,814,Salaried,97263,12,1,176,6,27365,0,3,1,1,5,Lost,64.0,High Risk,282020.0
CUST02681,60,66721,760,Salaried,192339,60,1,228,6,57003,0,2,1,3,6,At Risk,92.9,Critical Risk,471972.0
CUST02682,43,15000,574,Salaried,147551,12,2,75,16,61680,1,4,3,4,11,Champions,100.0,Critical Risk,3230594.0
CUST02683,43,37332,756,Salaried,33189,12,1,255,1,14121,0,2,1,1,4,Lost,55.6,High Risk,17682.0
CUST02684,48,54680,671,Salaried,169836,48,1,70,8,24016,1,4,2,1,7,At Risk,90.9,Critical Risk,658467.0
CUST02685,44,40332,576,Salaried,303126,36,0,305,17,30450,1,1,3,1,5,Lost,100.0,Critical Risk,553272.0
CUST02686,38,49920,708,Salaried,186175,36,2,190,3,27908,1,2,1,1,4,Lost,100.0,Critical Risk,134919.0
CUST02687,45,43520,782,Self-Employed,229673,60,0,208,18,52549,0,2,3,3,8,Loyal,100.0,Critical Risk,1412053.0
CUST02688,53,69750,668,Salaried,20000,36,1,123,24,32990,0,3,4,2,9,Loyal,39.1,Medium Risk,1811865.0
CUST02689,32,37807,663,Salaried,138410,36,0,289,29,72964,1,1,4,4,9,Loyal,100.0,Critical Risk,2372731.0
CUST02690,26,44751,618,Self-Employed,96916,48,0,145,20,29224,1,3,3,1,7,At Risk,72.1,High Risk,1175401.0
CUST02691,36,44352,711,Self-Employed,179717,36,2,325,2,24427,1,1,1,1,3,Lost,100.0,Critical Risk,49327.0
CUST02692,57,60946,658,Salaried,216249,48,1,358,22,46174,1,1,3,3,7,At Risk,100.0,Critical Risk,939866.0
CUST02693,40,58294,723,Freelance,128719,48,0,235,12,38947,0,2,2,2,6,At Risk,72.7,High Risk,628316.0
CUST02694,27,76188,763,Salaried,308212,60,1,364,17,80478,1,1,3,4,8,Loyal,100.0,Critical Risk,1246856.0
CUST02695,62,63417,685,Salaried,105572,60,1,248,3,43326,0,2,1,2,5,Lost,75.7,Critical Risk,166756.0
CUST02696,57,42447,677,Salaried,163594,36,1,257,26,52001,1,2,4,3,9,Loyal,100.0,Critical Risk,1681395.0
CUST02697,29,46231,762,Business,373506,24,0,120,28,52627,1,3,4,3,10,Champions,100.0,Critical Risk,3436728.0
CUST02698,54,45177,726,Salaried,122395,36,0,291,19,70287,0,1,3,4,8,Loyal,87.1,Critical Risk,1488367.0
CUST02699,37,71659,763,Business,42609,12,0,260,20,64790,0,2,3,4,9,Loyal,39.6,Medium Risk,1595167.0
CUST02700,37,57117,648,Salaried,67338,36,1,49,20,34508,1,4,3,2,9,Loyal,52.3,High Risk,2946297.0
CUST02701,64,64197,621,Freelance,93459,60,2,36,10,39090,1,4,2,2,8,Loyal,68.7,High Risk,1967979.0
CUST02702,47,70662,671,Self-Employed,121374,12,2,327,9,74689,1,1,2,4,7,At Risk,94.2,Critical Risk,674975.0
CUST02703,28,54995,672,Business,149725,36,0,205,5,5000,1,2,1,1,4,Lost,84.2,Critical Risk,37785.0
CUST02704,65,44648,761,Salaried,20000,60,3,129,11,63298,0,3,2,4,9,Loyal,56.0,High Risk,1535598.0
CUST02705,45,63092,659,Self-Employed,118446,12,2,326,20,72783,1,1,3,4,8,Loyal,98.2,Critical Risk,1465699.0
CUST02706,65,56898,810,Business,256422,36,0,94,27,70009,0,3,4,4,11,Champions,100.0,Critical Risk,5286887.0
CUST02707,43,59172,740,Salaried,218076,36,2,296,18,60165,1,1,3,4,8,Loyal,100.0,Critical Risk,1188824.0
CUST02708,62,36632,709,Self-Employed,289297,48,0,303,6,36720,1,1,1,2,4,Lost,100.0,Critical Risk,236868.0
CUST02709,57,55548,726,Salaried,108084,24,3,104,28,27109,1,3,4,1,8,Loyal,86.5,Critical Risk,1971914.0
CUST02710,60,63661,760,Freelance,74642,60,2,163,26,46216,0,3,4,3,10,Champions,63.4,High Risk,2198445.0
CUST02711,31,24780,762,Business,303715,36,3,261,20,40003,1,2,3,2,7,At Risk,100.0,Critical Risk,981586.0
CUST02712,67,54298,676,Self-Employed,131199,48,0,334,17,40182,1,1,3,2,6,At Risk,88.4,Critical Risk,672954.0
CUST02713,67,92449,749,Salaried,194604,48,0,262,20,88174,0,2,3,4,9,Loyal,71.0,High Risk,2156349.0
CUST02714,44,67673,729,Salaried,287987,12,0,328,26,60766,1,1,4,4,9,Loyal,100.0,Critical Risk,1582083.0
CUST02715,36,57592,741,Salaried,94725,48,2,190,27,39661,1,2,4,2,8,Loyal,76.4,Critical Risk,1725647.0
CUST02716,30,78687,507,Salaried,195043,48,0,217,16,60483,1,2,3,4,9,Loyal,92.4,Critical Risk,1393376.0
CUST02717,61,60281,675,Freelance,79520,60,1,169,14,47283,1,3,2,3,8,Loyal,63.0,High Risk,1175748.0
CUST02718,38,40327,596,Self-Employed,64075,60,3,81,11,20116,1,4,2,1,7,At Risk,86.9,Critical Risk,687368.0
CUST02719,30,60150,696,Business,162309,60,1,83,19,41546,1,4,3,2,9,Loyal,82.0,Critical Risk,2411059.0
CUST02720,50,52418,773,Business,273544,48,0,274,23,40761,1,1,4,2,7,At Risk,100.0,Critical Risk,1102057.0
CUST02721,61,61610,570,Salaried,115835,24,0,265,3,54666,1,2,1,3,6,At Risk,79.7,Critical Risk,198538.0
CUST02722,34,49847,604,Self-Employed,156371,12,1,341,3,67020,1,1,1,4,6,At Risk,100.0,Critical Risk,194402.0
CUST02723,38,28135,669,Salaried,43022,12,1,175,4,6500,1,3,1,1,5,Lost,68.1,High Risk,44870.0
CUST02724,67,57625,623,Self-Employed,167447,48,3,273,8,78424,1,1,2,4,7,At Risk,100.0,Critical Risk,739897.0
CUST02725,31,73499,605,Business,115559,36,0,5,7,32609,1,4,1,2,7,At Risk,49.7,Medium Risk,2007614.0
CUST02726,32,63665,673,Salaried,301470,24,3,65,14,44267,1,4,2,2,8,Loyal,100.0,Critical Risk,2228614.0
CUST02727,37,91462,704,Self-Employed,72188,24,0,15,12,16343,0,4,2,1,7,At Risk,27.6,Medium Risk,1389948.0
CUST02728,47,46735,634,Freelance,50346,60,0,127,15,31850,0,3,3,2,8,Loyal,47.7,Medium Risk,1066537.0
CUST02729,59,50391,776,Salaried,211404,60,2,189,7,62905,1,2,1,4,7,At Risk,100.0,Critical Risk,712737.0
CUST02730,56,33946,771,Business,281012,60,1,300,13,8366,1,1,2,1,4,Lost,100.0,Critical Risk,117969.0
CUST02731,35,49474,667,Salaried,90453,36,0,273,2,97866,1,1,1,4,6,At Risk,72.3,High Risk,230831.0
CUST02732,27,40142,578,Salaried,192447,12,3,198,3,31742,1,2,1,2,5,Lost,100.0,Critical Risk,148220.0
CUST02733,65,54666,724,Salaried,183228,48,1,90,18,40354,1,4,3,2,9,Loyal,93.6,Critical Risk,2095856.0
CUST02734,51,60512,714,Salaried,41011,36,0,10,17,77697,0,4,3,4,11,Champions,24.3,Low Risk,10367955.0
CUST02735,33,90955,538,Self-Employed,260995,24,1,281,25,33104,1,1,4,2,7,At Risk,100.0,Critical Risk,951414.0
CUST02736,41,58291,638,Salaried,178182,12,0,334,22,53221,1,1,3,3,7,At Risk,100.0,Critical Risk,1153481.0
CUST02737,46,86549,574,Self-Employed,41363,36,3,319,21,29935,1,1,3,1,5,Lost,85.9,Critical Risk,645434.0
CUST02738,65,43617,609,Business,311834,48,0,268,11,21488,1,2,2,1,5,Lost,100.0,Critical Risk,283331.0
CUST02739,60,33487,765,Salaried,264685,12,1,141,15,50334,1,3,3,3,9,Loyal,100.0,Critical Risk,1552556.0
CUST02740,42,44967,510,Business,273017,60,1,173,24,37304,1,3,4,2,9,Loyal,100.0,Critical Risk,1559824.0
CUST02741,56,40351,494,Salaried,277184,48,0,101,9,54621,1,3,2,3,8,Loyal,100.0,Critical Risk,1304945.0
CUST02742,51,50414,607,Self-Employed,236943,60,0,283,20,5000,1,1,3,1,5,Lost,100.0,Critical Risk,114241.0
CUST02743,49,39780,672,Salaried,135155,48,0,142,14,33427,1,3,2,2,7,At Risk,92.6,Critical Risk,956930.0
CUST02744,49,45850,651,Business,99568,60,0,329,9,74099,1,1,2,4,7,At Risk,84.9,Critical Risk,665979.0
CUST02745,45,69323,707,Freelance,126894,12,1,149,6,11005,1,3,1,1,5,Lost,69.3,High Risk,129924.0
CUST02746,39,50517,625,Salaried,296914,36,0,280,28,105488,1,1,4,4,9,Loyal,100.0,Critical Risk,3406279.0
CUST02747,46,89687,684,Salaried,150618,24,0,73,23,30223,0,4,4,1,9,Loyal,51.7,High Risk,2317097.0
CUST02748,64,81761,523,Salaried,221007,24,1,246,5,67034,1,2,1,4,7,At Risk,100.0,Critical Risk,433052.0
CUST02749,36,78401,705,Salaried,453121,24,0,339,29,39809,1,1,4,2,7,At Risk,100.0,Critical Risk,1122179.0
CUST02750,30,57451,505,Salaried,129702,36,0,280,5,32012,1,1,1,2,4,Lost,93.3,Critical Risk,184587.0
CUST02751,62,72267,615,Business,261399,60,3,315,21,57872,1,1,3,3,7,At Risk,100.0,Critical Risk,1261988.0
CUST02752,60,46544,614,Salaried,261692,12,1,76,2,41297,1,4,1,2,7,At Risk,100.0,Critical Risk,267972.0
CUST02753,35,77137,621,Business,74803,48,0,223,6,32223,0,2,1,2,5,Lost,54.4,High Risk,271940.0
CUST02754,24,81591,583,Business,139634,24,2,210,15,13968,1,2,3,1,6,At Risk,90.9,Critical Risk,310243.0
CUST02755,29,78148,670,Business,107335,60,1,272,1,69138,1,2,1,4,7,At Risk,72.9,High Risk,81800.0
CUST02756,40,42280,746,Business,216494,48,3,280,14,38780,1,1,2,2,5,Lost,100.0,Critical Risk,626116.0
CUST02757,25,41183,680,Self-Employed,232536,36,0,163,20,71206,1,3,3,4,10,Champions,100.0,Critical Risk,2605533.0
CUST02758,66,68631,657,Salaried,313311,24,0,166,18,32706,1,3,3,2,8,Loyal,100.0,Critical Risk,1061128.0
CUST02759,23,35949,604,Salaried,229425,60,1,101,29,5000,1,3,4,1,8,Loyal,100.0,Critical Risk,384909.0
CUST02760,61,48745,711,Salaried,190284,48,1,199,4,21578,1,2,1,1,4,Lost,100.0,Critical Risk,133774.0
CUST02761,60,37485,643,Self-Employed,126059,60,0,2,11,59570,1,4,2,4,10,Champions,82.5,Critical Risk,6212300.0
CUST02762,30,55332,683,Salaried,168829,60,0,255,3,48359,0,2,1,3,6,At Risk,94.1,Critical Risk,181657.0
CUST02763,27,59717,673,Salaried,158976,12,1,51,3,40385,1,4,1,2,7,At Risk,80.3,Critical Risk,505389.0
CUST02764,25,45540,668,Business,168213,60,1,314,12,65140,1,1,2,4,7,At Risk,100.0,Critical Risk,814018.0
CUST02765,66,63277,622,Business,190292,48,1,32,23,32824,1,4,4,2,10,Champions,89.4,Critical Risk,4022737.0
CUST02766,61,59031,684,Business,128191,36,0,223,29,74027,1,2,4,4,10,Champions,73.8,High Risk,3019560.0
CUST02767,26,47603,776,Salaried,241692,36,3,150,16,57130,1,3,3,3,9,Loyal,100.0,Critical Risk,1788950.0
CUST02768,26,40257,624,Salaried,185542,60,1,63,9,9310,1,4,2,1,7,At Risk,100.0,Critical Risk,307370.0
CUST02769,45,53948,646,Business,271826,48,0,284,11,49498,1,1,2,3,6,At Risk,100.0,Critical Risk,620076.0
CUST02770,38,48984,693,Business,228883,12,2,323,2,65703,1,1,1,4,6,At Risk,100.0,Critical Risk,133416.0
CUST02771,22,15000,633,Salaried,187232,36,0,201,17,53845,1,2,3,3,8,Loyal,100.0,Critical Risk,1406771.0
CUST02772,22,42809,788,Business,225873,12,0,105,19,57799,0,3,3,3,9,Loyal,100.0,Critical Risk,2832764.0
CUST02773,43,20887,712,Salaried,248471,24,2,55,19,41123,1,4,3,2,9,Loyal,100.0,Critical Risk,3116809.0
CUST02774,46,55046,838,Salaried,199749,60,0,36,20,5000,0,4,3,1,8,Loyal,76.4,Critical Risk,503448.0
CUST02775,49,63808,694,Self-Employed,166127,12,1,243,22,58429,1,2,3,4,9,Loyal,93.4,Critical Risk,1678658.0
CUST02776,42,24242,622,Self-Employed,160269,24,2,205,1,43863,1,2,1,2,5,Lost,100.0,Critical Risk,66294.0
CUST02777,48,65158,850,Business,289667,36,1,120,2,46465,0,3,1,3,7,At Risk,100.0,Critical Risk,216738.0
CUST02778,40,75474,634,Self-Employed,55441,48,1,45,5,80885,1,4,1,4,9,Loyal,44.1,Medium Risk,1811229.0
CUST02779,28,58363,637,Salaried,115110,12,2,297,7,31336,1,1,1,2,4,Lost,99.3,Critical Risk,240070.0
CUST02780,57,38163,638,Self-Employed,245217,36,3,260,20,12925,1,2,3,1,6,At Risk,100.0,Critical Risk,318221.0
CUST02781,25,48143,802,Freelance,131451,12,1,150,14,16060,0,3,2,1,6,At Risk,80.4,Critical Risk,440035.0
CUST02782,29,48049,782,Self-Employed,216930,24,1,189,28,37358,1,2,4,2,8,Loyal,100.0,Critical Risk,1693121.0
CUST02783,43,39511,763,Salaried,105340,48,3,349,13,32356,1,1,2,2,5,Lost,100.0,Critical Risk,398260.0
CUST02784,30,68732,596,Salaried,156378,60,1,11,16,70895,1,4,3,4,11,Champions,74.9,High Risk,8716354.0
CUST02785,43,52975,649,Salaried,200462,36,0,39,8,82152,1,4,2,4,10,Champions,93.5,Critical Risk,3177269.0
CUST02786,40,43181,792,Salaried,238270,36,1,126,19,28469,1,3,3,1,7,At Risk,100.0,Critical Risk,1214969.0
CUST02787,27,77616,677,Salaried,100536,12,1,210,21,73966,1,2,3,4,9,Loyal,65.7,High Risk,2299998.0
CUST02788,67,28088,622,Salaried,23056,36,3,312,28,46806,1,1,4,3,8,Loyal,88.6,Critical Risk,1372618.0
CUST02789,41,73241,627,Self-Employed,171398,12,1,44,2,77866,1,4,1,4,9,Loyal,76.6,Critical Risk,706114.0
CUST02790,46,43480,714,Freelance,71113,24,2,90,19,31640,1,4,3,2,9,Loyal,70.0,High Risk,1734572.0
CUST02791,62,49508,593,Salaried,228665,48,3,266,13,63282,1,2,2,4,8,Loyal,100.0,Critical Risk,992638.0
CUST02792,34,76093,768,Self-Employed,183705,60,0,160,19,58531,0,3,3,4,10,Champions,67.4,High Risk,2065712.0
CUST02793,38,78223,613,Business,95577,48,1,301,14,35100,1,1,2,2,5,Lost,76.4,Critical Risk,531440.0
CUST02794,37,81822,679,Business,244074,60,1,60,5,45019,1,4,1,2,7,At Risk,87.0,Critical Risk,851396.0
CUST02795,34,52167,645,Business,294759,12,1,227,3,64278,1,2,1,4,7,At Risk,100.0,Critical Risk,267114.0
CUST02796,56,38318,557,Salaried,175541,12,2,306,21,76072,1,1,3,4,8,Loyal,100.0,Critical Risk,1702458.0
CUST02797,29,83109,718,Salaried,278580,12,2,335,27,58757,1,1,4,4,9,Loyal,100.0,Critical Risk,1558682.0
CUST02798,31,65217,596,Self-Employed,62683,12,0,188,7,43536,1,2,1,2,5,Lost,53.1,High Risk,495477.0
CUST02799,52,59204,802,Salaried,69382,12,3,261,13,48713,1,2,2,3,7,At Risk,78.4,Critical Risk,776952.0
CUST02800,36,81391,564,Salaried,295467,36,0,312,11,55215,1,1,2,3,6,At Risk,100.0,Critical Risk,636121.0
CUST02801,65,72211,638,Salaried,87590,12,0,5,7,54232,1,4,1,3,8,Loyal,40.1,Medium Risk,3338862.0
CUST02802,27,38543,705,Salaried,210697,36,0,127,28,5000,1,3,4,1,8,Loyal,100.0,Critical Risk,312538.0
CUST02803,28,40248,530,Salaried,179312,48,0,272,19,54462,1,2,3,3,8,Loyal,100.0,Critical Risk,1224292.0
CUST02804,49,23406,520,Salaried,293908,12,0,127,18,51346,1,3,3,3,9,Loyal,100.0,Critical Risk,2063261.0
CUST02805,44,61230,659,Business,211251,12,0,308,9,21922,1,1,2,1,4,Lost,100.0,Critical Risk,209039.0
CUST02806,31,50217,695,Freelance,140504,12,1,209,27,44486,1,2,4,2,8,Loyal,94.4,Critical Risk,1785782.0
CUST02807,35,47532,618,Business,20000,48,0,38,18,67619,1,4,3,4,11,Champions,28.4,Medium Risk,5963179.0
CUST02808,62,43887,672,Salaried,119972,12,0,55,18,58464,0,4,3,4,11,Champions,72.1,High Risk,4197907.0
CUST02809,37,68290,714,Salaried,106513,24,0,342,5,40553,0,1,1,2,4,Lost,69.2,High Risk,195533.0
CUST02810,47,84992,592,Freelance,188419,24,1,360,22,35491,1,1,3,2,6,At Risk,100.0,Critical Risk,718771.0
CUST02811,27,81948,736,Self-Employed,252409,48,0,304,4,40178,0,1,1,2,4,Lost,94.9,Critical Risk,172276.0
CUST02812,58,25684,717,Salaried,206662,24,0,109,7,52444,1,3,1,3,7,At Risk,100.0,Critical Risk,920924.0
CUST02813,47,65191,787,Business,209354,36,0,109,5,48495,0,3,1,3,7,At Risk,77.8,Critical Risk,608271.0
CUST02814,45,83594,686,Self-Employed,108155,48,0,162,20,50067,0,3,3,3,9,Loyal,51.1,High Risk,1841255.0
CUST02815,36,55077,651,Business,242264,48,0,310,22,44344,1,1,3,2,6,At Risk,100.0,Critical Risk,1027655.0
CUST02816,27,50732,678,Self-Employed,192331,24,0,311,3,30579,1,1,1,1,3,Lost,100.0,Critical Risk,96357.0
CUST02817,32,60192,738,Self-Employed,159965,60,1,47,1,25449,0,4,1,1,6,At Risk,75.2,Critical Risk,111244.0
CUST02818,35,45967,721,Salaried,227169,36,1,163,7,39635,1,3,1,2,6,At Risk,100.0,Critical Risk,507606.0
CUST02819,45,73229,583,Freelance,115869,48,2,31,4,49589,1,4,1,3,8,Loyal,73.6,High Risk,1072592.0
CUST02820,55,62057,703,Salaried,88175,24,1,54,4,47742,1,4,1,3,8,Loyal,53.5,High Risk,770202.0
CUST02821,65,83292,632,Salaried,65339,24,1,18,28,45092,1,4,4,2,10,Champions,43.0,Medium Risk,8455784.0
CUST02822,55,91944,713,Self-Employed,172097,24,1,265,7,53598,1,2,1,3,6,At Risk,79.2,Critical Risk,454205.0
CUST02823,29,48283,583,Salaried,195121,60,1,85,29,28736,1,4,4,1,9,Loyal,100.0,Critical Risk,2503461.0
CUST02824,44,78848,657,Salaried,164727,24,0,265,1,37427,1,2,1,2,5,Lost,77.6,Critical Risk,45310.0
CUST02825,26,49229,515,Salaried,160217,12,0,21,3,50102,1,4,1,3,8,Loyal,91.2,Critical Risk,954116.0
CUST02826,26,73115,501,Self-Employed,115032,36,2,246,29,53967,1,2,4,3,9,Loyal,97.1,Critical Risk,2022091.0
CUST02827,42,16102,653,Freelance,251686,60,3,44,6,82204,1,4,1,4,9,Loyal,100.0,Critical Risk,2236357.0
CUST02828,55,87814,613,Self-Employed,147109,48,1,144,1,68001,1,3,1,4,8,Loyal,72.6,High Risk,137509.0
CUST02829,60,34659,681,Salaried,226834,12,0,32,16,69441,1,4,3,4,11,Champions,100.0,Critical Risk,5920225.0
CUST02830,22,56874,841,Freelance,251502,36,0,84,18,67518,0,4,3,4,11,Champions,96.0,Critical Risk,3681272.0
CUST02831,43,45189,707,Business,289240,36,1,266,19,67290,1,2,3,4,9,Loyal,100.0,Critical Risk,1542665.0
CUST02832,46,62234,715,Salaried,234846,36,1,127,26,15637,1,3,4,1,8,Loyal,100.0,Critical Risk,907615.0
CUST02833,51,92354,749,Salaried,121084,12,0,75,12,21276,0,4,2,1,7,At Risk,39.7,Medium Risk,835775.0
CUST02834,23,40942,724,Business,255859,24,0,49,11,56325,1,4,2,3,9,Loyal,100.0,Critical Risk,2644969.0
CUST02835,56,41089,641,Self-Employed,189668,24,1,152,18,54851,1,3,3,3,9,Loyal,100.0,Critical Risk,1911783.0
CUST02836,59,61892,744,Business,289922,36,2,5,10,52808,1,4,2,3,9,Loyal,100.0,Critical Risk,4644559.0
CUST02837,29,47254,826,Salaried,177924,36,0,337,23,41966,0,1,4,2,7,At Risk,100.0,Critical Risk,943252.0
CUST02838,48,71623,831,Freelance,163591,36,1,187,23,32707,0,2,4,2,8,Loyal,72.4,High Risk,1228525.0
CUST02839,39,82662,636,Business,123326,36,1,292,17,46491,1,1,3,3,7,At Risk,79.4,Critical Risk,878163.0
CUST02840,54,66837,656,Business,41573,12,0,131,23,83335,1,3,4,4,11,Champions,37.3,Medium Risk,4176700.0
CUST02841,48,58777,611,Self-Employed,223005,12,1,155,6,83030,1,3,1,4,8,Loyal,100.0,Critical Risk,949534.0
CUST02842,59,54211,564,Salaried,279825,24,1,312,25,73414,1,1,4,4,9,Loyal,100.0,Critical Risk,1922246.0
CUST02843,45,49830,534,Freelance,131173,60,3,307,28,23952,1,1,4,1,6,At Risk,100.0,Critical Risk,712633.0
CUST02844,32,62703,807,Salaried,20000,48,2,316,14,60848,0,1,2,4,7,At Risk,55.5,High Risk,882080.0
CUST02845,57,42591,681,Salaried,195133,24,3,9,23,73765,1,4,4,4,12,Champions,100.0,Critical Risk,13610048.0
CUST02846,59,88212,594,Business,183963,60,0,242,10,34489,1,2,2,2,6,At Risk,80.2,Critical Risk,452010.0
CUST02847,45,43600,640,Self-Employed,197657,60,1,46,29,69995,1,4,4,4,12,Champions,100.0,Critical Risk,8980571.0
CUST02848,50,80493,789,Salaried,88269,24,0,115,25,55655,0,3,4,3,10,Champions,35.8,Medium Risk,3352158.0
CUST02849,22,90178,710,Business,291903,36,1,7,22,27368,1,4,3,1,8,Loyal,85.5,Critical Risk,5052070.0
CUST02850,24,57059,603,Self-Employed,111383,12,0,130,7,35010,1,3,1,2,6,At Risk,67.7,High Risk,537241.0
CUST02851,43,51797,518,Self-Employed,145915,60,1,79,16,28510,1,4,3,1,8,Loyal,97.0,Critical Risk,1441545.0
CUST02852,53,52658,707,Salaried,133513,12,1,85,16,64040,1,4,3,4,11,Champions,78.1,Critical Risk,3078137.0
CUST02853,39,44400,711,Self-Employed,20000,60,2,174,25,66771,1,3,4,4,11,Champions,53.4,High Risk,2894467.0
CUST02854,58,27233,783,Salaried,339772,60,2,207,13,27054,1,2,2,1,5,Lost,100.0,Critical Risk,527192.0
CUST02855,46,37333,556,Self-Employed,214487,60,0,163,27,30144,1,3,4,1,8,Loyal,100.0,Critical Risk,1489068.0
CUST02856,23,42373,750,Freelance,337149,24,2,169,4,61731,1,3,1,4,8,Loyal,100.0,Critical Risk,438575.0
CUST02857,32,72970,516,Salaried,144779,12,0,348,24,47227,1,1,4,3,8,Loyal,92.6,Critical Risk,1075965.0
CUST02858,32,69407,640,Business,131822,36,0,53,23,16048,1,4,4,1,9,Loyal,57.6,High Risk,1505284.0
CUST02859,45,49565,676,Self-Employed,86423,12,2,155,29,45691,1,3,4,3,10,Champions,80.3,Critical Risk,2525531.0
CUST02860,29,65453,752,Self-Employed,244115,60,2,327,20,43665,1,1,3,2,6,At Risk,100.0,Critical Risk,876904.0
CUST02861,34,47853,632,Salaried,333194,48,1,100,7,42146,1,3,1,2,6,At Risk,100.0,Critical Risk,788887.0
CUST02862,32,58806,572,Salaried,207624,12,2,47,13,41002,1,4,2,2,8,Loyal,100.0,Critical Risk,2329994.0
CUST02863,58,47526,769,Business,125798,36,2,38,25,21941,0,4,4,1,9,Loyal,82.0,Critical Risk,2687404.0
CUST02864,57,48955,600,Salaried,240523,36,3,341,9,50754,1,1,2,3,6,At Risk,100.0,Critical Risk,441661.0
CUST02865,30,68868,692,Salaried,46998,12,0,257,5,15598,0,2,1,1,4,Lost,46.3,Medium Risk,96989.0
CUST02866,59,36984,766,Self-Employed,75949,36,0,159,17,37587,0,3,3,2,8,Loyal,60.2,High Risk,1192979.0
CUST02867,40,65001,750,Self-Employed,233896,24,0,134,28,94699,0,3,4,4,11,Champions,90.3,Critical Risk,5676386.0
CUST02868,29,41797,614,Self-Employed,207059,24,2,292,16,49814,1,1,3,3,7,At Risk,100.0,Critical Risk,885582.0
CUST02869,38,86387,587,Salaried,193612,36,0,179,17,76848,1,2,3,4,9,Loyal,78.7,Critical Risk,2212723.0
CUST02870,63,52104,574,Salaried,189992,36,0,157,25,71197,1,3,4,4,11,Champions,100.0,Critical Risk,3357481.0
CUST02871,65,15000,686,Business,224589,24,2,193,11,52843,1,2,2,3,7,At Risk,100.0,Critical Risk,924465.0
CUST02872,55,61547,631,Freelance,135769,48,0,135,12,48510,1,3,2,3,8,Loyal,71.1,High Risk,1238914.0
CUST02873,57,54918,660,Business,211907,12,1,150,2,46240,1,3,1,3,7,At Risk,100.0,Critical Risk,180993.0
CUST02874,61,79533,787,Freelance,234293,24,1,115,24,8495,0,3,4,1,8,Loyal,83.0,Critical Risk,491196.0
CUST02875,59,56733,817,Salaried,166958,24,1,177,17,36824,0,3,3,2,8,Loyal,85.8,Critical Risk,1070224.0
CUST02876,56,43643,717,Salaried,20000,60,0,197,1,25315,0,2,1,1,4,Lost,35.0,Medium Risk,39572.0
CUST02877,40,73988,589,Freelance,189377,12,1,191,27,37375,1,2,4,2,8,Loyal,95.9,Critical Risk,1619036.0
CUST02878,34,58166,719,Self-Employed,56959,24,1,276,8,37550,0,1,2,2,5,Lost,61.8,High Risk,350867.0
CUST02879,56,71071,795,Freelance,99276,12,0,265,19,27921,0,2,3,1,6,At Risk,53.7,High Risk,642229.0
CUST02880,44,40414,761,Salaried,263261,36,2,131,13,31470,1,3,2,2,7,At Risk,100.0,Critical Risk,891493.0
CUST02881,30,88509,711,Freelance,303621,24,1,292,5,64453,1,1,1,4,6,At Risk,100.0,Critical Risk,358072.0
CUST02882,23,56121,723,Salaried,290675,60,1,347,23,33555,1,1,4,2,7,At Risk,100.0,Critical Risk,734535.0
CUST02883,52,15000,711,Salaried,132271,12,1,52,27,73118,1,4,4,4,12,Champions,100.0,Critical Risk,8142123.0
CUST02884,52,69129,569,Business,191258,24,3,2,14,68407,1,4,2,4,10,Champions,100.0,Critical Risk,9079475.0
CUST02885,27,47595,751,Salaried,181683,24,2,127,11,53771,1,3,2,3,8,Loyal,100.0,Critical Risk,1320432.0
CUST02886,51,64868,737,Salaried,21971,48,0,258,17,45849,0,2,3,3,8,Loyal,36.2,Medium Risk,966021.0
CUST02887,67,57375,643,Salaried,46696,12,1,209,22,19997,1,2,3,1,6,At Risk,58.5,High Risk,654077.0
CUST02888,27,38325,670,Salaried,73765,60,3,248,4,17221,1,2,1,1,4,Lost,100.0,Critical Risk,88375.0
CUST02889,51,25785,773,Salaried,291429,48,2,363,13,63765,1,1,2,4,7,At Risk,100.0,Critical Risk,757359.0
CUST02890,35,50712,720,Self-Employed,282441,60,0,83,27,41536,1,4,4,2,10,Champions,100.0,Critical Risk,3425417.0
CUST02891,49,58105,761,Salaried,230993,24,0,318,7,56049,1,1,1,3,5,Lost,100.0,Critical Risk,403964.0
CUST02892,58,48066,753,Salaried,142445,48,0,215,20,45191,0,2,3,3,8,Loyal,84.0,Critical Risk,1311707.0
CUST02893,25,66269,706,Business,192861,36,0,242,27,51590,1,2,4,3,9,Loyal,88.6,Critical Risk,1825564.0
CUST02894,57,70078,708,Salaried,177606,60,0,243,27,26203,1,2,4,1,7,At Risk,81.0,Critical Risk,923902.0
CUST02895,42,75054,499,Salaried,182780,48,0,29,10,5000,1,4,2,1,7,At Risk,76.6,Critical Risk,278626.0
CUST02896,32,61583,631,Salaried,306264,12,0,289,28,62474,1,1,4,4,9,Loyal,100.0,Critical Risk,1961549.0
CUST02897,24,36581,536,Self-Employed,217581,60,0,2,2,65039,1,4,1,4,9,Loyal,100.0,Critical Risk,1233207.0
CUST02898,46,46313,520,Freelance,112174,36,2,273,4,35545,1,1,1,2,4,Lost,100.0,Critical Risk,167676.0
CUST02899,36,59854,747,Business,123842,24,2,241,8,21325,1,2,2,1,5,Lost,88.7,Critical Risk,224393.0
CUST02900,34,78496,736,Business,205061,12,1,306,26,45670,1,1,4,3,8,Loyal,95.7,Critical Risk,1265426.0
CUST02901,64,62945,766,Business,223884,60,0,137,7,69079,0,3,1,4,8,Loyal,88.5,Critical Risk,1017273.0
CUST02902,26,50634,755,Salaried,240124,24,1,178,4,42657,1,3,1,2,6,At Risk,100.0,Critical Risk,290346.0
CUST02903,31,59616,572,Salaried,132439,36,0,34,4,59381,1,4,1,4,9,Loyal,67.4,High Risk,1229734.0
CUST02904,47,53496,674,Salaried,342128,36,1,179,22,59057,1,2,3,4,9,Loyal,100.0,Critical Risk,2200593.0
CUST02905,24,40297,734,Salaried,58005,12,0,132,8,69709,0,3,2,4,9,Loyal,48.1,Medium Risk,1208014.0
CUST02906,55,75568,688,Business,206033,48,2,195,23,31795,1,2,4,2,8,Loyal,100.0,Critical Risk,1152998.0
CUST02907,63,69438,850,Business,236074,36,2,99,8,55373,0,3,2,3,8,Loyal,96.1,Critical Risk,1193278.0
CUST02908,35,47378,719,Salaried,266755,12,0,62,23,46300,1,4,4,3,11,Champions,100.0,Critical Risk,3946076.0
CUST02909,60,69569,633,Salaried,236895,48,1,352,22,17508,1,1,3,1,5,Lost,100.0,Critical Risk,361877.0
CUST02910,67,36701,632,Salaried,227541,12,1,191,24,36177,1,2,4,2,8,Loyal,100.0,Critical Risk,1393013.0
CUST02911,35,43117,707,Self-Employed,213554,60,0,145,3,83297,1,3,1,4,8,Loyal,100.0,Critical Risk,502536.0
CUST02912,36,79372,680,Salaried,224827,24,0,357,9,50240,1,1,2,3,6,At Risk,98.4,Critical Risk,419411.0
CUST02913,47,46524,680,Salaried,101730,36,0,286,16,43854,0,1,3,2,6,At Risk,79.6,Critical Risk,794131.0
CUST02914,58,31150,695,Salaried,500469,48,1,321,3,76257,1,1,1,4,6,At Risk,100.0,Critical Risk,233570.0
CUST02915,31,55904,779,Business,292394,36,1,327,16,53687,1,1,3,3,7,At Risk,100.0,Critical Risk,862537.0
CUST02916,63,35988,822,Salaried,224721,60,0,234,22,39508,0,2,3,2,7,At Risk,100.0,Critical Risk,1172825.0
CUST02917,31,85684,831,Salaried,85550,24,0,346,20,14506,0,1,3,1,5,Lost,49.8,Medium Risk,276847.0
CUST02918,31,75822,563,Salaried,142601,24,0,154,27,68000,1,3,4,4,11,Champions,71.1,High Risk,3517795.0
CUST02919,27,84117,658,Self-Employed,302388,60,1,357,6,67981,1,1,1,4,6,At Risk,100.0,Critical Risk,378344.0
CUST02920,45,66468,709,Self-Employed,185284,36,3,84,13,26324,1,4,2,1,7,At Risk,100.0,Critical Risk,1036576.0
CUST02921,44,42151,754,Salaried,169443,24,1,13,24,59900,1,4,4,4,12,Champions,98.4,Critical Risk,10600485.0
CUST02922,24,38282,664,Self-Employed,149346,12,0,145,16,47256,1,3,3,3,9,Loyal,100.0,Critical Risk,1520524.0
CUST02923,41,53539,599,Salaried,221809,36,0,50,7,85224,1,4,1,4,9,Loyal,100.0,Critical Risk,2517310.0
CUST02924,27,36185,619,Freelance,70204,48,2,117,11,59972,1,3,2,4,9,Loyal,85.2,Critical Risk,1568649.0
CUST02925,61,51226,723,Self-Employed,36558,36,0,44,5,28238,0,4,1,1,6,At Risk,27.1,Medium Risk,640178.0
CUST02926,31,34954,634,Salaried,133740,60,0,287,9,45018,1,1,2,2,5,Lost,100.0,Critical Risk,457138.0
CUST02927,29,46066,730,Self-Employed,273094,48,0,178,8,64601,1,3,2,4,9,Loyal,100.0,Critical Risk,879417.0
CUST02928,60,91439,636,Self-Employed,159967,36,2,343,22,63649,1,1,3,4,8,Loyal,98.7,Critical Risk,1346776.0
CUST02929,61,61250,753,Self-Employed,76504,12,0,301,24,74116,0,1,4,4,9,Loyal,56.8,High Risk,1923722.0
CUST02930,66,53684,585,Self-Employed,179622,36,0,230,24,74708,1,2,4,4,10,Champions,100.0,Critical Risk,2455693.0
CUST02931,43,58434,695,Salaried,113783,24,0,276,6,39786,1,1,1,2,4,Lost,72.9,High Risk,278820.0
CUST02932,57,35485,699,Salaried,169924,24,1,36,14,42747,1,4,2,2,8,Loyal,100.0,Critical Risk,3012926.0
CUST02933,48,69480,659,Self-Employed,293051,24,0,187,6,16585,1,2,1,1,4,Lost,100.0,Critical Risk,162511.0
CUST02934,35,56570,691,Business,192665,24,0,190,26,88348,1,2,4,4,10,Champions,95.3,Critical Risk,3701645.0
CUST02935,25,60534,621,Salaried,20000,12,1,22,24,62272,1,4,4,4,12,Champions,35.1,Medium Risk,9324833.0
CUST02936,31,72564,712,Salaried,63031,48,2,226,19,27969,1,2,3,1,6,At Risk,66.0,High Risk,738914.0
CUST02937,25,73971,632,Salaried,191868,12,1,291,8,52603,1,1,2,3,6,At Risk,100.0,Critical Risk,469010.0
CUST02938,64,71275,729,Salaried,55163,48,2,137,26,40650,1,3,4,2,9,Loyal,55.5,High Risk,2223450.0
CUST02939,58,70734,593,Salaried,168835,60,1,51,27,18130,1,4,4,1,9,Loyal,80.6,Critical Risk,2041956.0
CUST02940,67,51650,556,Business,264681,12,0,266,3,41284,1,2,1,2,5,Lost,100.0,Critical Risk,149441.0
CUST02941,57,64483,647,Salaried,265909,60,0,156,3,62088,1,3,1,4,8,Loyal,100.0,Critical Risk,353176.0
CUST02942,58,65014,698,Salaried,91520,48,0,211,4,41040,0,2,1,2,5,Lost,56.6,High Risk,242095.0
CUST02943,51,15000,754,Freelance,188840,24,2,255,6,73904,1,2,1,4,7,At Risk,100.0,Critical Risk,555231.0
CUST02944,44,66022,712,Salaried,281270,36,1,144,15,20317,1,3,3,1,7,At Risk,100.0,Critical Risk,616264.0
CUST02945,34,66470,739,Self-Employed,180442,12,1,287,24,49223,1,1,4,3,8,Loyal,96.0,Critical Risk,1332901.0
CUST02946,64,58367,640,Salaried,288631,36,1,157,17,77113,1,3,3,4,10,Champions,100.0,Critical Risk,2472797.0
CUST02947,55,92584,624,Business,210224,60,2,348,2,54325,1,1,1,3,5,Lost,100.0,Critical Risk,103140.0
CUST02948,37,39353,750,Freelance,228313,24,0,156,7,62248,0,3,1,4,8,Loyal,100.0,Critical Risk,826201.0
CUST02949,44,80404,637,Business,207463,48,2,318,17,69932,1,1,3,4,8,Loyal,100.0,Critical Risk,1224057.0
CUST02950,45,33442,649,Salaried,107068,36,2,70,2,54844,1,4,1,3,8,Loyal,100.0,Critical Risk,375926.0
CUST02951,52,56617,661,Salaried,158725,48,0,155,27,30286,1,3,4,1,8,Loyal,82.6,Critical Risk,1558582.0
CUST02952,43,71697,504,Salaried,219195,24,0,12,16,51040,1,4,3,3,10,Champions,87.3,Critical Risk,6145847.0
CUST02953,44,86355,737,Salaried,256852,24,1,96,26,26817,1,3,4,1,8,Loyal,85.6,Critical Risk,1920704.0
CUST02954,42,47561,731,Self-Employed,212372,36,0,234,25,19789,1,2,4,1,7,At Risk,100.0,Critical Risk,667559.0
CUST02955,58,65835,759,Freelance,215880,48,0,122,26,48591,0,3,4,3,10,Champions,82.2,Critical Risk,2909329.0
CUST02956,57,25439,827,Self-Employed,198499,36,0,293,17,45602,0,1,3,3,7,At Risk,100.0,Critical Risk,858757.0
CUST02957,64,26394,676,Salaried,58076,60,0,15,8,52746,1,4,2,3,9,Loyal,57.9,High Risk,2990647.0
CUST02958,65,63277,704,Salaried,185928,60,0,89,29,46397,1,4,4,3,11,Champions,76.7,Critical Risk,3913245.0
CUST02959,55,52270,673,Salaried,232117,12,1,116,22,44222,1,3,3,2,8,Loyal,100.0,Critical Risk,2328542.0
CUST02960,40,50570,660,Salaried,98134,60,1,177,2,65654,1,3,1,4,8,Loyal,77.2,Critical Risk,224484.0
CUST02961,65,43421,715,Salaried,222606,12,0,267,13,59693,1,2,2,4,8,Loyal,100.0,Critical Risk,933256.0
CUST02962,58,57764,779,Self-Employed,231590,36,3,210,6,73453,1,2,1,4,7,At Risk,100.0,Critical Risk,652584.0
CUST02963,43,51439,602,Freelance,188870,12,1,314,19,68785,1,1,3,4,8,Loyal,100.0,Critical Risk,1360981.0
CUST02964,35,58062,621,Salaried,294503,24,1,10,3,73304,1,4,1,4,9,Loyal,100.0,Critical Risk,1726191.0
CUST02965,36,66779,749,Salaried,213013,36,1,321,5,47829,0,1,1,3,5,Lost,100.0,Critical Risk,244162.0
CUST02966,65,23568,566,Freelance,204555,60,1,170,17,24984,1,3,3,1,7,At Risk,100.0,Critical Risk,750730.0
CUST02967,65,86828,671,Self-Employed,148529,12,1,134,9,66717,1,3,2,4,9,Loyal,68.2,High Risk,1285427.0
CUST02968,57,49457,654,Salaried,271499,48,0,36,5,44681,1,4,1,2,7,At Risk,100.0,Critical Risk,1124729.0
CUST02969,24,58758,642,Self-Employed,289427,48,3,224,9,46483,1,2,2,3,7,At Risk,100.0,Critical Risk,586168.0
CUST02970,22,61911,707,Salaried,78656,24,0,178,25,39629,0,3,4,2,9,Loyal,50.4,High Risk,1685849.0
CUST02971,32,45256,732,Salaried,69346,12,1,101,18,31828,0,3,3,2,8,Loyal,57.5,High Risk,1520800.0
CUST02972,66,58803,667,Business,148975,24,1,143,28,55299,1,3,4,3,10,Champions,85.7,Critical Risk,3148500.0
CUST02973,44,15633,730,Freelance,245456,48,1,360,29,37356,1,1,4,2,7,At Risk,100.0,Critical Risk,997259.0
CUST02974,54,64195,747,Salaried,318990,36,0,338,11,45567,1,1,2,3,6,At Risk,100.0,Critical Risk,488522.0
CUST02975,25,75163,663,Salaried,156715,24,2,361,11,52613,1,1,2,3,6,At Risk,100.0,Critical Risk,531424.0
CUST02976,38,62893,619,Salaried,266234,60,1,288,15,46925,1,1,3,3,7,At Risk,100.0,Critical Risk,791724.0
CUST02977,52,97339,545,Freelance,272003,48,0,84,17,56569,1,4,3,3,10,Champions,85.0,Critical Risk,2912951.0
CUST02978,51,66497,619,Business,146794,12,1,226,12,52548,1,2,2,3,7,At Risk,89.5,Critical Risk,876801.0
CUST02979,37,43339,669,Salaried,96627,48,2,75,29,66787,1,4,4,4,12,Champions,83.9,Critical Risk,6340273.0
CUST02980,46,74471,850,Salaried,192119,36,0,291,5,27944,0,1,1,1,3,Lost,75.5,Critical Risk,155718.0
CUST02981,44,43784,576,Salaried,107632,24,0,30,21,59940,1,4,3,4,11,Champions,71.6,High Risk,6908874.0
CUST02982,46,58469,804,Business,285929,36,2,255,29,62060,1,2,4,4,10,Champions,100.0,Critical Risk,2253534.0
CUST02983,64,50754,656,Self-Employed,156102,12,0,358,26,38457,1,1,4,2,7,At Risk,100.0,Critical Risk,925113.0
CUST02984,25,19572,775,Salaried,117893,48,2,18,24,30685,1,4,4,1,9,Loyal,100.0,Critical Risk,4932121.0
CUST02985,66,69846,841,Salaried,54591,48,2,170,14,10132,0,3,2,1,6,At Risk,50.3,High Risk,250724.0
CUST02986,30,68566,706,Salaried,88919,36,1,5,5,36431,0,4,1,2,7,At Risk,46.8,Medium Risk,1602086.0
CUST02987,66,33760,613,Business,152383,36,0,15,20,31586,1,4,3,2,9,Loyal,100.0,Critical Risk,4477239.0
CUST02988,67,53411,846,Salaried,255977,36,2,88,16,66185,0,4,3,4,11,Champions,100.0,Critical Risk,3104582.0
CUST02989,36,44278,653,Salaried,84206,48,2,281,27,62829,1,1,4,4,9,Loyal,95.5,Critical Risk,1950173.0
CUST02990,67,38093,720,Salaried,113481,12,0,122,12,71861,0,3,2,4,9,Loyal,79.1,Critical Risk,1985812.0
CUST02991,54,42648,564,Self-Employed,192235,36,2,266,27,36817,1,2,4,2,8,Loyal,100.0,Critical Risk,1199443.0
CUST02992,66,68472,641,Business,175120,36,0,74,13,88103,1,4,2,4,10,Champions,72.4,High Risk,3783246.0
CUST02993,64,77204,735,Salaried,154065,36,0,185,6,63854,1,2,1,4,7,At Risk,63.5,High Risk,631333.0
CUST02994,66,66711,774,Freelance,53278,60,1,346,14,72591,0,1,2,4,7,At Risk,59.9,High Risk,969778.0
CUST02995,35,63777,550,Business,163416,12,3,119,21,57237,1,3,3,3,9,Loyal,100.0,Critical Risk,2821361.0
CUST02996,38,56003,637,Salaried,231482,60,0,88,24,83332,1,4,4,4,12,Champions,100.0,Critical Risk,5863360.0
CUST02997,39,59528,691,Salaried,139549,60,2,138,24,42130,1,3,4,2,9,Loyal,89.8,Critical Risk,2114950.0
CUST02998,37,96396,685,Business,81425,48,0,285,29,67144,0,1,4,4,9,Loyal,52.3,High Risk,2210635.0
CUST02999,29,55459,650,Salaried,241779,36,1,96,22,80514,1,3,3,4,10,Champions,100.0,Critical Risk,4879452.0
CUST03000,42,55879,731,Salaried,233035,36,2,7,24,24879,1,4,4,1,9,Loyal,100.0,Critical Risk,5010116.0
CUST03001,58,65039,734,Salaried,103443,48,0,122,5,62644,0,3,1,4,8,Loyal,50.3,High Risk,721295.0
CUST03002,61,32783,658,Salaried,46714,36,2,33,3,42306,1,4,1,2,7,At Risk,65.2,High Risk,666548.0
CUST03003,59,77074,641,Salaried,248786,48,0,195,6,38091,1,2,1,2,5,Lost,95.8,Critical Risk,360343.0
CUST03004,48,60958,608,Business,151642,24,0,287,27,44250,1,1,4,2,7,At Risk,90.9,Critical Risk,1348018.0
CUST03005,41,58309,731,Freelance,299331,48,0,37,11,85043,1,4,2,4,10,Champions,100.0,Critical Risk,4645546.0
CUST03006,33,51878,820,Freelance,158002,60,0,161,16,44726,0,3,3,2,8,Loyal,76.3,Critical Risk,1322531.0
CUST03007,51,51036,622,Salaried,233372,24,0,104,7,40615,1,3,1,2,6,At Risk,100.0,Critical Risk,738586.0
CUST03008,62,37709,705,Freelance,269459,12,0,177,25,60731,1,3,4,4,11,Champions,100.0,Critical Risk,2595646.0
CUST03009,41,75943,698,Self-Employed,199897,24,0,246,19,11598,1,2,3,1,6,At Risk,83.9,Critical Risk,284716.0
CUST03010,48,40814,635,Salaried,172970,36,1,336,20,33527,1,1,3,2,6,At Risk,100.0,Critical Risk,657039.0
CUST03011,43,56065,647,Self-Employed,220922,36,0,220,18,6787,1,2,3,1,6,At Risk,100.0,Critical Risk,173842.0
CUST03012,67,41684,628,Self-Employed,178414,60,1,112,25,24787,1,3,4,1,8,Loyal,100.0,Critical Risk,1523107.0
CUST03013,46,67093,829,Salaried,223398,12,1,126,16,39930,0,3,3,2,8,Loyal,88.5,Critical Risk,1435023.0
CUST03014,53,46132,632,Self-Employed,165479,12,0,359,26,48332,1,1,4,3,8,Loyal,100.0,Critical Risk,1159724.0
CUST03015,32,101154,596,Salaried,154791,24,0,321,21,68757,1,1,3,4,8,Loyal,75.5,Critical Risk,1474189.0
CUST03016,43,52140,742,Salaried,263598,48,2,233,13,48039,1,2,2,3,7,At Risk,100.0,Critical Risk,845807.0
CUST03017,42,83600,668,Salaried,216513,36,1,290,22,69429,1,1,3,4,8,Loyal,98.9,Critical Risk,1707549.0
CUST03018,59,42569,767,Business,195244,48,1,22,4,64319,0,4,1,4,9,Loyal,100.0,Critical Risk,1605226.0
CUST03019,37,55310,565,Business,171885,48,3,293,5,59945,1,1,1,4,6,At Risk,100.0,Critical Risk,332017.0
CUST03020,40,27982,638,Salaried,106129,48,2,131,1,29102,1,3,1,1,5,Lost,100.0,Critical Risk,63416.0
CUST03021,39,44173,703,Salaried,46923,48,1,269,22,19697,0,2,3,1,6,At Risk,64.0,High Risk,517731.0
CUST03022,37,74017,515,Freelance,239726,12,1,268,12,56544,1,2,2,3,7,At Risk,100.0,Critical Risk,813342.0
CUST03023,51,75206,722,Self-Employed,272795,36,1,114,26,41816,1,3,4,2,9,Loyal,100.0,Critical Risk,2636770.0
CUST03024,30,31275,579,Salaried,276227,12,0,28,22,40824,1,4,3,2,9,Loyal,100.0,Critical Risk,5082430.0
CUST03025,46,62302,827,Salaried,218118,12,1,180,10,46118,0,2,2,3,7,At Risk,96.5,Critical Risk,777509.0
CUST03026,49,32008,622,Salaried,134636,24,2,68,9,5000,1,4,2,1,7,At Risk,100.0,Critical Risk,157177.0
CUST03027,24,72393,681,Business,167335,12,1,15,17,55442,1,4,3,3,10,Champions,69.8,High Risk,6679954.0
CUST03028,27,57786,680,Salaried,288434,12,2,2,27,27363,1,4,4,1,9,Loyal,100.0,Critical Risk,7004217.0
CUST03029,30,39219,750,Business,137512,36,2,113,12,51507,1,3,2,3,8,Loyal,100.0,Critical Risk,1509035.0
CUST03030,37,45170,816,Salaried,188858,36,1,130,3,14293,0,3,1,1,5,Lost,100.0,Critical Risk,93999.0
CUST03031,35,88533,695,Salaried,218893,12,0,295,13,70865,1,1,2,4,7,At Risk,85.0,Critical Risk,1014342.0
CUST03032,60,22415,670,Business,182311,36,0,325,22,28149,1,1,3,1,5,Lost,100.0,Critical Risk,625274.0
CUST03033,44,50020,741,Self-Employed,122346,48,2,318,9,36662,1,1,2,2,5,Lost,100.0,Critical Risk,339731.0
CUST03034,61,37241,598,Salaried,251637,36,1,182,1,64417,1,2,1,4,7,At Risk,100.0,Critical Risk,107607.0
CUST03035,27,38382,620,Salaried,157863,12,0,290,28,46435,1,1,4,3,8,Loyal,100.0,Critical Risk,1453494.0
CUST03036,29,29745,694,Business,140428,48,0,99,16,54675,0,3,3,3,9,Loyal,100.0,Critical Risk,2356472.0
CUST03037,52,29952,747,Salaried,193651,36,1,246,3,52232,1,2,1,3,6,At Risk,100.0,Critical Risk,202457.0
CUST03038,46,41423,756,Salaried,218983,36,2,293,13,27895,1,1,2,1,4,Lost,100.0,Critical Risk,401705.0
CUST03039,40,74038,627,Salaried,194848,12,2,40,10,54374,1,4,2,3,9,Loyal,92.1,Critical Risk,2594315.0
CUST03040,34,46360,631,Business,60228,60,2,79,22,43801,1,4,3,2,9,Loyal,68.4,High Risk,3045212.0
CUST03041,61,68168,520,Salaried,124199,12,2,217,27,37980,1,2,4,2,8,Loyal,98.3,Critical Risk,1476501.0
CUST03042,36,88597,671,Business,224642,12,0,329,12,75115,1,1,2,4,7,At Risk,90.8,Critical Risk,900147.0
CUST03043,41,83185,673,Freelance,157324,60,2,311,28,39355,1,1,4,2,7,At Risk,96.3,Critical Risk,1157433.0
CUST03044,23,96238,681,Freelance,79779,36,0,326,12,5000,1,1,2,1,4,Lost,55.7,High Risk,60414.0
CUST03045,29,36514,723,Salaried,253616,36,1,232,7,43090,1,2,1,2,5,Lost,100.0,Critical Risk,410037.0
CUST03046,56,91997,548,Salaried,77656,48,1,237,7,57044,1,2,1,3,6,At Risk,68.3,High Risk,532897.0
CUST03047,29,42636,642,Self-Employed,194739,48,1,131,23,58372,1,3,4,3,10,Champions,100.0,Critical Risk,2925570.0
CUST03048,40,27216,706,Self-Employed,226145,60,1,187,8,44471,1,2,2,2,6,At Risk,100.0,Critical Risk,581008.0
CUST03049,23,50675,638,Self-Employed,383204,36,1,107,27,52725,1,3,4,3,10,Champions,100.0,Critical Risk,3620940.0
CUST03050,56,68500,716,Self-Employed,292599,36,0,97,12,43961,1,3,2,2,7,At Risk,100.0,Critical Risk,1442316.0
CUST03051,60,60944,532,Salaried,347169,60,1,178,6,57412,1,3,1,3,7,At Risk,100.0,Critical Risk,586164.0
CUST03052,64,44187,787,Self-Employed,244700,36,0,233,24,19946,1,2,4,1,7,At Risk,100.0,Critical Risk,648338.0
CUST03053,38,40044,738,Salaried,194704,24,0,33,26,40623,0,4,4,2,10,Champions,100.0,Critical Risk,5546939.0
CUST03054,41,58177,626,Business,75876,36,0,134,13,70495,0,3,2,4,9,Loyal,53.4,High Risk,1961870.0
CUST03055,28,54346,539,Business,225721,36,1,221,24,51181,1,2,4,3,9,Loyal,100.0,Critical Risk,1741148.0
CUST03056,43,33254,593,Business,261767,24,0,252,14,59369,1,2,2,4,8,Loyal,100.0,Critical Risk,1051562.0
CUST03057,49,32326,762,Freelance,147133,36,1,106,28,5000,1,3,4,1,8,Loyal,100.0,Critical Risk,358596.0
CUST03058,66,34817,698,Business,147410,48,0,187,21,41098,1,2,3,2,7,At Risk,100.0,Critical Risk,1409468.0
CUST03059,62,36964,733,Business,156749,60,2,117,12,44553,1,3,2,2,7,At Risk,100.0,Critical Risk,1271284.0
CUST03060,33,45764,600,Business,197972,48,1,314,3,10707,1,1,1,1,3,Lost,100.0,Critical Risk,33450.0
CUST03061,29,43735,425,Salaried,133419,60,0,73,7,69864,1,4,1,4,9,Loyal,97.9,Critical Risk,1630160.0
CUST03062,52,46351,708,Self-Employed,81701,48,0,217,1,53271,0,2,1,3,6,At Risk,63.4,High Risk,76702.0
CUST03063,28,70722,685,Salaried,74751,48,2,253,11,45974,1,2,2,3,7,At Risk,73.9,High Risk,637601.0
CUST03064,23,59171,762,Freelance,163794,48,0,88,16,62228,0,4,3,4,11,Champions,69.0,High Risk,2918968.0
CUST03065,54,68047,589,Salaried,171083,36,2,298,18,55756,1,1,3,3,7,At Risk,100.0,Critical Risk,1095118.0
CUST03066,40,80904,753,Self-Employed,20000,36,1,316,21,38711,0,1,3,2,6,At Risk,48.0,Medium Risk,841758.0
CUST03067,46,42070,529,Salaried,112786,60,1,60,7,49641,1,4,1,3,8,Loyal,91.9,Critical Risk,1314329.0
CUST03068,65,73586,764,Salaried,269979,24,3,341,3,44356,1,1,1,2,4,Lost,100.0,Critical Risk,128662.0
CUST03069,32,48014,633,Salaried,53983,12,0,314,25,35112,1,1,4,2,7,At Risk,64.1,High Risk,914114.0
CUST03070,63,17965,650,Salaried,128425,24,1,328,18,44907,1,1,3,2,6,At Risk,100.0,Critical Risk,809435.0
CUST03071,57,43849,809,Self-Employed,20000,60,0,240,29,69667,0,2,4,4,10,Champions,31.8,Medium Risk,2666999.0
CUST03072,29,54816,582,Freelance,199055,24,1,360,13,59254,1,1,2,4,7,At Risk,100.0,Critical Risk,709105.0
CUST03073,32,16658,679,Business,171132,24,0,220,23,57563,1,2,4,3,9,Loyal,100.0,Critical Risk,1883982.0
CUST03074,41,54883,705,Salaried,162491,12,2,233,21,23011,1,2,3,1,6,At Risk,100.0,Critical Risk,654469.0
CUST03075,37,64588,659,Salaried,246567,12,0,73,12,53585,1,4,2,3,9,Loyal,96.2,Critical Risk,2143400.0
CUST03076,37,38891,743,Salaried,290549,60,1,297,18,35929,1,1,3,2,6,At Risk,100.0,Critical Risk,707807.0
CUST03077,31,61490,611,Salaried,94645,24,0,181,15,53693,1,2,3,3,8,Loyal,63.0,High Risk,1351582.0
CUST03078,58,49341,772,Freelance,252510,48,0,343,2,33875,1,1,1,2,4,Lost,100.0,Critical Risk,65161.0
CUST03079,29,69640,806,Salaried,119668,48,2,86,4,66206,1,4,1,4,9,Loyal,64.6,High Risk,789067.0
CUST03080,55,32717,573,Salaried,82160,24,3,91,3,33702,1,4,1,2,7,At Risk,100.0,Critical Risk,289441.0
CUST03081,62,73625,772,Freelance,187419,48,0,277,29,48809,0,1,4,3,8,Loyal,79.4,Critical Risk,1647985.0
CUST03082,48,43786,716,Salaried,63668,12,2,163,19,38308,1,3,3,2,8,Loyal,72.2,High Risk,1331659.0
CUST03083,64,58280,588,Salaried,266700,60,1,215,6,38654,1,2,1,2,5,Lost,100.0,Critical Risk,336590.0
CUST03084,41,57742,668,Salaried,67768,60,0,95,24,10977,1,3,4,1,8,Loyal,44.5,Medium Risk,731243.0
CUST03085,58,71964,527,Salaried,20000,60,0,226,22,77152,1,2,3,4,9,Loyal,47.6,Medium Risk,2360116.0
CUST03086,59,66937,731,Self-Employed,23989,12,0,306,1,49608,0,1,1,3,5,Lost,41.0,Medium Risk,52867.0
CUST03087,66,54806,436,Salaried,158549,36,1,2,2,26068,1,4,1,1,6,At Risk,98.1,Critical Risk,494276.0
CUST03088,43,69671,591,Business,192520,60,1,111,14,47911,1,3,2,3,8,Loyal,93.2,Critical Risk,1659832.0
CUST03089,24,49024,674,Self-Employed,176533,12,1,65,8,13348,1,4,2,1,7,At Risk,100.0,Critical Risk,384002.0
CUST03090,48,85023,682,Salaried,219864,24,0,159,1,43016,1,3,1,2,6,At Risk,77.0,Critical Risk,80311.0
CUST03091,28,27594,543,Self-Employed,104123,12,1,105,23,69679,1,3,4,4,11,Champions,100.0,Critical Risk,4133959.0
CUST03092,60,86305,596,Salaried,224997,48,1,146,3,17018,1,3,1,1,5,Lost,92.6,Critical Risk,102108.0
CUST03093,59,88022,690,Salaried,162966,60,0,265,26,33095,0,2,4,2,8,Loyal,70.4,High Risk,1041697.0
CUST03094,33,59431,685,Salaried,105599,36,1,192,24,51039,1,2,4,3,9,Loyal,73.3,High Risk,1956681.0
CUST03095,54,68830,632,Salaried,20065,48,1,238,21,39845,1,2,3,2,7,At Risk,51.2,High Risk,1112612.0
CUST03096,33,74448,850,Salaried,135708,36,2,326,6,48101,0,1,1,3,5,Lost,83.3,Critical Risk,290596.0
CUST03097,48,69513,693,Salaried,186953,24,0,22,4,33376,1,4,1,2,7,At Risk,67.0,High Risk,832974.0
CUST03098,58,62980,445,Freelance,249106,60,0,162,3,40973,1,3,1,2,6,At Risk,100.0,Critical Risk,226022.0
CUST03099,45,77378,651,Salaried,97995,36,3,176,17,55230,1,3,3,3,9,Loyal,84.3,Critical Risk,1612716.0
CUST03100,33,39684,697,Salaried,242555,48,0,25,1,49043,1,4,1,3,8,Loyal,100.0,Critical Risk,291068.0
CUST03101,61,64497,713,Salaried,70369,60,1,285,28,37411,0,1,4,2,7,At Risk,65.2,High Risk,1189239.0
CUST03102,39,57375,622,Self-Employed,212844,48,1,5,25,32589,1,4,4,2,10,Champions,100.0,Critical Risk,7165654.0
CUST03103,38,74571,784,Salaried,165307,24,1,238,10,34280,0,2,2,2,6,At Risk,78.7,Critical Risk,455818.0
CUST03104,44,53806,561,Salaried,137051,12,0,75,13,67594,1,4,2,4,10,Champions,78.1,Critical Risk,2876534.0
CUST03105,50,34773,644,Business,146429,24,1,135,13,36187,1,3,2,2,7,At Risk,100.0,Critical Risk,1001209.0
CUST03106,53,76985,745,Salaried,62464,36,2,204,15,22482,1,2,3,1,6,At Risk,60.6,High Risk,511804.0
CUST03107,28,60574,688,Freelance,335880,12,2,74,9,38299,1,4,2,2,8,Loyal,100.0,Critical Risk,1138572.0
CUST03108,43,46611,702,Salaried,98591,48,1,249,12,27516,0,2,2,1,5,Lost,83.5,Critical Risk,422137.0
CUST03109,25,70717,676,Salaried,20000,60,3,359,23,28023,1,1,4,1,6,At Risk,77.8,Critical Risk,594824.0
CUST03110,24,37640,580,Salaried,162503,60,1,177,6,68292,1,3,1,4,8,Loyal,100.0,Critical Risk,700513.0
CUST03111,26,66788,577,Salaried,230239,60,2,6,3,39610,1,4,1,2,7,At Risk,100.0,Critical Risk,1020540.0
CUST03112,46,59242,678,Salaried,202707,60,1,313,19,31302,1,1,3,2,6,At Risk,100.0,Critical Risk,621114.0
CUST03113,43,55058,664,Business,136954,12,1,315,26,47696,1,1,4,3,8,Loyal,99.2,Critical Risk,1287724.0
CUST03114,42,102541,630,Salaried,99702,36,0,97,9,49841,1,3,2,3,8,Loyal,43.4,Medium Risk,1226425.0
CUST03115,34,70301,767,Self-Employed,160489,36,1,310,20,49878,0,1,3,3,7,At Risk,87.2,Critical Risk,1050821.0
CUST03116,41,58566,603,Salaried,279200,12,0,344,27,65134,1,1,4,4,9,Loyal,100.0,Critical Risk,1686979.0
CUST03117,57,60655,579,Salaried,20000,60,2,34,16,68833,1,4,3,4,11,Champions,49.1,Medium Risk,5701911.0
CUST03118,32,75154,563,Salaried,173581,12,0,42,4,33629,1,4,1,2,7,At Risk,70.5,High Risk,625457.0
CUST03119,38,50280,846,Salaried,260238,24,3,47,5,23270,1,4,1,1,6,At Risk,100.0,Critical Risk,508596.0
CUST03120,63,82550,654,Salaried,202189,36,3,126,4,43910,1,3,1,2,6,At Risk,100.0,Critical Risk,394514.0
CUST03121,24,56005,620,Freelance,240252,48,0,341,27,50220,1,1,4,3,8,Loyal,100.0,Critical Risk,1311041.0
CUST03122,25,54067,789,Salaried,142099,60,0,262,16,44243,0,2,3,2,7,At Risk,78.5,Critical Risk,865592.0
CUST03123,22,70241,663,Salaried,42379,36,0,305,6,57900,0,1,1,3,5,Lost,50.7,High Risk,371306.0
CUST03124,63,40134,850,Self-Employed,306497,36,1,176,21,25060,0,3,3,1,7,At Risk,100.0,Critical Risk,903929.0
CUST03125,40,73047,545,Self-Employed,98978,60,3,308,26,30761,1,1,4,1,6,At Risk,100.0,Critical Risk,847378.0
CUST03126,60,44614,834,Freelance,237139,24,2,138,22,43745,1,3,3,2,8,Loyal,100.0,Critical Risk,2013022.0
CUST03127,62,67419,554,Self-Employed,84721,60,0,309,22,27346,1,1,3,1,5,Lost,72.1,High Risk,635567.0
CUST03128,40,87014,493,Salaried,26271,12,1,349,29,9158,1,1,4,1,6,At Risk,70.7,High Risk,251459.0
CUST03129,25,46099,550,Salaried,217672,60,0,125,26,61823,1,3,4,4,11,Champions,100.0,Critical Risk,3632819.0
CUST03130,55,45212,712,Business,115280,12,0,96,10,84984,0,3,2,4,9,Loyal,68.9,High Risk,2341069.0
CUST03131,49,69533,787,Self-Employed,35916,60,0,283,17,55111,0,1,3,3,7,At Risk,38.2,Medium Risk,1070309.0
CUST03132,29,43215,736,Salaried,155307,12,1,356,3,12492,1,1,1,1,3,Lost,100.0,Critical Risk,34850.0
CUST03133,47,57233,587,Self-Employed,162820,60,2,27,20,34823,1,4,3,2,9,Loyal,98.2,Critical Risk,4003274.0
CUST03134,65,45698,613,Self-Employed,78231,36,2,331,21,53653,1,1,3,3,7,At Risk,98.7,Critical Risk,1119048.0
CUST03135,66,96610,766,Salaried,116353,36,2,198,27,47075,1,2,4,3,9,Loyal,66.5,High Risk,1978354.0
CUST03136,43,49342,705,Self-Employed,184573,60,1,7,8,66412,1,4,2,4,10,Champions,95.9,Critical Risk,4458001.0
CUST03137,26,59811,547,Salaried,127232,24,3,68,22,48296,1,4,3,3,10,Champions,100.0,Critical Risk,3711166.0
CUST03138,34,71258,725,Business,172788,60,0,249,17,23470,1,2,3,1,6,At Risk,78.1,Critical Risk,510092.0
CUST03139,56,114461,686,Salaried,159804,48,2,268,24,56110,1,2,4,3,9,Loyal,81.9,Critical Risk,1614199.0
CUST03140,47,68659,518,Freelance,247332,12,3,55,13,57797,1,4,2,3,9,Loyal,100.0,Critical Risk,2997232.0
CUST03141,65,36034,780,Business,198459,36,0,262,25,35554,0,2,4,2,8,Loyal,100.0,Critical Risk,1086869.0
CUST03142,63,44454,513,Salaried,131633,48,1,219,6,62095,1,2,1,4,7,At Risk,100.0,Critical Risk,532243.0
CUST03143,57,97717,711,Business,174509,12,0,287,29,37943,1,1,4,2,7,At Risk,69.4,High Risk,1241504.0
CUST03144,32,83098,774,Business,20000,48,0,285,10,47151,0,1,2,3,6,At Risk,33.8,Medium Risk,535307.0
CUST03145,46,54870,707,Salaried,255073,48,1,25,17,52948,1,4,3,3,10,Champions,100.0,Critical Risk,5342152.0
CUST03146,35,76312,751,Business,45034,24,1,129,5,34959,0,3,1,2,6,At Risk,39.6,Medium Risk,385500.0
CUST03147,34,15000,524,Salaried,20000,60,0,350,20,26974,1,1,3,1,5,Lost,79.1,Critical Risk,509470.0
CUST03148,27,68972,671,Business,215930,12,1,271,27,87312,1,2,4,4,10,Champions,100.0,Critical Risk,2798243.0
CUST03149,51,71979,637,Business,161751,24,0,168,15,81609,1,3,3,4,10,Champions,74.2,High Risk,2184886.0
CUST03150,46,78774,616,Self-Employed,214825,60,3,269,10,24987,1,2,2,1,5,Lost,100.0,Critical Risk,298535.0
CUST03151,39,31741,618,Self-Employed,209118,48,1,307,25,56462,1,1,4,3,8,Loyal,100.0,Critical Risk,1499900.0
CUST03152,65,61701,777,Freelance,162926,12,1,72,20,53560,0,4,3,3,10,Champions,74.0,High Risk,3603576.0
CUST03153,39,63075,778,Salaried,245780,48,2,138,5,59759,1,3,1,4,8,Loyal,100.0,Critical Risk,624987.0
CUST03154,52,80727,654,Salaried,74940,36,1,296,27,55739,0,1,4,3,8,Loyal,67.1,High Risk,1652054.0
CUST03155,44,58212,694,Salaried,95704,24,0,205,21,85079,1,2,3,4,9,Loyal,61.1,High Risk,2700333.0
CUST03156,60,77068,580,Self-Employed,65993,48,0,176,15,65155,1,3,3,4,10,Champions,51.2,High Risk,1678699.0
CUST03157,48,48067,676,Freelance,130132,24,1,183,27,32099,1,2,4,2,8,Loyal,91.8,Critical Risk,1441165.0
CUST03158,34,55302,594,Salaried,281083,36,2,314,17,51882,1,1,3,3,7,At Risk,100.0,Critical Risk,918482.0
CUST03159,23,69829,779,Salaried,173605,48,1,364,10,27011,0,1,2,1,4,Lost,94.8,Critical Risk,246168.0
CUST03160,29,61295,592,Self-Employed,20000,36,1,212,4,48580,1,2,1,3,6,At Risk,52.7,High Risk,285420.0
CUST03161,59,72888,746,Self-Employed,252153,12,0,102,25,51343,0,3,4,3,10,Champions,85.1,Critical Risk,3382707.0
CUST03162,45,35591,613,Self-Employed,408488,60,1,38,29,82145,1,4,4,4,12,Champions,100.0,Critical Risk,11671206.0
CUST03163,61,47501,729,Self-Employed,290179,24,1,198,12,56563,1,2,2,3,7,At Risk,100.0,Critical Risk,1056486.0
CUST03164,51,70467,585,Salaried,109190,24,0,134,16,99404,1,3,3,4,10,Champions,61.3,High Risk,3404806.0
CUST03165,51,32256,756,Salaried,263825,36,3,112,24,53400,1,3,4,3,10,Champions,100.0,Critical Risk,3150061.0
CUST03166,29,96474,758,Freelance,182450,12,2,220,28,49089,1,2,4,3,9,Loyal,82.6,Critical Risk,1955905.0
CUST03167,29,53302,641,Salaried,221932,48,1,83,4,49894,1,4,1,3,8,Loyal,100.0,Critical Risk,609584.0
CUST03168,39,39246,606,Salaried,114929,60,3,275,21,63175,1,1,3,4,8,Loyal,100.0,Critical Risk,1554531.0
CUST03169,58,71060,551,Business,236197,60,1,178,7,56618,1,3,1,3,7,At Risk,100.0,Critical Risk,674401.0
CUST03170,33,63919,837,Salaried,325961,60,0,198,5,62587,0,2,1,4,7,At Risk,100.0,Critical Risk,487084.0
CUST03171,29,49473,642,Salaried,71188,24,2,19,17,36335,1,4,3,2,9,Loyal,65.5,High Risk,4062318.0
CUST03172,59,82911,511,Business,52702,36,1,346,27,86186,1,1,4,4,9,Loyal,75.8,Critical Risk,2220557.0
CUST03173,34,46246,718,Self-Employed,150679,12,0,114,6,68858,1,3,1,4,8,Loyal,84.1,Critical Risk,1001987.0
CUST03174,49,36382,662,Salaried,135249,60,1,328,25,45022,1,1,4,2,7,At Risk,100.0,Critical Risk,1127094.0
CUST03175,64,45829,716,Self-Employed,154999,48,0,350,12,81749,0,1,2,4,7,At Risk,100.0,Critical Risk,926418.0
CUST03176,64,15000,664,Self-Employed,225731,24,0,196,24,56556,1,2,4,3,9,Loyal,100.0,Critical Risk,2130884.0
CUST03177,67,43000,593,Salaried,20000,60,1,247,14,61976,1,2,2,4,8,Loyal,58.3,High Risk,1117098.0
CUST03178,38,44760,597,Freelance,241893,48,2,71,1,58291,1,4,1,3,8,Loyal,100.0,Critical Risk,197918.0
CUST03179,35,61843,575,Salaried,99365,48,0,25,26,41749,1,4,4,2,10,Champions,54.2,High Risk,6442244.0
CUST03180,27,66875,634,Business,314118,60,1,333,5,36682,1,1,1,2,4,Lost,100.0,Critical Risk,181176.0
CUST03181,48,55384,578,Salaried,89887,24,1,336,6,30139,1,1,1,1,3,Lost,89.9,Critical Risk,177193.0
CUST03182,42,26490,538,Self-Employed,182727,60,3,166,18,68366,1,3,3,4,10,Champions,100.0,Critical Risk,2218097.0
CUST03183,54,47023,679,Business,126622,12,0,324,7,47898,0,1,1,3,5,Lost,92.9,Critical Risk,339471.0
CUST03184,57,49728,754,Salaried,191211,60,2,125,18,42087,1,3,3,2,8,Loyal,100.0,Critical Risk,1712146.0
CUST03185,60,71584,766,Self-Employed,193834,36,0,144,22,59409,0,3,3,4,10,Champions,72.1,High Risk,2642960.0
CUST03186,55,32834,538,Self-Employed,279014,36,1,151,14,51490,1,3,2,3,8,Loyal,100.0,Critical Risk,1403274.0
CUST03187,39,24746,637,Salaried,183953,48,0,119,19,58928,1,3,3,4,10,Champions,100.0,Critical Risk,2628075.0
CUST03188,67,64899,703,Self-Employed,91860,48,2,160,3,26224,1,3,1,1,5,Lost,72.2,High Risk,146134.0
CUST03189,65,74419,658,Self-Employed,130403,36,0,281,15,82866,0,1,3,4,8,Loyal,72.1,High Risk,1428949.0
CUST03190,59,42574,702,Business,327840,12,0,40,11,31724,1,4,2,2,8,Loyal,100.0,Critical Risk,1664992.0
CUST03191,60,83562,739,Self-Employed,159751,60,1,137,25,67543,1,3,4,4,11,Champions,67.6,High Risk,3552334.0
CUST03192,62,52567,678,Salaried,299101,48,0,204,29,15759,1,2,4,1,7,At Risk,100.0,Critical Risk,693593.0
CUST03193,65,79421,697,Self-Employed,367459,24,2,120,4,34326,1,3,1,2,6,At Risk,100.0,Critical Risk,320230.0
CUST03194,36,49476,596,Business,149878,24,1,254,4,17607,1,2,1,1,4,Lost,100.0,Critical Risk,88490.0
CUST03195,58,47875,670,Freelance,194778,24,0,262,28,15596,1,2,4,1,7,At Risk,100.0,Critical Risk,533974.0
CUST03196,22,42889,720,Freelance,117453,60,0,9,9,45323,0,4,2,3,9,Loyal,65.0,High Risk,3272221.0
CUST03197,65,90060,612,Salaried,162310,36,1,96,25,38614,1,3,4,2,9,Loyal,71.2,High Risk,2659266.0
CUST03198,53,53987,738,Business,335813,60,0,345,13,66977,1,1,2,4,7,At Risk,100.0,Critical Risk,833043.0
CUST03199,63,74039,729,Self-Employed,231010,24,1,26,22,43943,1,4,3,2,9,Loyal,83.3,Critical Risk,5645797.0
CUST03200,43,44715,598,Self-Employed,94719,24,1,331,3,36979,1,1,1,2,4,Lost,97.9,Critical Risk,110182.0
CUST03201,62,85951,806,Salaried,162262,36,1,63,13,51296,0,4,2,3,9,Loyal,56.1,High Risk,2446226.0
CUST03202,32,53134,701,Business,134653,60,0,37,25,24112,0,4,4,1,9,Loyal,64.6,High Risk,2993497.0
CUST03203,45,85646,703,Self-Employed,155163,36,0,355,22,59184,0,1,3,4,8,Loyal,76.1,Critical Risk,1213914.0
CUST03204,67,45083,606,Salaried,289930,48,1,77,26,70519,1,4,4,4,12,Champions,100.0,Critical Risk,5896258.0
CUST03205,47,15000,590,Business,20000,60,1,220,5,11793,1,2,1,1,4,Lost,73.7,High Risk,83907.0
CUST03206,46,42805,614,Business,91611,12,0,145,28,57103,1,3,4,3,10,Champions,71.9,High Risk,3215387.0
CUST03207,46,49531,723,Salaried,251327,24,0,139,29,56638,0,3,4,3,10,Champions,100.0,Critical Risk,3416030.0
CUST03208,44,36899,534,Salaried,155988,48,1,129,17,37508,1,3,3,2,8,Loyal,100.0,Critical Risk,1406267.0
CUST03209,43,65619,760,Salaried,141229,24,0,138,12,57103,0,3,2,3,8,Loyal,60.9,High Risk,1433302.0
CUST03210,35,74150,602,Salaried,117505,12,0,149,26,28890,1,3,4,1,8,Loyal,62.0,High Risk,1477984.0
CUST03211,27,65303,667,Salaried,336956,12,0,350,26,34125,1,1,4,2,7,At Risk,100.0,Critical Risk,837895.0
CUST03212,42,37039,673,Salaried,316033,60,2,94,5,75450,1,3,1,4,8,Loyal,100.0,Critical Risk,1055144.0
CUST03213,65,35416,733,Salaried,118754,48,1,75,9,51432,1,4,2,3,9,Loyal,91.7,Critical Risk,1515284.0
CUST03214,31,40826,616,Freelance,314409,48,1,207,19,58563,1,2,3,4,9,Loyal,100.0,Critical Risk,1667903.0
CUST03215,41,57017,706,Salaried,195715,48,1,169,5,17398,1,3,1,1,5,Lost,100.0,Critical Risk,154508.0
CUST03216,32,28974,709,Salaried,133653,60,1,4,1,36432,1,4,1,2,7,At Risk,100.0,Critical Risk,328338.0
CUST03217,35,24350,706,Business,233883,12,0,286,18,5000,1,1,3,1,5,Lost,100.0,Critical Risk,101860.0
CUST03218,25,25302,580,Business,122370,48,2,134,26,29566,1,3,4,1,8,Loyal,100.0,Critical Risk,1645638.0
CUST03219,32,52603,656,Self-Employed,240468,24,1,183,21,59072,1,2,3,4,9,Loyal,100.0,Critical Risk,2062810.0
CUST03220,29,91043,733,Self-Employed,55202,60,1,328,10,36693,0,1,2,2,5,Lost,57.6,High Risk,367433.0
CUST03221,54,39486,742,Salaried,162648,36,1,13,10,12016,1,4,2,1,7,At Risk,100.0,Critical Risk,886028.0
CUST03222,31,40435,686,Salaried,45204,12,0,171,11,28153,0,3,2,1,6,At Risk,48.3,Medium Risk,544744.0
CUST03223,25,54342,544,Salaried,109457,36,0,203,13,55093,1,2,2,3,7,At Risk,79.2,Critical Risk,1091508.0
CUST03224,33,60732,715,Freelance,151491,60,1,222,26,40983,1,2,4,2,8,Loyal,88.0,Critical Risk,1504560.0
CUST03225,35,50350,655,Salaried,140090,24,1,304,21,16057,1,1,3,1,5,Lost,100.0,Critical Risk,361459.0
CUST03226,54,21073,630,Freelance,49054,36,1,206,23,21245,1,2,4,1,7,At Risk,89.5,Critical Risk,735471.0
CUST03227,33,78905,642,Salaried,195159,36,0,135,10,44214,1,3,2,2,7,At Risk,75.7,Critical Risk,940998.0
CUST03228,56,56743,510,Salaried,105972,36,1,275,7,50704,1,1,1,3,5,Lost,94.7,Critical Risk,415887.0
CUST03229,39,67237,622,Self-Employed,63639,48,0,17,15,42083,1,4,3,2,9,Loyal,36.9,Medium Risk,4306625.0
CUST03230,51,22915,662,Freelance,157941,12,0,356,29,27908,1,1,4,1,6,At Risk,100.0,Critical Risk,752627.0
CUST03231,49,79781,656,Salaried,219903,48,1,7,12,59884,1,4,2,4,10,Champions,79.8,Critical Risk,6029699.0
CUST03232,33,48144,734,Self-Employed,278723,12,0,2,20,72085,0,4,3,4,11,Champions,100.0,Critical Risk,13668065.0
CUST03233,57,49197,781,Salaried,218603,60,1,303,12,88730,1,1,2,4,7,At Risk,100.0,Critical Risk,1144735.0
CUST03234,64,48669,850,Salaried,22077,60,0,9,27,72748,0,4,4,4,12,Champions,9.8,Low Risk,15756737.0
CUST03235,46,23631,708,Self-Employed,149866,36,1,27,8,36494,1,4,2,2,8,Loyal,100.0,Critical Risk,1678149.0
CUST03236,56,36554,626,Freelance,135510,36,0,274,11,67859,1,1,2,4,7,At Risk,100.0,Critical Risk,877468.0
CUST03237,41,34937,661,Salaried,77091,60,0,292,26,52894,1,1,4,3,8,Loyal,81.9,Critical Risk,1528049.0
CUST03238,48,29378,534,Business,140479,48,0,103,15,71288,1,3,3,4,10,Champions,100.0,Critical Risk,2797862.0
CUST03239,59,48476,776,Salaried,239401,24,1,90,8,46394,1,4,2,3,9,Loyal,100.0,Critical Risk,1070913.0
CUST03240,36,73680,628,Freelance,216744,12,0,87,15,26440,1,4,3,1,8,Loyal,82.1,Critical Risk,1172138.0
CUST03241,65,83845,838,Self-Employed,92977,12,3,24,13,89517,0,4,2,4,10,Champions,55.0,High Risk,7020796.0
CUST03242,45,63533,694,Business,144736,36,2,129,12,52940,1,3,2,3,8,Loyal,87.5,Critical Risk,1401071.0
CUST03243,60,76685,804,Self-Employed,177634,48,0,233,11,43973,0,2,2,2,6,At Risk,68.8,High Risk,655108.0
CUST03244,59,64871,697,Salaried,218338,12,0,119,14,39571,1,3,2,2,7,At Risk,88.2,Critical Risk,1300372.0
CUST03245,41,49647,829,Salaried,172916,12,0,77,18,61482,0,4,3,4,11,Champions,77.5,Critical Risk,3558914.0
CUST03246,66,26991,659,Business,183854,60,0,19,24,39011,1,4,4,2,10,Champions,100.0,Critical Risk,6157412.0
CUST03247,29,62344,781,Salaried,238749,60,1,114,6,47806,1,3,1,3,7,At Risk,100.0,Critical Risk,695649.0
CUST03248,29,62448,757,Freelance,218781,24,1,39,24,66990,1,4,4,4,12,Champions,90.0,Critical Risk,7772615.0
CUST03249,28,33859,670,Salaried,162986,12,0,214,26,29868,1,2,4,1,7,At Risk,100.0,Critical Risk,1131526.0
CUST03250,64,25823,749,Salaried,37160,24,0,127,26,48293,0,3,4,3,10,Champions,46.6,Medium Risk,2803062.0
CUST03251,49,73692,727,Salaried,264930,24,0,332,6,29479,1,1,1,1,3,Lost,100.0,Critical Risk,175194.0
CUST03252,47,15541,636,Salaried,97823,60,0,112,20,69236,1,3,3,4,10,Champions,100.0,Critical Risk,3403521.0
CUST03253,24,40065,574,Salaried,154860,12,0,297,27,35595,1,1,4,2,7,At Risk,100.0,Critical Risk,1051840.0
CUST03254,53,51841,628,Self-Employed,227327,60,1,26,18,46149,1,4,3,3,10,Champions,100.0,Critical Risk,4851183.0
CUST03255,62,63721,606,Salaried,394547,12,0,150,19,62766,1,3,3,4,10,Champions,100.0,Critical Risk,2333953.0
CUST03256,41,73072,811,Salaried,182560,12,1,133,24,73139,0,3,4,4,11,Champions,73.7,High Risk,3779927.0
CUST03257,52,66037,686,Business,292316,36,2,277,24,44759,1,1,4,2,7,At Risk,100.0,Critical Risk,1250682.0
CUST03258,39,44094,576,Salaried,264772,24,2,283,13,22110,1,1,2,1,4,Lost,100.0,Critical Risk,328363.0
CUST03259,34,35292,732,Self-Employed,199649,36,0,135,10,42222,0,3,2,2,7,At Risk,100.0,Critical Risk,898602.0
CUST03260,33,32525,623,Business,205732,60,2,340,12,25205,1,1,2,1,4,Lost,100.0,Critical Risk,293222.0
CUST03261,58,31332,572,Business,231502,24,1,1,10,39659,1,4,2,2,8,Loyal,100.0,Critical Risk,3860143.0
CUST03262,34,65149,670,Self-Employed,148564,60,3,291,8,35748,1,1,2,2,5,Lost,100.0,Critical Risk,318730.0
CUST03263,40,48847,692,Self-Employed,223692,48,0,180,21,29997,1,2,3,1,6,At Risk,100.0,Critical Risk,1062018.0
CUST03264,50,41395,850,Business,185196,24,0,94,28,13163,0,3,4,1,8,Loyal,97.2,Critical Risk,1030850.0
CUST03265,36,40920,713,Freelance,233916,12,0,309,21,72151,1,1,3,4,8,Loyal,100.0,Critical Risk,1600687.0
CUST03266,23,47226,714,Salaried,303555,60,1,326,1,69492,1,1,1,4,6,At Risk,100.0,Critical Risk,69971.0
CUST03267,65,39793,617,Salaried,249532,12,0,109,4,51981,1,3,1,3,7,At Risk,100.0,Critical Risk,521596.0
CUST03268,38,73115,687,Self-Employed,239286,60,0,42,24,48005,1,4,4,3,11,Champions,80.8,Critical Risk,5356991.0
CUST03269,48,58200,663,Freelance,123729,48,0,284,14,56848,1,1,2,3,6,At Risk,79.5,Critical Risk,906375.0
CUST03270,37,66355,606,Business,154238,48,2,249,3,46431,1,2,1,3,6,At Risk,100.0,Critical Risk,178080.0
CUST03271,64,40021,778,Salaried,30893,60,1,302,11,56864,0,1,2,3,6,At Risk,55.5,High Risk,674473.0
CUST03272,46,38676,687,Business,142068,48,0,155,6,27200,1,3,1,1,5,Lost,98.1,Critical Risk,311060.0
CUST03273,65,36935,746,Self-Employed,203729,24,1,255,11,56917,1,2,2,3,7,At Risk,100.0,Critical Risk,783951.0
CUST03274,40,26457,725,Salaried,216679,60,0,38,12,53484,1,4,2,3,9,Loyal,100.0,Critical Risk,3144428.0
CUST03275,39,63315,700,Self-Employed,99929,48,0,108,17,45034,1,3,3,2,8,Loyal,51.4,High Risk,1933813.0
CUST03276,25,41648,749,Salaried,200743,48,0,349,21,39597,1,1,3,2,6,At Risk,100.0,Critical Risk,787318.0
CUST03277,54,36837,676,Self-Employed,84019,60,0,295,15,83274,1,1,3,4,8,Loyal,82.5,Critical Risk,1375340.0
CUST03278,24,49627,782,Business,116568,48,2,97,11,57109,0,3,2,3,8,Loyal,79.9,Critical Risk,1717548.0
CUST03279,56,54370,670,Business,286518,48,0,46,18,45658,1,4,3,3,10,Champions,100.0,Critical Risk,3636037.0
CUST03280,67,62935,718,Self-Employed,192037,12,1,97,28,36628,1,3,4,2,9,Loyal,88.6,Critical Risk,2804031.0
CUST03281,28,50280,720,Self-Employed,91329,36,0,95,18,53627,0,3,3,3,9,Loyal,53.6,High Risk,2679311.0
CUST03282,53,37248,680,Salaried,159940,48,1,2,7,35931,1,4,1,2,7,At Risk,100.0,Critical Risk,2384512.0
CUST03283,22,73944,619,Salaried,32483,60,1,122,5,48735,1,3,1,3,7,At Risk,45.6,Medium Risk,561144.0
CUST03284,38,52145,813,Salaried,178041,60,3,111,13,46072,1,3,2,3,8,Loyal,100.0,Critical Risk,1482113.0
CUST03285,35,66320,719,Self-Employed,185913,48,2,231,17,32203,1,2,3,2,7,At Risk,100.0,Critical Risk,746989.0
CUST03286,57,63275,830,Salaried,321883,60,0,115,4,38806,0,3,1,2,6,At Risk,100.0,Critical Risk,373972.0
CUST03287,60,68642,835,Salaried,75442,12,2,358,27,17721,0,1,4,1,6,At Risk,72.5,High Risk,442688.0
CUST03288,51,53117,669,Salaried,180810,36,1,344,29,5430,1,1,4,1,6,At Risk,100.0,Critical Risk,151055.0
CUST03289,43,77612,529,Salaried,246610,48,1,255,1,26850,1,2,1,1,4,Lost,100.0,Critical Risk,33620.0
CUST03290,42,87807,721,Salaried,57832,36,1,283,28,51730,0,1,4,3,8,Loyal,55.8,High Risk,1654712.0
CUST03291,46,61308,650,Salaried,313654,60,2,157,23,66841,1,3,4,4,11,Champions,100.0,Critical Risk,2899898.0
CUST03292,49,66625,685,Self-Employed,105164,24,2,239,19,14796,1,2,3,1,6,At Risk,83.2,Critical Risk,372451.0
CUST03293,30,34408,742,Salaried,195213,12,0,228,10,36972,0,2,2,2,6,At Risk,100.0,Critical Risk,510200.0
CUST03294,41,49777,774,Business,164933,12,2,19,20,53069,1,4,3,3,10,Champions,93.4,Critical Risk,6980247.0
CUST03295,28,53931,742,Salaried,143571,48,1,74,10,47769,0,4,2,3,9,Loyal,77.2,Critical Risk,1577890.0
CUST03296,37,27475,655,Salaried,193365,48,2,195,25,38075,1,2,4,2,8,Loyal,100.0,Critical Risk,1500796.0
CUST03297,64,79828,608,Business,161726,60,2,241,9,38923,1,2,2,2,6,At Risk,97.9,Critical Risk,460764.0
CUST03298,48,33062,742,Self-Employed,142522,36,0,145,29,22958,0,3,4,1,8,Loyal,100.0,Critical Risk,1338900.0
CUST03299,63,53336,633,Freelance,149253,36,2,65,5,37647,1,4,1,2,7,At Risk,97.1,Critical Risk,676904.0
CUST03300,37,35063,664,Self-Employed,136162,60,0,112,20,28558,1,3,3,1,7,At Risk,100.0,Critical Risk,1403861.0
CUST03301,67,53091,603,Business,372534,60,1,254,13,23473,1,2,2,1,5,Lost,100.0,Critical Risk,383406.0
CUST03302,55,45719,733,Salaried,220019,24,2,141,3,100123,1,3,1,4,8,Loyal,100.0,Critical Risk,617660.0
CUST03303,44,41800,550,Self-Employed,112297,48,0,151,7,37979,1,3,1,2,6,At Risk,88.0,Critical Risk,517527.0
CUST03304,63,73300,494,Self-Employed,209359,12,3,172,10,41514,1,3,2,2,7,At Risk,100.0,Critical Risk,726744.0
CUST03305,42,49318,781,Self-Employed,119392,36,0,147,25,50463,0,3,4,3,10,Champions,65.5,High Risk,2509400.0
CUST03306,25,83861,587,Salaried,152970,48,0,267,6,59441,1,2,1,4,7,At Risk,77.6,Critical Risk,428915.0
CUST03307,43,36677,587,Business,243846,60,1,292,3,17256,1,1,1,1,3,Lost,100.0,Critical Risk,57520.0
CUST03308,64,48282,694,Salaried,130019,60,3,335,11,40915,1,1,2,2,5,Lost,100.0,Critical Risk,442190.0
CUST03309,33,71928,661,Business,291906,36,2,208,13,40853,1,2,2,2,6,At Risk,100.0,Critical Risk,792832.0
CUST03310,27,41081,560,Salaried,284258,60,0,258,4,62423,1,2,1,4,7,At Risk,100.0,Critical Risk,309465.0
CUST03311,32,76308,667,Freelance,375375,12,0,41,17,31663,1,4,3,2,9,Loyal,100.0,Critical Risk,2535083.0
CUST03312,22,15931,668,Salaried,137096,36,0,280,19,33718,1,1,3,2,6,At Risk,100.0,Critical Risk,738813.0
CUST03313,51,40333,795,Salaried,20064,12,0,228,21,45609,0,2,3,3,8,Loyal,32.7,Medium Risk,1321713.0
CUST03314,41,39488,752,Salaried,388100,48,1,80,18,12118,1,4,3,1,8,Loyal,100.0,Critical Risk,683393.0
CUST03315,22,61319,651,Salaried,99848,12,2,39,22,74592,1,4,3,4,11,Champions,70.2,High Risk,7933427.0
CUST03316,61,68150,735,Freelance,165703,36,1,256,27,70143,1,2,4,4,10,Champions,88.0,Critical Risk,2363280.0
CUST03317,32,31944,582,Freelance,140614,12,2,189,27,67012,1,2,4,4,10,Champions,100.0,Critical Risk,2928618.0
CUST03318,43,88710,619,Salaried,196268,60,0,264,24,63206,1,2,4,4,10,Champions,82.7,Critical Risk,1842544.0
CUST03319,31,39243,779,Self-Employed,278376,12,0,65,18,43291,1,4,3,2,9,Loyal,100.0,Critical Risk,2802186.0
CUST03320,24,39127,610,Salaried,247011,36,0,9,18,47167,1,4,3,3,10,Champions,100.0,Critical Risk,6810707.0
CUST03321,27,76177,666,Salaried,344216,60,2,279,4,14796,1,1,1,1,3,Lost,100.0,Critical Risk,68470.0
CUST03322,33,41173,703,Freelance,149098,12,2,260,8,52967,1,2,2,3,7,At Risk,100.0,Critical Risk,521631.0
CUST03323,38,62013,789,Salaried,180976,36,2,13,3,26160,1,4,1,1,6,At Risk,83.9,Critical Risk,578691.0
CUST03324,36,75703,716,Business,235988,48,1,163,8,5000,1,3,2,1,6,At Risk,95.5,Critical Risk,73183.0
CUST03325,37,46695,586,Self-Employed,35648,36,0,211,27,41131,1,2,4,2,8,Loyal,51.8,High Risk,1637762.0
CUST03326,32,71026,794,Freelance,193423,12,1,238,25,59190,0,2,4,4,10,Champions,88.1,Critical Risk,1967609.0
CUST03327,64,41428,632,Salaried,83914,60,0,98,21,10751,0,3,3,1,7,At Risk,64.4,High Risk,612687.0
CUST03328,65,58377,700,Salaried,165484,24,1,228,21,8769,1,2,3,1,6,At Risk,96.3,Critical Risk,254119.0
CUST03329,67,54620,725,Business,79257,48,2,307,10,55516,1,1,2,3,6,At Risk,83.3,Critical Risk,589908.0
CUST03330,51,82001,685,Business,138605,12,2,215,14,64843,1,2,2,4,8,Loyal,83.5,Critical Risk,1317486.0
CUST03331,37,66727,587,Salaried,267020,48,1,5,28,53030,1,4,4,3,11,Champions,100.0,Critical Risk,13059436.0
CUST03332,42,43013,558,Self-Employed,359376,12,1,287,26,25591,1,1,4,1,6,At Risk,100.0,Critical Risk,750722.0
CUST03333,45,42628,637,Salaried,307188,48,0,10,26,53820,1,4,4,3,11,Champions,100.0,Critical Risk,10983910.0
CUST03334,59,68139,586,Salaried,235668,24,0,213,26,18541,1,2,4,1,7,At Risk,100.0,Critical Risk,705227.0
CUST03335,28,49557,597,Freelance,218348,36,0,51,17,73816,1,4,3,4,11,Champions,100.0,Critical Risk,5234609.0
CUST03336,34,75842,820,Salaried,182525,48,0,202,4,42062,0,2,1,2,5,Lost,66.9,High Risk,257486.0
CUST03337,38,35230,725,Salaried,167730,36,1,244,22,67453,1,2,3,4,9,Loyal,100.0,Critical Risk,1931007.0
CUST03338,59,25747,690,Business,175811,24,2,105,7,33149,1,3,1,2,6,At Risk,100.0,Critical Risk,598556.0
CUST03339,61,61341,741,Self-Employed,61178,60,2,120,2,55832,1,3,1,3,7,At Risk,57.7,High Risk,260430.0
CUST03340,61,15000,671,Business,150311,12,0,237,13,32290,1,2,2,2,6,At Risk,100.0,Critical Risk,560205.0
CUST03341,23,36715,787,Salaried,209804,36,1,340,24,84643,1,1,4,4,9,Loyal,100.0,Critical Risk,1969383.0
CUST03342,42,68246,539,Freelance,35917,60,2,112,28,34451,1,3,4,2,9,Loyal,62.3,High Risk,2370971.0
CUST03343,37,48195,724,Salaried,265842,60,3,359,16,49714,1,1,3,3,7,At Risk,100.0,Critical Risk,734083.0
CUST03344,46,39594,556,Self-Employed,262731,48,2,354,16,34125,1,1,3,2,6,At Risk,100.0,Critical Risk,510346.0
CUST03345,52,55048,774,Business,69106,24,2,161,20,5130,0,3,3,1,7,At Risk,63.9,High Risk,189615.0
CUST03346,22,38962,655,Self-Employed,237505,24,2,196,16,41622,1,2,3,2,7,At Risk,100.0,Critical Risk,1045473.0
CUST03347,41,68251,673,Self-Employed,276848,60,1,269,18,15020,1,2,3,1,6,At Risk,100.0,Critical Risk,323016.0
CUST03348,63,52664,623,Self-Employed,288171,48,2,16,4,47077,1,4,1,3,8,Loyal,100.0,Critical Risk,1309189.0
CUST03349,54,43847,790,Business,217815,48,0,343,11,51124,0,1,2,3,6,At Risk,100.0,Critical Risk,540877.0
CUST03350,35,39761,607,Self-Employed,369355,36,2,345,1,22432,1,1,1,1,3,Lost,100.0,Critical Risk,21462.0
CUST03351,54,57066,660,Salaried,196001,36,0,76,27,48126,1,4,4,3,11,Champions,88.8,Critical Risk,4215838.0
CUST03352,25,66296,653,Business,235561,60,1,323,14,23352,1,1,2,1,4,Lost,100.0,Critical Risk,331930.0
CUST03353,57,61413,777,Business,151494,36,0,103,18,5000,0,3,3,1,7,At Risk,63.1,High Risk,235484.0
CUST03354,32,42900,667,Salaried,192815,60,0,224,9,55571,1,2,2,3,7,At Risk,100.0,Critical Risk,700771.0
CUST03355,39,49035,726,Freelance,163965,48,1,102,10,64078,1,3,2,4,9,Loyal,94.3,Critical Risk,1688698.0
CUST03356,44,70789,746,Salaried,153030,12,3,304,29,90308,1,1,4,4,9,Loyal,100.0,Critical Risk,2807372.0
CUST03357,49,68943,700,Self-Employed,189334,48,0,204,5,55555,1,2,1,3,6,At Risk,82.6,Critical Risk,421571.0
CUST03358,34,57938,644,Self-Employed,236329,60,1,61,9,37561,1,4,2,2,8,Loyal,100.0,Critical Risk,1265517.0
CUST03359,62,84772,667,Salaried,250172,24,1,313,9,42209,1,1,2,2,5,Lost,100.0,Critical Risk,396728.0
CUST03360,23,56606,805,Salaried,225945,36,2,23,15,24171,1,4,3,1,8,Loyal,100.0,Critical Risk,2224138.0
CUST03361,66,74970,616,Salaried,223386,36,0,337,27,5000,1,1,4,1,6,At Risk,100.0,Critical Risk,131928.0
CUST03362,46,65642,802,Freelance,285498,60,0,28,6,48199,0,4,1,3,8,Loyal,92.8,Critical Risk,1636524.0
CUST03363,27,40846,749,Business,194990,24,2,142,17,36784,1,3,3,2,8,Loyal,100.0,Critical Risk,1278682.0
CUST03364,57,30084,654,Business,308167,12,0,59,24,37626,1,4,4,2,10,Champions,100.0,Critical Risk,3451348.0
CUST03365,67,50144,795,Salaried,56094,48,0,153,28,44843,0,3,4,2,9,Loyal,38.9,Medium Risk,2418446.0
CUST03366,67,72141,793,Salaried,248632,60,3,332,5,16588,1,1,1,1,3,Lost,100.0,Critical Risk,82152.0
CUST03367,31,45925,728,Salaried,238267,24,0,197,17,56545,1,2,3,3,8,Loyal,100.0,Critical Risk,1502620.0
CUST03368,63,30362,531,Business,226732,24,2,361,4,85646,1,1,1,4,6,At Risk,100.0,Critical Risk,314574.0
CUST03369,25,41259,764,Salaried,256570,60,3,226,7,44112,1,2,1,2,5,Lost,100.0,Critical Risk,429357.0
CUST03370,55,79474,685,Salaried,230252,60,1,23,29,55341,1,4,4,3,11,Champions,81.8,Critical Risk,9845117.0
CUST03371,57,72548,672,Self-Employed,308438,24,0,289,13,68287,1,1,2,4,7,At Risk,100.0,Critical Risk,995459.0
CUST03372,33,67598,715,Salaried,241868,12,0,42,20,23257,1,4,3,1,8,Loyal,84.8,Critical Risk,2162753.0
CUST03373,45,65595,675,Business,139599,24,0,20,12,69052,1,4,2,4,10,Champions,56.9,High Risk,5353058.0
CUST03374,64,19669,768,Self-Employed,53479,24,2,102,25,46090,0,3,4,3,10,Champions,88.7,Critical Risk,3036616.0
CUST03375,26,72847,638,Salaried,357979,48,1,233,29,5000,1,2,4,1,7,At Risk,100.0,Critical Risk,196382.0
CUST03376,65,43686,734,Salaried,221629,60,0,166,2,34049,1,3,1,2,6,At Risk,100.0,Critical Risk,122745.0
CUST03377,25,50364,624,Self-Employed,194386,48,0,159,19,34262,1,3,3,2,8,Loyal,100.0,Critical Risk,1215381.0
CUST03378,40,66984,692,Salaried,149767,48,1,289,1,79611,1,1,1,4,6,At Risk,90.0,Critical Risk,89272.0
CUST03379,25,31054,716,Salaried,226001,36,2,60,8,82873,1,4,2,4,10,Champions,100.0,Critical Risk,2507660.0
CUST03380,42,55378,602,Business,136274,60,1,189,5,53333,1,2,1,3,6,At Risk,92.8,Critical Risk,431631.0
CUST03381,63,42477,652,Freelance,235636,60,1,197,3,51604,1,2,1,3,6,At Risk,100.0,Critical Risk,241997.0
CUST03382,45,41816,628,Business,176162,60,3,66,6,51687,1,4,1,3,8,Loyal,100.0,Critical Risk,1104337.0
CUST03383,59,57474,850,Freelance,180000,24,1,347,29,37323,0,1,4,2,7,At Risk,100.0,Critical Risk,1030154.0
CUST03384,39,56405,650,Salaried,145750,36,2,309,13,34543,1,1,2,2,5,Lost,100.0,Critical Risk,474404.0
CUST03385,29,62148,655,Freelance,160513,48,0,349,23,40497,1,1,4,2,7,At Risk,94.5,Critical Risk,881900.0
CUST03386,38,15000,665,Self-Employed,191684,24,2,181,11,71198,1,2,2,4,8,Loyal,100.0,Critical Risk,1314299.0
CUST03387,50,92229,689,Salaried,102124,24,1,229,20,32153,0,2,3,2,7,At Risk,62.7,High Risk,884056.0
CUST03388,52,22100,699,Freelance,291861,24,1,327,21,56233,1,1,3,3,7,At Risk,100.0,Critical Risk,1185766.0
CUST03389,29,45856,582,Salaried,234294,12,1,244,7,61934,1,2,1,4,7,At Risk,100.0,Critical Risk,564140.0
CUST03390,64,33926,821,Salaried,117193,60,1,359,1,62219,0,1,1,4,6,At Risk,100.0,Critical Risk,57421.0
CUST03391,61,68783,624,Salaried,120625,12,2,196,2,28034,1,2,1,1,4,Lost,87.6,Critical Risk,88021.0
CUST03392,39,85187,610,Salaried,92096,12,0,261,16,12564,1,2,3,1,6,At Risk,60.5,High Risk,246634.0
CUST03393,34,45456,754,Salaried,218679,48,3,70,1,22276,1,4,1,1,6,At Risk,100.0,Critical Risk,76345.0
CUST03394,37,49270,668,Self-Employed,260983,24,1,240,7,66091,1,2,1,4,7,At Risk,100.0,Critical Risk,610714.0
CUST03395,26,74679,702,Business,55385,12,0,156,24,67777,0,3,4,4,11,Champions,38.4,Medium Risk,3084294.0
CUST03396,64,38511,695,Salaried,241162,12,0,4,16,54112,1,4,3,3,10,Champions,100.0,Critical Risk,7802817.0
CUST03397,59,58198,543,Salaried,131887,36,0,63,20,35059,1,4,3,2,9,Loyal,72.8,High Risk,2572168.0
CUST03398,32,62345,749,Business,223780,60,1,163,26,18036,1,3,4,1,8,Loyal,100.0,Critical Risk,857953.0
CUST03399,23,55780,705,Salaried,171270,12,0,38,2,58845,0,4,1,4,9,Loyal,75.1,Critical Risk,576602.0
CUST03400,62,27607,660,Business,184354,60,3,333,19,64174,1,1,3,4,8,Loyal,100.0,Critical Risk,1204457.0
CUST03401,25,92482,618,Salaried,150646,36,0,13,6,37970,1,4,1,2,7,At Risk,50.5,High Risk,1679885.0
CUST03402,34,68088,602,Business,162899,24,0,199,12,28523,1,2,2,1,5,Lost,82.2,Critical Risk,530491.0
CUST03403,44,57408,630,Self-Employed,247671,24,0,39,18,85064,1,4,3,4,11,Champions,100.0,Critical Risk,7402258.0
CUST03404,37,41846,794,Self-Employed,141154,48,2,170,29,21005,1,3,4,1,8,Loyal,100.0,Critical Risk,1076697.0
CUST03405,62,48966,712,Freelance,179447,12,1,105,23,32211,1,3,4,2,9,Loyal,100.0,Critical Risk,1911034.0
CUST03406,42,44533,604,Business,282578,12,2,350,7,5000,1,1,1,1,3,Lost,100.0,Critical Risk,33053.0
CUST03407,36,23080,675,Freelance,145826,60,1,235,12,99532,1,2,2,4,8,Loyal,100.0,Critical Risk,1605710.0
CUST03408,42,50990,669,Salaried,159460,12,1,189,27,36490,1,2,4,2,8,Loyal,100.0,Critical Risk,1594718.0
CUST03409,62,92547,684,Self-Employed,61226,60,2,79,26,37629,1,4,4,2,10,Champions,51.8,High Risk,3091768.0
CUST03410,58,29333,795,Salaried,241815,12,0,325,1,62085,1,1,1,4,6,At Risk,100.0,Critical Risk,62686.0
CUST03411,28,47429,688,Freelance,255126,36,0,340,2,15356,1,1,1,1,3,Lost,100.0,Critical Risk,29774.0
CUST03412,39,45856,714,Salaried,260177,48,1,329,6,54645,1,1,1,3,5,Lost,100.0,Critical Risk,327421.0
CUST03413,48,56436,757,Salaried,275979,48,1,156,14,66489,1,3,2,4,9,Loyal,100.0,Critical Risk,1764981.0
CUST03414,32,85128,710,Salaried,20000,48,1,128,1,60796,0,3,1,4,8,Loyal,35.4,Medium Risk,134897.0
CUST03415,25,61436,704,Salaried,172920,36,0,349,8,50868,1,1,2,3,6,At Risk,95.6,Critical Risk,385304.0
CUST03416,33,59201,715,Business,239767,36,1,299,23,65539,1,1,4,4,9,Loyal,100.0,Critical Risk,1639940.0
CUST03417,38,37708,714,Self-Employed,246524,12,0,360,4,33311,1,1,1,2,4,Lost,100.0,Critical Risk,122658.0
CUST03418,41,63877,724,Self-Employed,226797,48,3,214,2,48032,1,2,1,3,6,At Risk,100.0,Critical Risk,139973.0
CUST03419,67,85592,615,Salaried,190997,60,1,41,20,70036,1,4,3,4,11,Champions,75.1,Critical Risk,6596939.0
CUST03420,54,41449,736,Business,193282,36,0,101,25,86794,1,3,4,4,11,Champions,100.0,Critical Risk,5759965.0
CUST03421,57,44039,636,Self-Employed,48260,36,1,173,9,12064,1,3,2,1,6,At Risk,61.7,High Risk,189166.0
CUST03422,39,83329,732,Business,243685,60,2,241,7,56992,1,2,1,3,6,At Risk,100.0,Critical Risk,524737.0
CUST03423,27,47624,731,Salaried,230168,48,0,245,26,40954,1,2,4,2,8,Loyal,100.0,Critical Risk,1380652.0
CUST03424,65,71064,671,Business,185735,24,0,165,25,61883,0,3,4,4,11,Champions,78.9,Critical Risk,2802394.0
CUST03425,60,72677,772,Salaried,187492,36,1,190,6,35548,0,2,1,2,5,Lost,82.9,Critical Risk,343709.0
CUST03426,25,71935,703,Freelance,240191,60,2,187,4,45270,1,2,1,3,6,At Risk,100.0,Critical Risk,295723.0
CUST03427,49,70027,721,Business,130571,24,0,306,2,29311,0,1,1,1,3,Lost,71.8,High Risk,62473.0
CUST03428,36,55377,570,Salaried,120249,36,2,241,2,62937,1,2,1,4,7,At Risk,100.0,Critical Risk,165564.0
CUST03429,26,54657,543,Salaried,168335,12,1,140,6,48492,1,3,1,3,7,At Risk,100.0,Critical Risk,601685.0
CUST03430,56,35433,648,Business,325050,48,0,212,8,15781,1,2,2,1,5,Lost,100.0,Critical Risk,185435.0
CUST03431,65,48723,696,Business,55362,60,0,364,26,50898,0,1,4,3,8,Loyal,63.8,High Risk,1206047.0
CUST03432,32,75938,628,Salaried,245010,12,0,173,26,62842,1,3,4,4,11,Champions,94.9,Critical Risk,2846638.0
CUST03433,42,44420,658,Salaried,206192,36,3,233,13,55427,1,2,2,3,7,At Risk,100.0,Critical Risk,975885.0
CUST03434,35,83829,709,Business,118645,24,0,93,25,23802,0,3,4,1,8,Loyal,46.2,Medium Risk,1677168.0
CUST03435,33,84663,622,Business,191399,60,0,266,18,5639,1,2,3,1,6,At Risk,83.7,Critical Risk,122473.0
CUST03436,43,50187,685,Salaried,280853,48,1,348,1,15740,1,1,1,1,3,Lost,100.0,Critical Risk,14942.0
CUST03437,23,71541,730,Self-Employed,304856,24,3,190,17,50018,1,2,3,3,8,Loyal,100.0,Critical Risk,1370250.0
CUST03438,35,28142,824,Self-Employed,196292,60,3,123,21,61305,1,3,3,4,10,Champions,100.0,Critical Risk,2946099.0
CUST03439,41,29669,562,Business,237984,36,3,316,4,34534,1,1,1,2,4,Lost,100.0,Critical Risk,143034.0
CUST03440,64,50280,587,Salaried,190808,24,2,349,22,66181,1,1,3,4,8,Loyal,100.0,Critical Risk,1378556.0
CUST03441,36,80747,720,Salaried,175986,48,1,225,23,5000,1,2,4,1,7,At Risk,81.5,Critical Risk,160516.0
CUST03442,54,68337,756,Salaried,164136,36,0,185,13,37247,0,2,2,2,6,At Risk,70.1,High Risk,797910.0
CUST03443,67,89557,618,Salaried,88362,48,2,255,6,53206,1,2,1,3,6,At Risk,77.6,Critical Risk,399729.0
CUST03444,48,90802,653,Salaried,125569,60,1,7,8,8809,1,4,2,1,7,At Risk,52.6,High Risk,591317.0
CUST03445,47,60169,561,Business,441601,12,0,204,6,31562,1,2,1,2,5,Lost,100.0,Critical Risk,287404.0
CUST03446,44,76059,550,Business,79085,48,1,276,16,63468,1,1,3,4,8,Loyal,75.3,Critical Risk,1186090.0
CUST03447,31,53859,647,Freelance,191892,36,3,121,11,44715,1,3,2,2,7,At Risk,100.0,Critical Risk,1139878.0
CUST03448,54,72441,619,Salaried,103525,60,0,289,2,8655,1,1,1,1,3,Lost,69.1,High Risk,19411.0
CUST03449,34,65343,612,Salaried,147103,48,0,103,10,50293,1,3,2,3,8,Loyal,70.8,High Risk,1315910.0
CUST03450,54,15333,527,Salaried,45870,36,2,147,10,29296,1,3,2,1,6,At Risk,100.0,Critical Risk,582727.0
CUST03451,32,40860,645,Salaried,180250,36,2,3,25,51288,1,4,4,3,11,Champions,100.0,Critical Risk,11848177.0
CUST03452,25,64733,826,Freelance,161256,36,2,344,14,29443,0,1,2,1,4,Lost,99.8,Critical Risk,395411.0
CUST03453,51,61073,552,Salaried,20000,36,1,281,22,45182,1,1,3,3,7,At Risk,61.3,High Risk,1142713.0
CUST03454,35,86500,717,Business,304950,60,0,55,6,16511,1,4,1,1,6,At Risk,84.7,Critical Risk,395181.0
CUST03455,63,83282,718,Business,64245,24,0,63,4,53621,0,4,1,3,8,Loyal,30.2,Medium Risk,786801.0
CUST03456,47,59884,781,Business,131474,24,2,357,24,81102,0,1,4,4,9,Loyal,98.3,Critical Risk,1805473.0
CUST03457,45,17421,633,Self-Employed,248406,12,1,142,16,49677,1,3,3,3,9,Loyal,100.0,Critical Risk,1625287.0
CUST03458,57,68476,833,Salaried,169389,24,1,23,6,21729,0,4,1,1,6,At Risk,62.6,High Risk,799773.0
CUST03459,61,26207,695,Salaried,177611,36,1,350,26,55443,1,1,4,3,8,Loyal,100.0,Critical Risk,1361330.0
CUST03460,62,109973,629,Business,341703,36,1,352,28,14832,1,1,4,1,6,At Risk,100.0,Critical Risk,390175.0
CUST03461,24,35850,784,Freelance,219472,24,1,202,19,49156,1,2,3,3,8,Loyal,100.0,Critical Risk,1429337.0
CUST03462,49,44341,701,Freelance,323402,36,2,121,4,30766,1,3,1,1,5,Lost,100.0,Critical Risk,285196.0
CUST03463,52,78866,761,Salaried,140738,24,0,312,16,61802,0,1,3,4,8,Loyal,67.8,High Risk,1035649.0
CUST03464,49,31521,699,Self-Employed,243667,36,2,43,15,20802,1,4,3,1,8,Loyal,100.0,Critical Risk,1432591.0
CUST03465,38,52743,578,Salaried,319059,36,0,209,8,17146,1,2,2,1,5,Lost,100.0,Critical Risk,203936.0
CUST03466,58,20835,716,Salaried,183882,24,0,252,16,18772,1,2,3,1,6,At Risk,100.0,Critical Risk,379995.0
CUST03467,53,16985,683,Self-Employed,195459,12,1,176,26,38614,1,3,4,2,9,Loyal,100.0,Critical Risk,1724456.0
CUST03468,59,66716,690,Business,171626,12,1,2,19,66595,1,4,3,4,11,Champions,73.3,High Risk,11995749.0
CUST03469,59,91393,585,Salaried,160135,24,1,351,11,31858,1,1,2,2,5,Lost,93.2,Critical Risk,330090.0
CUST03470,61,34907,606,Salaried,195039,48,0,309,27,33473,1,1,4,2,7,At Risk,100.0,Critical Risk,954780.0
CUST03471,67,53786,637,Business,137938,24,0,104,14,45633,1,3,2,3,8,Loyal,75.3,Critical Risk,1659677.0
CUST03472,66,28479,763,Salaried,229207,48,1,109,6,53583,1,3,1,3,7,At Risk,100.0,Critical Risk,806507.0
CUST03473,35,78193,748,Business,121873,24,3,348,29,37007,1,1,4,2,7,At Risk,97.2,Critical Risk,1018775.0
CUST03474,65,57294,689,Self-Employed,128243,24,0,59,24,42066,1,4,4,2,10,Champions,61.3,High Risk,3858619.0
CUST03475,33,70451,807,Salaried,91304,60,2,183,17,35424,0,2,3,2,7,At Risk,64.1,High Risk,1001394.0
CUST03476,29,43669,647,Self-Employed,170829,48,2,195,1,68139,1,2,1,4,7,At Risk,100.0,Critical Risk,107433.0
CUST03477,38,70912,616,Freelance,327617,36,0,153,23,36916,1,3,4,2,9,Loyal,100.0,Critical Risk,1635408.0
CUST03478,28,63865,646,Salaried,229192,60,0,4,7,22645,1,4,1,1,6,At Risk,86.9,Critical Risk,1428592.0
CUST03479,51,37054,832,Salaried,236858,60,2,174,13,38493,1,3,2,2,7,At Risk,100.0,Critical Risk,867693.0
CUST03480,34,68064,693,Business,76614,24,1,352,22,47166,1,1,3,3,7,At Risk,72.9,High Risk,974885.0
CUST03481,30,79230,567,Salaried,103412,24,1,198,22,10778,1,2,3,1,6,At Risk,73.0,High Risk,369072.0
CUST03482,28,58257,659,Business,131136,36,0,83,27,69429,1,4,4,4,12,Champions,65.7,High Risk,5725714.0
CUST03483,29,89040,550,Salaried,279024,36,0,38,19,60632,1,4,3,4,11,Champions,87.6,Critical Risk,5644066.0
CUST03484,58,48225,714,Self-Employed,332339,60,0,84,17,79022,1,4,3,4,11,Champions,100.0,Critical Risk,4069141.0
CUST03485,35,23186,756,Business,331607,12,1,176,1,75747,1,3,1,4,8,Loyal,100.0,Critical Risk,130107.0
CUST03486,27,79853,642,Salaried,169872,12,0,88,25,5000,1,4,4,1,9,Loyal,64.9,High Risk,366466.0
CUST03487,52,28665,650,Salaried,230250,48,0,289,3,25257,1,1,1,1,3,Lost,100.0,Critical Risk,84966.0
CUST03488,23,40018,710,Salaried,145010,12,1,216,24,61919,1,2,4,4,10,Champions,100.0,Critical Risk,2148160.0
CUST03489,24,63342,594,Business,199740,24,0,161,3,55772,1,3,1,3,7,At Risk,94.9,Critical Risk,309217.0
CUST03490,52,63083,731,Business,260547,24,0,9,13,30458,1,4,2,1,7,At Risk,92.0,Critical Risk,3176334.0
CUST03491,54,61771,597,Business,238478,24,2,196,18,26491,1,2,3,1,6,At Risk,100.0,Critical Risk,748584.0
CUST03492,60,16589,471,Self-Employed,244606,48,2,17,26,5000,1,4,4,1,9,Loyal,100.0,Critical Risk,886916.0
CUST03493,27,32164,515,Salaried,238674,60,1,26,3,28436,1,4,1,1,6,At Risk,100.0,Critical Risk,498199.0
CUST03494,44,77492,556,Self-Employed,35116,24,0,268,11,54499,1,2,2,3,7,At Risk,52.5,High Risk,718599.0
CUST03495,43,92984,669,Salaried,370605,60,0,256,21,60564,1,2,3,4,9,Loyal,100.0,Critical Risk,1587087.0
CUST03496,36,30672,741,Business,250043,36,0,230,14,5000,0,2,2,1,5,Lost,100.0,Critical Risk,95872.0
CUST03497,51,42719,850,Self-Employed,342420,12,1,92,19,21894,1,3,3,1,7,At Risk,100.0,Critical Risk,1181594.0
CUST03498,32,25792,850,Self-Employed,274903,12,2,188,5,5498,1,2,1,1,4,Lost,100.0,Critical Risk,44694.0
CUST03499,49,45803,760,Salaried,136255,24,1,44,8,82929,0,4,2,4,10,Champions,79.7,Critical Risk,3008108.0
CUST03500,45,87744,742,Salaried,154702,24,2,143,25,74439,1,3,4,4,11,Champions,74.9,High Risk,3784155.0
CUST03501,26,57781,631,Salaried,189740,36,2,306,5,65722,1,1,1,4,6,At Risk,100.0,Critical Risk,350198.0
CUST03502,24,30530,794,Salaried,121097,36,3,89,8,19343,1,4,2,1,7,At Risk,100.0,Critical Risk,450052.0
CUST03503,56,82122,619,Business,20000,48,1,89,27,37315,1,4,4,2,10,Champions,39.0,Medium Risk,2930194.0
CUST03504,30,77590,674,Self-Employed,136183,36,0,99,13,15586,0,3,2,1,6,At Risk,56.0,High Risk,545798.0
CUST03505,52,27949,616,Salaried,115420,36,0,260,26,47146,1,2,4,3,9,Loyal,100.0,Critical Risk,1508990.0
CUST03506,63,49624,726,Salaried,203909,36,0,247,1,53867,1,2,1,3,6,At Risk,100.0,Critical Risk,69353.0
CUST03507,46,57940,600,Salaried,193393,36,1,54,5,13056,1,4,1,1,6,At Risk,99.4,Critical Risk,263284.0
CUST03508,38,51417,762,Self-Employed,20000,24,0,313,18,41086,0,1,3,2,6,At Risk,39.9,Medium Risk,772346.0
CUST03509,40,66105,713,Self-Employed,123086,36,1,153,1,10617,1,3,1,1,5,Lost,69.8,High Risk,20450.0
CUST03510,61,36020,625,Business,229487,48,1,317,12,30937,1,1,2,1,4,Lost,100.0,Critical Risk,383321.0
CUST03511,24,71008,850,Salaried,208947,12,0,239,19,67780,0,2,3,4,9,Loyal,78.5,Critical Risk,1706186.0
CUST03512,33,54254,633,Self-Employed,225115,48,0,119,13,36675,1,3,2,2,7,At Risk,100.0,Critical Risk,1119118.0
CUST03513,25,80846,548,Salaried,115507,12,3,270,25,38313,1,2,4,2,8,Loyal,100.0,Critical Risk,1140640.0
CUST03514,30,42937,603,Salaried,162866,60,1,260,15,12942,1,2,3,1,6,At Risk,100.0,Critical Risk,238980.0
CUST03515,48,67579,673,Self-Employed,187421,12,1,162,15,48017,1,3,3,3,9,Loyal,91.7,Critical Risk,1324398.0
CUST03516,22,62728,737,Business,246562,12,0,10,18,27034,1,4,3,1,8,Loyal,87.7,Critical Risk,3819643.0
CUST03517,45,53951,656,Salaried,84700,24,1,136,21,53536,1,3,3,3,9,Loyal,66.7,High Risk,2378861.0
CUST03518,63,63593,669,Freelance,209818,36,0,210,2,41110,1,2,1,2,5,Lost,96.4,Critical Risk,121746.0
CUST03519,34,45235,718,Self-Employed,127853,48,0,327,26,52495,0,1,4,3,8,Loyal,93.0,Critical Risk,1370502.0
CUST03520,32,47580,600,Salaried,188088,48,0,115,1,17970,1,3,1,1,5,Lost,100.0,Critical Risk,43294.0
CUST03521,60,79788,764,Self-Employed,178299,36,0,291,29,37371,0,1,4,2,7,At Risk,74.9,High Risk,1207854.0
CUST03522,55,46440,482,Salaried,84769,12,2,185,16,37739,1,2,3,2,7,At Risk,98.5,Critical Risk,995015.0
CUST03523,61,50876,605,Salaried,148322,24,0,208,7,5000,1,2,1,1,4,Lost,93.2,Critical Risk,52249.0
CUST03524,32,41644,694,Salaried,142856,48,2,239,11,74267,1,2,2,4,8,Loyal,100.0,Critical Risk,1082330.0
CUST03525,37,32234,591,Self-Employed,137137,36,0,163,28,50789,1,3,4,3,10,Champions,100.0,Critical Risk,2601822.0
CUST03526,48,29731,700,Self-Employed,215256,24,2,163,20,30477,1,3,3,1,7,At Risk,100.0,Critical Risk,1115198.0
CUST03527,23,47415,687,Self-Employed,364500,48,1,354,3,56571,1,1,1,3,5,Lost,100.0,Critical Risk,158631.0
CUST03528,37,66819,821,Self-Employed,292669,36,0,96,17,47918,0,3,3,3,9,Loyal,97.6,Critical Risk,2244009.0
CUST03529,38,49362,649,Salaried,245195,36,0,351,23,68986,1,1,4,4,9,Loyal,100.0,Critical Risk,1494548.0
CUST03530,52,29146,706,Self-Employed,263683,48,0,49,3,25101,1,4,1,1,6,At Risk,100.0,Critical Risk,321469.0
CUST03531,35,15000,574,Salaried,208720,24,1,124,19,38942,1,3,3,2,8,Loyal,100.0,Critical Risk,1682634.0
CUST03532,66,55923,661,Salaried,212593,36,1,352,12,67968,1,1,2,4,7,At Risk,100.0,Critical Risk,766280.0
CUST03533,56,56774,625,Salaried,269352,12,0,277,20,55230,1,1,3,3,7,At Risk,100.0,Critical Risk,1286057.0
CUST03534,56,83166,693,Salaried,297934,36,0,60,11,71627,1,4,2,4,10,Champions,88.0,Critical Risk,2980129.0
CUST03535,55,36261,712,Freelance,169510,60,2,364,2,74093,1,1,1,4,6,At Risk,100.0,Critical Risk,135051.0
CUST03536,61,64677,475,Business,149717,24,2,24,8,82837,1,4,2,4,10,Champions,95.5,Critical Risk,3998083.0
CUST03537,64,31843,584,Business,82604,24,1,270,4,44390,1,2,1,2,5,Lost,100.0,Critical Risk,211450.0
CUST03538,52,70181,686,Business,295208,60,2,242,1,38321,1,2,1,2,5,Lost,100.0,Critical Risk,50223.0
CUST03539,49,59306,627,Business,32611,60,3,166,16,45833,1,3,3,3,9,Loyal,70.9,High Risk,1321801.0
CUST03540,56,52618,616,Salaried,255229,48,1,250,27,23185,1,2,4,1,7,At Risk,100.0,Critical Risk,797515.0
CUST03541,30,28768,693,Business,291792,24,3,71,12,57862,1,4,2,3,9,Loyal,100.0,Critical Risk,2357540.0
CUST03542,27,54712,686,Salaried,129262,24,2,357,17,50200,1,1,3,3,7,At Risk,100.0,Critical Risk,791591.0
CUST03543,38,54594,672,Salaried,197025,24,0,350,27,5000,1,1,4,1,6,At Risk,100.0,Critical Risk,127490.0
CUST03544,24,73944,639,Freelance,181762,60,0,174,10,81364,1,3,2,4,9,Loyal,78.8,Critical Risk,1410825.0
CUST03545,32,54288,760,Salaried,197041,24,0,92,14,42249,1,3,2,2,7,At Risk,86.7,Critical Risk,1680096.0
CUST03546,58,50532,658,Salaried,344795,36,0,63,27,60309,1,4,4,4,12,Champions,100.0,Critical Risk,5973319.0
CUST03547,38,47601,723,Salaried,20000,36,1,60,4,43411,0,4,1,2,7,At Risk,32.6,Medium Risk,656788.0
CUST03548,54,61961,675,Self-Employed,85392,24,1,203,2,52447,0,2,1,3,6,At Risk,67.0,High Risk,159859.0
CUST03549,40,84259,717,Salaried,260413,12,2,353,12,45455,1,1,2,3,6,At Risk,100.0,Critical Risk,511150.0
CUST03550,23,40690,533,Self-Employed,302245,48,1,199,13,44638,1,2,2,2,6,At Risk,100.0,Critical Risk,899394.0
CUST03551,57,85704,751,Business,246164,12,3,85,12,107806,1,4,2,4,10,Champions,100.0,Critical Risk,3886340.0
CUST03552,37,53869,844,Freelance,207551,36,2,113,4,61615,1,3,1,4,8,Loyal,100.0,Critical Risk,601725.0
CUST03553,40,64082,711,Salaried,112846,24,1,172,3,62443,1,3,1,4,8,Loyal,69.5,High Risk,327938.0
CUST03554,35,47699,679,Self-Employed,85762,12,1,228,25,34947,0,2,4,2,8,Loyal,77.1,Critical Risk,1205638.0
CUST03555,38,28960,753,Business,194864,12,0,6,1,16212,1,4,1,1,6,At Risk,100.0,Critical Risk,139232.0
CUST03556,53,36229,667,Freelance,159389,12,2,190,7,5000,1,2,1,1,4,Lost,100.0,Critical Risk,56402.0
CUST03557,48,29346,756,Salaried,104882,60,3,129,25,51952,1,3,4,3,10,Champions,100.0,Critical Risk,2864423.0
CUST03558,62,20955,681,Salaried,238026,36,0,299,4,56952,1,1,1,3,5,Lost,100.0,Critical Risk,247839.0
CUST03559,62,37546,572,Self-Employed,122025,12,1,161,27,38204,1,3,4,2,9,Loyal,100.0,Critical Risk,1906331.0
CUST03560,37,42492,734,Salaried,220772,24,0,54,28,48638,1,4,4,3,11,Champions,100.0,Critical Risk,5492601.0
CUST03561,32,64184,685,Self-Employed,262648,48,1,342,14,22384,1,1,2,1,4,Lost,100.0,Critical Risk,302199.0
CUST03562,31,34131,666,Salaried,152298,36,0,192,12,40691,1,2,2,2,6,At Risk,100.0,Critical Risk,779985.0
CUST03563,51,63946,725,Salaried,210277,48,3,34,10,57301,1,4,2,3,9,Loyal,100.0,Critical Risk,2966648.0
CUST03564,63,49274,684,Salaried,188876,24,0,309,13,32705,1,1,2,2,5,Lost,100.0,Critical Risk,449161.0
CUST03565,39,38053,656,Business,84285,12,1,291,21,36206,1,1,3,2,6,At Risk,92.3,Critical Risk,847386.0
CUST03566,32,69073,647,Self-Employed,140679,60,0,277,1,57155,1,1,1,3,5,Lost,78.3,Critical Risk,66544.0
CUST03567,46,42473,749,Self-Employed,223096,36,1,288,27,55029,1,1,4,3,8,Loyal,100.0,Critical Risk,1671220.0
CUST03568,67,65705,567,Freelance,182022,48,0,156,10,47118,1,3,2,3,8,Loyal,88.8,Critical Risk,893406.0
CUST03569,22,64082,556,Freelance,206654,36,2,301,20,53826,1,1,3,3,7,At Risk,100.0,Critical Risk,1164236.0
CUST03570,49,55468,674,Salaried,167577,60,1,7,24,100642,1,4,4,4,12,Champions,83.8,Critical Risk,20267217.0
CUST03571,60,37749,794,Salaried,250318,36,1,120,25,9024,0,3,4,1,8,Loyal,100.0,Critical Risk,526160.0
CUST03572,31,15000,722,Salaried,96333,12,1,228,4,64679,1,2,1,4,7,At Risk,100.0,Critical Risk,357018.0
CUST03573,40,72795,626,Salaried,69365,24,1,329,27,37179,1,1,4,2,7,At Risk,72.4,High Risk,1002460.0
CUST03574,57,63474,721,Self-Employed,354536,12,1,264,29,34798,1,2,4,2,8,Loyal,100.0,Critical Risk,1225747.0
CUST03575,66,63832,618,Self-Employed,200095,24,2,86,2,26896,1,4,1,1,6,At Risk,100.0,Critical Risk,160278.0
CUST03576,25,67105,593,Business,92297,12,0,73,10,44450,1,4,2,2,8,Loyal,52.2,High Risk,1481667.0
CUST03577,46,50050,571,Business,156474,48,0,192,7,40628,1,2,1,2,5,Lost,98.6,Critical Risk,454287.0
CUST03578,41,55536,652,Salaried,185691,12,0,176,7,91107,1,3,1,4,8,Loyal,95.7,Critical Risk,1095428.0
CUST03579,26,42438,702,Self-Employed,172518,12,1,27,26,99492,1,4,4,4,12,Champions,100.0,Critical Risk,14868962.0
CUST03580,28,95628,743,Self-Employed,54029,36,1,294,18,27556,0,1,3,1,5,Lost,53.2,High Risk,547785.0
CUST03581,30,76152,624,Self-Employed,194721,24,1,177,27,76037,1,3,4,4,11,Champions,92.1,Critical Risk,3509811.0
CUST03582,57,57600,714,Salaried,93624,48,3,90,29,52453,1,4,4,3,11,Champions,79.8,Critical Risk,4389051.0
CUST03583,39,59989,689,Salaried,146498,24,2,68,6,50410,1,4,1,3,8,Loyal,86.1,Critical Risk,1056439.0
CUST03584,46,54733,583,Salaried,232549,60,0,293,4,42781,1,1,1,2,4,Lost,100.0,Critical Risk,189561.0
CUST03585,58,56958,794,Salaried,178304,60,0,73,13,25682,0,4,2,1,7,At Risk,72.7,High Risk,1112887.0
CUST03586,49,49970,715,Salaried,66986,12,0,325,27,78424,0,1,4,4,9,Loyal,63.3,High Risk,2137949.0
CUST03587,35,47720,658,Business,123993,36,0,116,17,5000,1,3,3,1,7,At Risk,75.5,Critical Risk,203443.0
CUST03588,43,76059,608,Self-Employed,238653,48,1,35,24,37751,1,4,4,2,10,Champions,93.2,Critical Risk,4625157.0
CUST03589,61,76018,736,Salaried,291792,60,2,235,9,49621,1,2,2,3,7,At Risk,100.0,Critical Risk,600387.0
CUST03590,42,50257,710,Self-Employed,372657,12,3,240,9,83218,1,2,2,4,8,Loyal,100.0,Critical Risk,988684.0
CUST03591,57,37501,571,Freelance,220622,48,0,247,17,52504,1,2,3,3,8,Loyal,100.0,Critical Risk,1149162.0
CUST03592,63,46332,715,Salaried,145510,12,1,286,8,46708,1,1,2,3,6,At Risk,100.0,Critical Risk,422907.0
CUST03593,64,46067,701,Salaried,192159,12,0,278,4,54268,1,1,1,3,5,Lost,100.0,Critical Risk,251928.0
CUST03594,24,68897,627,Self-Employed,194085,24,1,160,23,59444,1,3,4,4,11,Champions,95.7,Critical Risk,2539605.0
CUST03595,29,56896,550,Salaried,119060,12,1,66,15,50085,1,4,3,3,10,Champions,79.1,Critical Risk,2675272.0
CUST03596,51,55442,577,Self-Employed,239227,36,1,78,6,57352,1,4,1,3,8,Loyal,100.0,Critical Risk,1096951.0
CUST03597,47,54076,532,Self-Employed,154245,24,1,71,3,21499,1,4,1,1,6,At Risk,96.0,Critical Risk,218990.0
CUST03598,64,59428,582,Self-Employed,259874,36,1,76,9,31954,1,4,2,2,8,Loyal,100.0,Critical Risk,933057.0
CUST03599,48,17540,608,Business,68560,24,2,362,5,65734,1,1,1,4,6,At Risk,100.0,Critical Risk,301040.0
CUST03600,54,48225,739,Self-Employed,153063,48,0,11,6,59704,0,4,1,4,9,Loyal,72.5,High Risk,2752669.0
CUST03601,67,91123,701,Salaried,128298,12,1,169,18,33872,1,3,3,2,8,Loyal,62.9,High Risk,1082915.0
CUST03602,61,78044,576,Salaried,126591,36,1,199,15,5000,1,2,3,1,6,At Risk,78.7,Critical Risk,116242.0
CUST03603,66,61377,559,Business,171675,48,1,159,24,35179,1,3,4,2,9,Loyal,100.0,Critical Risk,1576307.0
CUST03604,35,27229,646,Business,275863,24,0,149,13,57827,1,3,2,3,8,Loyal,100.0,Critical Risk,1479187.0
CUST03605,49,61865,747,Salaried,305072,12,2,121,9,94973,1,3,2,4,9,Loyal,100.0,Critical Risk,1980865.0
CUST03606,44,29191,699,Freelance,178799,12,3,81,4,45636,1,4,1,3,8,Loyal,100.0,Critical Risk,567052.0
CUST03607,66,57053,613,Self-Employed,282772,12,0,3,23,36918,1,4,4,2,10,Champions,100.0,Critical Risk,7846243.0
CUST03608,38,35880,740,Business,186183,48,1,323,21,64338,1,1,3,4,8,Loyal,100.0,Critical Risk,1371768.0
CUST03609,25,69831,592,Salaried,262693,48,0,196,13,77974,1,2,2,4,8,Loyal,100.0,Critical Risk,1591340.0
CUST03610,53,68962,697,Self-Employed,192454,12,0,355,23,56636,1,1,4,3,8,Loyal,96.1,Critical Risk,1214455.0
CUST03611,58,54743,633,Business,172455,36,2,242,11,85831,1,2,2,4,8,Loyal,100.0,Critical Risk,1237384.0
CUST03612,56,40059,595,Salaried,184898,36,0,341,28,49864,1,1,4,3,8,Loyal,100.0,Critical Risk,1349960.0
CUST03613,54,45715,802,Salaried,104529,12,0,213,21,29891,0,2,3,1,6,At Risk,66.7,High Risk,918295.0
CUST03614,53,51451,647,Self-Employed,170162,24,3,21,4,29654,1,4,1,1,6,At Risk,100.0,Critical Risk,752954.0
CUST03615,56,67317,665,Salaried,199843,36,0,338,1,30565,1,1,1,1,3,Lost,100.0,Critical Risk,29790.0
CUST03616,28,52519,685,Salaried,74737,36,1,307,6,27093,1,1,1,1,3,Lost,75.7,Critical Risk,172733.0
CUST03617,55,61758,676,Salaried,105078,36,2,154,2,48924,1,3,1,3,7,At Risk,79.3,Critical Risk,187478.0
CUST03618,26,98842,516,Freelance,215026,24,2,20,24,14477,1,4,4,1,9,Loyal,89.4,Critical Risk,2244576.0
CUST03619,39,67683,569,Freelance,86172,36,1,183,12,47779,1,2,2,3,7,At Risk,70.9,High Risk,953403.0
CUST03620,59,24515,713,Self-Employed,171868,48,2,213,22,76065,1,2,3,4,9,Loyal,100.0,Critical Risk,2448104.0
CUST03621,43,58737,805,Salaried,320295,12,1,258,13,25263,1,2,2,1,5,Lost,100.0,Critical Risk,407039.0
CUST03622,67,83230,668,Business,308741,36,0,222,11,65204,1,2,2,4,8,Loyal,100.0,Critical Risk,1012743.0
CUST03623,39,15000,649,Salaried,119201,12,0,225,6,36443,1,2,1,2,5,Lost,100.0,Critical Risk,305201.0
CUST03624,36,31669,699,Business,298159,48,0,263,22,22018,1,2,3,1,6,At Risk,100.0,Critical Risk,590332.0
CUST03625,25,50648,788,Self-Employed,194470,60,0,9,7,57483,0,4,1,3,8,Loyal,82.0,Critical Risk,3227892.0
CUST03626,34,49041,594,Salaried,100561,60,2,159,25,50868,1,3,4,3,10,Champions,92.7,Critical Risk,2374274.0
CUST03627,63,38830,588,Freelance,319720,36,1,362,26,39716,1,1,4,2,7,At Risk,100.0,Critical Risk,945809.0
CUST03628,54,63807,642,Salaried,274614,24,0,177,9,41051,1,3,2,2,7,At Risk,100.0,Critical Risk,631628.0
CUST03629,28,46487,688,Salaried,41249,12,0,169,19,29735,0,3,3,1,7,At Risk,43.4,Medium Risk,1003466.0
CUST03630,25,35067,684,Salaried,232542,24,1,206,16,36834,1,2,3,2,7,At Risk,100.0,Critical Risk,887054.0
CUST03631,49,63681,630,Self-Employed,58643,12,1,190,7,25131,1,2,1,1,4,Lost,60.0,High Risk,283487.0
CUST03632,36,66577,747,Salaried,340351,12,1,134,4,54340,1,3,1,3,7,At Risk,100.0,Critical Risk,465316.0
CUST03633,53,74150,666,Self-Employed,121593,12,0,316,15,65086,0,1,3,4,8,Loyal,72.2,High Risk,1010910.0
CUST03634,27,51283,685,Freelance,93712,24,0,177,11,32417,0,3,2,2,7,At Risk,63.1,High Risk,609622.0
CUST03635,55,61321,734,Self-Employed,355531,36,0,269,7,18191,1,2,1,1,4,Lost,100.0,Critical Risk,152137.0
CUST03636,37,62113,776,Business,97567,12,0,48,8,45237,0,4,2,3,9,Loyal,40.7,Medium Risk,1563219.0
CUST03637,65,32228,729,Freelance,234299,12,1,272,2,61001,1,2,1,4,7,At Risk,100.0,Critical Risk,144346.0
CUST03638,47,62235,562,Self-Employed,26336,36,1,222,18,45140,1,2,3,3,8,Loyal,57.7,High Risk,1147272.0
CUST03639,40,45024,771,Self-Employed,262946,12,2,138,24,15013,1,3,4,1,8,Loyal,100.0,Critical Risk,753661.0
CUST03640,25,57849,753,Salaried,252130,60,3,50,14,31162,1,4,2,2,8,Loyal,100.0,Critical Risk,1840900.0
CUST03641,31,40262,714,Self-Employed,106582,12,1,338,22,5000,1,1,3,1,5,Lost,100.0,Critical Risk,107210.0
CUST03642,40,66792,662,Business,168712,48,2,41,1,48473,1,4,1,3,8,Loyal,87.6,Critical Risk,228292.0
CUST03643,45,67051,658,Freelance,162171,12,0,49,11,42094,1,4,2,2,8,Loyal,66.4,High Risk,1976695.0
CUST03644,61,51098,725,Salaried,227371,24,1,45,18,55198,1,4,3,3,10,Champions,100.0,Critical Risk,4449704.0
CUST03645,22,77129,731,Freelance,274204,48,0,302,28,71198,1,1,4,4,9,Loyal,100.0,Critical Risk,2149612.0
CUST03646,53,15614,671,Salaried,216541,24,0,30,10,57205,1,4,2,3,9,Loyal,100.0,Critical Risk,3139823.0
CUST03647,31,27538,613,Freelance,383460,36,1,145,8,77751,1,3,2,4,9,Loyal,100.0,Critical Risk,1250870.0
CUST03648,29,45249,648,Self-Employed,187137,48,1,36,17,7436,1,4,3,1,8,Loyal,100.0,Critical Risk,636419.0
CUST03649,26,58572,645,Business,249751,48,0,293,13,5000,1,1,2,1,4,Lost,100.0,Critical Risk,72003.0
CUST03650,35,30195,667,Self-Employed,249499,36,2,24,6,30835,1,4,1,1,6,At Risk,100.0,Critical Risk,1116176.0
CUST03651,50,76322,635,Salaried,187082,48,0,182,9,77835,1,2,2,4,8,Loyal,79.6,Critical Risk,1170197.0
CUST03652,51,65801,820,Business,270475,48,3,32,23,43254,1,4,4,2,10,Champions,100.0,Critical Risk,5300983.0
CUST03653,62,67417,625,Self-Employed,46273,24,0,61,18,53628,0,4,3,3,10,Champions,35.1,Medium Risk,3613702.0
CUST03654,60,52704,668,Salaried,218547,60,1,195,19,64682,1,2,3,4,9,Loyal,100.0,Critical Risk,1937666.0
CUST03655,60,34442,633,Business,94233,60,1,295,7,22578,1,1,1,1,3,Lost,100.0,Critical Risk,174017.0
CUST03656,34,31323,717,Self-Employed,308718,12,1,35,25,48957,1,4,4,3,11,Champions,100.0,Critical Risk,6248009.0
CUST03657,30,40992,670,Salaried,45216,12,2,279,26,18231,1,1,4,1,6,At Risk,78.1,Critical Risk,548375.0
CUST03658,44,65214,603,Salaried,267672,24,0,56,4,9134,1,4,1,1,6,At Risk,100.0,Critical Risk,144169.0
CUST03659,28,15000,833,Salaried,113228,36,1,325,20,40914,0,1,3,2,6,At Risk,100.0,Critical Risk,826202.0
CUST03660,49,39376,755,Business,134396,48,0,354,25,89267,0,1,4,4,9,Loyal,100.0,Critical Risk,2085945.0
CUST03661,34,92973,667,Salaried,242916,12,1,40,24,43316,1,4,4,2,10,Champions,78.9,Critical Risk,4960107.0
CUST03662,25,61870,680,Freelance,299058,48,0,283,19,59018,1,1,3,4,8,Loyal,100.0,Critical Risk,1281032.0
CUST03663,44,51483,752,Salaried,173049,60,0,85,1,40546,0,4,1,2,7,At Risk,81.3,Critical Risk,121805.0
CUST03664,38,27493,795,Self-Employed,198270,60,0,356,26,61153,0,1,4,4,9,Loyal,100.0,Critical Risk,1478578.0
CUST03665,36,68824,639,Salaried,248275,48,2,265,25,54587,1,2,4,3,9,Loyal,100.0,Critical Risk,1652094.0
CUST03666,51,16551,578,Salaried,63328,36,0,144,6,89384,1,3,1,4,8,Loyal,100.0,Critical Risk,1084493.0
CUST03667,39,58412,660,Self-Employed,96644,12,0,19,4,31445,0,4,1,2,7,At Risk,48.5,Medium Risk,827202.0
CUST03668,54,52906,676,Salaried,226664,60,3,324,2,38097,1,1,1,2,4,Lost,100.0,Critical Risk,77145.0
CUST03669,52,66752,707,Salaried,262163,24,0,281,29,23868,1,1,4,1,6,At Risk,100.0,Critical Risk,795725.0
CUST03670,22,67582,721,Freelance,173783,12,0,209,18,54210,1,2,3,3,8,Loyal,78.0,Critical Risk,1450752.0
CUST03671,65,38562,770,Salaried,176564,12,0,169,12,71244,0,3,2,4,9,Loyal,100.0,Critical Risk,1518485.0
CUST03672,45,76241,521,Salaried,234973,60,2,234,23,55759,1,2,4,3,9,Loyal,100.0,Critical Risk,1730487.0
CUST03673,38,47591,570,Business,205274,48,2,298,25,40600,1,1,4,2,7,At Risk,100.0,Critical Risk,1107549.0
CUST03674,57,44978,732,Salaried,96265,12,0,137,10,48791,0,3,2,3,8,Loyal,62.6,High Risk,1026439.0
CUST03675,27,56292,616,Business,175354,24,0,351,11,62051,1,1,2,4,7,At Risk,100.0,Critical Risk,642928.0
CUST03676,29,61620,632,Self-Employed,247060,48,0,93,13,66325,1,3,2,4,9,Loyal,100.0,Critical Risk,2430209.0
CUST03677,47,70856,772,Salaried,144306,60,1,114,5,39395,0,3,1,2,6,At Risk,65.8,High Risk,477713.0
CUST03678,51,63096,820,Self-Employed,180044,36,3,352,15,50607,1,1,3,3,7,At Risk,100.0,Critical Risk,713187.0
CUST03679,33,41839,579,Self-Employed,197143,48,0,82,14,61530,1,4,2,4,10,Champions,100.0,Critical Risk,2653319.0
CUST03680,60,59173,642,Salaried,167613,24,0,328,15,62397,1,1,3,4,8,Loyal,98.7,Critical Risk,937239.0
CUST03681,42,36205,680,Salaried,158693,48,0,19,18,37010,1,4,3,2,9,Loyal,100.0,Critical Risk,4381184.0
CUST03682,36,89013,651,Self-Employed,161168,48,0,41,10,27538,1,4,2,1,7,At Risk,54.1,High Risk,1296951.0
CUST03683,64,19171,772,Business,272330,12,1,151,27,45855,1,3,4,3,10,Champions,100.0,Critical Risk,2410139.0
CUST03684,49,45311,689,Self-Employed,152212,36,2,297,5,23393,1,1,1,1,3,Lost,100.0,Critical Risk,128013.0
CUST03685,38,64748,469,Salaried,161474,48,1,304,15,81977,1,1,3,4,8,Loyal,100.0,Critical Risk,1318132.0
CUST03686,46,88214,731,Business,235081,60,0,132,11,60029,1,3,2,4,9,Loyal,72.8,High Risk,1430365.0
CUST03687,45,30061,609,Self-Employed,142686,24,0,133,9,59502,1,3,2,4,9,Loyal,100.0,Critical Risk,1153180.0
CUST03688,32,67736,624,Salaried,71667,60,2,201,24,60419,1,2,4,4,10,Champions,74.1,High Risk,2228507.0
CUST03689,45,55623,753,Business,136520,12,0,271,25,61925,0,2,4,4,10,Champions,78.4,Critical Risk,1837612.0
CUST03690,24,65917,676,Salaried,172678,24,2,288,16,57238,1,1,3,3,7,At Risk,100.0,Critical Risk,1030108.0
CUST03691,46,66872,554,Salaried,281146,24,1,155,21,19258,1,3,3,1,7,At Risk,100.0,Critical Risk,770823.0
CUST03692,42,43467,634,Salaried,192355,48,0,95,25,21726,1,3,4,1,8,Loyal,100.0,Critical Risk,1507603.0
CUST03693,31,31634,752,Salaried,206067,48,3,70,24,42515,1,4,4,2,10,Champions,100.0,Critical Risk,3497008.0
CUST03694,56,70771,498,Salaried,181570,12,1,195,1,32191,1,2,1,2,5,Lost,100.0,Critical Risk,50755.0
CUST03695,31,65144,693,Salaried,166816,24,1,168,9,18633,1,3,2,1,6,At Risk,86.4,Critical Risk,299312.0
CUST03696,62,74078,694,Self-Employed,284623,48,0,349,4,14560,1,1,1,1,3,Lost,100.0,Critical Risk,55143.0
CUST03697,34,68508,588,Salaried,160232,24,0,340,9,67157,1,1,2,4,7,At Risk,93.8,Critical Risk,585952.0
CUST03698,46,69225,733,Salaried,263786,48,1,250,6,27948,1,2,1,1,4,Lost,100.0,Critical Risk,213634.0
CUST03699,22,17301,647,Salaried,145827,48,1,346,13,37344,1,1,2,2,5,Lost,100.0,Critical Risk,463261.0
CUST03700,63,20718,572,Salaried,92546,24,0,2,2,67259,1,4,1,4,9,Loyal,100.0,Critical Risk,1275301.0
CUST03701,24,64711,745,Business,128023,60,0,92,11,35354,0,3,2,2,7,At Risk,54.8,High Risk,1104641.0
CUST03702,32,80821,624,Business,204980,48,1,70,21,20135,1,4,3,1,8,Loyal,82.9,Critical Risk,1449153.0
CUST03703,27,66461,693,Self-Employed,169222,60,0,258,7,45897,1,2,1,3,6,At Risk,83.5,Critical Risk,398190.0
CUST03704,39,74382,664,Self-Employed,254872,48,0,261,22,34766,1,2,3,2,7,At Risk,100.0,Critical Risk,938390.0
CUST03705,36,20963,508,Self-Employed,227041,36,0,323,23,47025,1,1,4,3,8,Loyal,100.0,Critical Risk,1098122.0
CUST03706,24,28723,749,Freelance,326341,60,2,155,3,42119,1,3,1,2,6,At Risk,100.0,Critical Risk,240837.0
CUST03707,51,53785,582,Self-Employed,154717,60,2,79,22,37199,1,4,3,2,9,Loyal,100.0,Critical Risk,2586216.0
CUST03708,26,58557,448,Self-Employed,20000,36,1,346,1,36433,1,1,1,2,4,Lost,74.5,High Risk,34766.0
CUST03709,67,38588,729,Salaried,148183,48,1,264,6,66854,1,2,1,4,7,At Risk,100.0,Critical Risk,487222.0
CUST03710,46,26009,654,Business,125584,24,3,246,11,53550,1,2,2,3,7,At Risk,100.0,Critical Risk,761073.0
CUST03711,37,52112,811,Salaried,239837,48,0,145,5,39114,0,3,1,2,6,At Risk,100.0,Critical Risk,393295.0
CUST03712,37,64051,736,Salaried,119781,60,1,73,16,35938,0,4,3,2,9,Loyal,61.7,High Risk,1916693.0
CUST03713,65,43026,665,Salaried,299068,60,1,216,4,34294,1,2,1,2,5,Lost,100.0,Critical Risk,198294.0
CUST03714,53,56189,788,Freelance,97524,24,2,27,20,83671,0,4,3,4,11,Champions,61.4,High Risk,9618871.0
CUST03715,26,94343,709,Salaried,143416,48,1,69,25,24635,1,4,4,1,9,Loyal,56.3,High Risk,2130752.0
CUST03716,56,51101,580,Self-Employed,20000,12,0,102,8,44571,0,3,2,2,7,At Risk,35.8,Medium Risk,939692.0
CUST03717,46,57580,637,Freelance,323725,48,1,233,1,91001,1,2,1,4,7,At Risk,100.0,Critical Risk,123248.0
CUST03718,45,83213,557,Freelance,164320,24,2,281,21,60879,1,1,3,4,8,Loyal,100.0,Critical Risk,1469725.0
CUST03719,59,48511,667,Business,308576,48,0,50,22,51262,1,4,3,3,10,Champions,100.0,Critical Risk,4758773.0
CUST03720,63,36858,850,Salaried,89708,12,0,159,21,49181,0,3,3,3,9,Loyal,61.7,High Risk,1928247.0
CUST03721,22,54880,711,Freelance,20000,36,0,137,8,49870,0,3,2,3,8,Loyal,28.7,Medium Risk,839311.0
CUST03722,35,62406,694,Self-Employed,224895,60,0,42,12,57286,1,4,2,3,9,Loyal,86.9,Critical Risk,3196340.0
CUST03723,57,69387,749,Salaried,247849,24,0,305,15,15109,0,1,3,1,5,Lost,100.0,Critical Risk,242231.0
CUST03724,52,58390,638,Salaried,282006,36,0,77,1,34304,1,4,1,2,7,At Risk,100.0,Critical Risk,110317.0
CUST03725,57,77951,712,Business,216124,60,2,33,9,14923,1,4,2,1,7,At Risk,88.2,Critical Risk,705353.0
CUST03726,29,50343,781,Salaried,86570,24,0,181,6,39434,0,2,1,2,5,Lost,54.3,High Risk,397060.0
CUST03727,59,62641,673,Salaried,102030,60,0,157,14,31447,1,3,2,2,7,At Risk,58.4,High Risk,830461.0
CUST03728,28,50667,585,Self-Employed,239991,12,0,9,28,45926,1,4,4,3,11,Champions,100.0,Critical Risk,10315686.0
CUST03729,56,44260,641,Business,118604,12,0,346,14,5000,1,1,2,1,4,Lost,97.2,Critical Risk,66797.0
CUST03730,33,63981,701,Salaried,303622,48,1,227,12,12846,1,2,2,1,5,Lost,100.0,Critical Risk,213531.0
CUST03731,52,99379,555,Salaried,173323,36,0,244,29,41194,1,2,4,2,8,Loyal,76.4,Critical Risk,1554504.0
CUST03732,56,31211,562,Business,316478,48,1,275,10,23923,1,1,2,1,4,Lost,100.0,Critical Risk,280318.0
CUST03733,58,57798,723,Salaried,125437,36,2,146,27,51637,1,3,4,3,10,Champions,84.6,Critical Risk,2788398.0
CUST03734,33,27277,666,Salaried,107032,24,1,38,3,51689,1,4,1,3,8,Loyal,100.0,Critical Risk,759724.0
CUST03735,50,48242,703,Freelance,251983,60,2,16,18,39308,1,4,3,2,9,Loyal,100.0,Critical Risk,4919115.0
CUST03736,59,52381,705,Salaried,297350,24,2,297,11,63078,1,1,2,4,7,At Risk,100.0,Critical Risk,759395.0
CUST03737,64,40585,774,Business,258916,60,0,159,24,60648,1,3,4,4,11,Champions,100.0,Critical Risk,2717527.0
CUST03738,31,60889,847,Salaried,132965,24,2,322,28,46581,0,1,4,3,8,Loyal,90.4,Critical Risk,1327916.0
CUST03739,67,76814,769,Salaried,41205,12,2,362,14,69479,1,1,2,4,7,At Risk,66.4,High Risk,890935.0
CUST03740,29,47068,623,Self-Employed,65869,24,1,209,26,24532,1,2,4,1,7,At Risk,71.7,High Risk,948304.0
CUST03741,25,37982,562,Salaried,54589,48,0,102,20,58852,1,3,3,4,10,Champions,58.1,High Risk,3101947.0
CUST03742,52,45942,690,Salaried,124913,36,1,312,29,11766,1,1,4,1,6,At Risk,100.0,Critical Risk,357369.0
CUST03743,50,59117,757,Salaried,151224,12,1,118,9,57531,0,3,2,3,8,Loyal,77.6,Critical Risk,1223232.0
CUST03744,22,36603,508,Salaried,303977,12,0,39,10,40317,1,4,2,2,8,Loyal,100.0,Critical Risk,1949100.0
CUST03745,52,48248,749,Salaried,20000,36,0,278,13,64827,0,1,2,4,7,At Risk,38.5,Medium Risk,978073.0
CUST03746,48,68966,743,Self-Employed,240161,36,2,359,6,60097,1,1,1,4,6,At Risk,100.0,Critical Risk,332775.0
CUST03747,67,58668,698,Salaried,262000,12,0,35,23,66942,1,4,4,4,12,Champions,100.0,Critical Risk,7859833.0
CUST03748,57,87082,605,Self-Employed,208767,48,1,105,21,33704,1,3,3,2,8,Loyal,84.4,Critical Risk,1825733.0
CUST03749,56,63552,773,Salaried,142984,36,2,59,5,61264,1,4,1,4,9,Loyal,75.4,Critical Risk,1170752.0
CUST03750,46,76310,654,Self-Employed,305715,24,0,154,29,57953,1,3,4,3,10,Champions,100.0,Critical Risk,3220118.0
CUST03751,66,34521,731,Salaried,347959,36,0,323,20,22071,1,1,3,1,5,Lost,100.0,Critical Risk,448173.0
CUST03752,47,40920,629,Salaried,276255,24,2,21,5,7264,1,4,1,1,6,At Risk,100.0,Critical Risk,230553.0
CUST03753,40,25107,850,Salaried,183991,12,0,36,29,44935,0,4,4,2,10,Champions,100.0,Critical Risk,6560510.0
CUST03754,57,30269,839,Salaried,234149,48,2,161,18,5000,1,3,3,1,7,At Risk,100.0,Critical Risk,166329.0
CUST03755,53,43899,695,Salaried,273175,24,2,318,20,51459,1,1,3,3,7,At Risk,100.0,Critical Risk,1059663.0
CUST03756,61,57044,782,Self-Employed,88894,12,0,285,20,11271,0,1,3,1,5,Lost,59.5,High Risk,255920.0
CUST03757,32,33367,731,Business,193467,48,1,60,28,69695,1,4,4,4,12,Champions,100.0,Critical Risk,7381170.0
CUST03758,43,53328,612,Salaried,80837,12,1,195,8,37198,1,2,2,2,6,At Risk,73.7,High Risk,469193.0
CUST03759,26,33352,557,Business,287040,60,0,76,14,52334,1,4,2,3,9,Loyal,100.0,Critical Risk,2377127.0
CUST03760,53,52545,542,Salaried,387696,12,0,326,27,24757,1,1,4,1,6,At Risk,100.0,Critical Risk,673049.0
CUST03761,41,33027,662,Salaried,117591,24,0,261,18,57259,1,2,3,3,8,Loyal,100.0,Critical Risk,1264510.0
CUST03762,64,72484,798,Salaried,169024,36,2,27,6,40889,0,4,1,2,7,At Risk,72.6,High Risk,1410188.0
CUST03763,27,52977,593,Salaried,357274,60,0,232,11,35387,1,2,2,2,6,At Risk,100.0,Critical Risk,529158.0
CUST03764,59,47259,843,Salaried,152349,24,2,210,18,25780,0,2,3,1,6,At Risk,100.0,Critical Risk,687118.0
CUST03765,57,66854,466,Salaried,57716,24,1,355,18,60325,1,1,3,4,8,Loyal,84.4,Critical Risk,1012351.0
CUST03766,52,52342,481,Salaried,136473,36,2,228,3,24644,1,2,1,1,4,Lost,100.0,Critical Risk,102023.0
CUST03767,42,41708,504,Self-Employed,249875,24,1,271,12,67856,1,2,2,4,8,Loyal,100.0,Critical Risk,966534.0
CUST03768,66,57441,691,Salaried,201934,48,2,360,2,56887,1,1,1,3,5,Lost,100.0,Critical Risk,104735.0
CUST03769,57,60914,703,Salaried,305129,24,1,203,4,58194,1,2,1,3,6,At Risk,100.0,Critical Risk,354753.0
CUST03770,37,54295,792,Salaried,125228,48,1,37,29,58750,0,4,4,4,12,Champions,63.4,High Risk,8460799.0
CUST03771,54,43840,842,Salaried,199324,48,2,14,27,73345,0,4,4,4,12,Champions,100.0,Critical Risk,14313168.0
CUST03772,28,68651,745,Business,35145,12,0,127,23,15722,0,3,4,1,8,Loyal,28.3,Medium Risk,807255.0
CUST03773,55,67345,744,Business,171050,48,0,14,15,7258,0,4,3,1,8,Loyal,59.7,High Risk,786882.0
CUST03774,36,80771,711,Salaried,110752,48,1,91,12,45991,0,4,2,3,9,Loyal,55.0,High Risk,1579926.0
CUST03775,51,73675,615,Freelance,206999,24,1,281,21,37247,1,1,3,2,6,At Risk,100.0,Critical Risk,899207.0
CUST03776,55,62080,701,Salaried,141717,48,0,155,2,32021,0,3,1,2,6,At Risk,69.2,High Risk,122064.0
CUST03777,25,49017,837,Freelance,181052,36,1,35,18,36893,0,4,3,2,9,Loyal,87.7,Critical Risk,3390028.0
CUST03778,64,54413,516,Freelance,220707,12,2,148,8,60105,1,3,2,4,9,Loyal,100.0,Critical Risk,951255.0
CUST03779,47,92940,744,Salaried,168566,12,1,346,12,39159,0,1,2,2,5,Lost,82.4,Critical Risk,448409.0
CUST03780,66,61521,651,Business,168185,60,0,26,7,6694,1,4,1,1,6,At Risk,71.3,High Risk,273651.0
CUST03781,55,60993,748,Freelance,240044,48,2,190,2,25025,1,2,1,1,4,Lost,100.0,Critical Risk,80655.0
CUST03782,32,49133,721,Salaried,192538,12,0,42,24,53553,1,4,4,3,11,Champions,91.2,Critical Risk,5976105.0
CUST03783,26,55572,738,Business,137220,24,2,287,15,27351,1,1,3,1,5,Lost,100.0,Critical Risk,462896.0
CUST03784,57,86927,797,Freelance,249596,12,2,132,28,52466,1,3,4,3,10,Champions,92.1,Critical Risk,3182211.0
CUST03785,32,55309,699,Business,224874,24,0,193,22,32683,1,2,3,2,7,At Risk,100.0,Critical Risk,1143549.0
CUST03786,59,65741,651,Salaried,155968,24,1,139,22,83170,1,3,3,4,10,Champions,83.3,Critical Risk,3805442.0
CUST03787,29,62649,598,Salaried,253960,36,0,26,4,62467,1,4,1,4,9,Loyal,100.0,Critical Risk,1459229.0
CUST03788,64,54481,743,Salaried,279011,12,1,47,12,28245,1,4,2,1,7,At Risk,100.0,Critical Risk,1481594.0
CUST03789,41,38184,624,Salaried,159773,48,2,262,25,46548,1,2,4,3,9,Loyal,100.0,Critical Risk,1422950.0
CUST03790,23,55478,620,Salaried,305776,60,0,362,6,67437,1,1,1,4,6,At Risk,100.0,Critical Risk,370607.0
CUST03791,25,75756,650,Freelance,20000,48,0,353,18,81480,0,1,3,4,8,Loyal,48.8,Medium Risk,1374387.0
CUST03792,26,44287,821,Salaried,198349,48,2,310,24,45463,1,1,4,3,8,Loyal,100.0,Critical Risk,1149368.0
CUST03793,54,47756,697,Self-Employed,184780,36,3,179,1,56339,1,2,1,3,6,At Risk,100.0,Critical Risk,95423.0
CUST03794,43,17132,637,Freelance,78846,60,0,205,21,75126,1,2,3,4,9,Loyal,100.0,Critical Risk,2384434.0
CUST03795,45,70960,653,Salaried,197022,48,0,265,19,41136,1,2,3,2,7,At Risk,91.6,Critical Risk,946196.0
CUST03796,28,76897,781,Salaried,87064,60,1,253,14,17310,0,2,2,1,5,Lost,58.5,High Risk,305541.0
CUST03797,22,49322,670,Business,174586,36,0,272,26,15161,1,2,4,1,7,At Risk,100.0,Critical Risk,466379.0
CUST03798,42,29469,615,Freelance,127584,48,1,51,27,53255,1,4,4,3,11,Champions,100.0,Critical Risk,5998035.0
CUST03799,57,59320,737,Freelance,264612,48,1,299,12,15217,1,1,2,1,4,Lost,100.0,Critical Risk,198660.0
CUST03800,48,20336,588,Salaried,179250,12,1,27,8,42757,1,4,2,2,8,Loyal,100.0,Critical Risk,1966149.0
CUST03801,39,38022,816,Salaried,194918,24,1,318,4,13732,0,1,1,1,3,Lost,100.0,Critical Risk,56555.0
CUST03802,26,35072,658,Business,241423,48,3,122,25,37103,1,3,4,2,9,Loyal,100.0,Critical Risk,2136056.0
CUST03803,51,45347,726,Salaried,146023,36,0,80,2,34144,0,4,1,2,7,At Risk,80.0,Critical Risk,213950.0
CUST03804,60,74326,754,Salaried,161816,60,1,345,20,62924,0,1,3,4,8,Loyal,88.9,Critical Risk,1204050.0
CUST03805,64,72828,658,Self-Employed,207149,24,1,73,6,55745,1,4,1,3,8,Loyal,86.9,Critical Risk,1114900.0
CUST03806,25,86941,559,Business,260291,36,2,345,10,30946,1,1,2,1,4,Lost,100.0,Critical Risk,296076.0
CUST03807,28,58289,619,Business,76777,24,0,271,14,88146,1,2,2,4,8,Loyal,65.4,High Risk,1464800.0
CUST03808,24,56576,697,Self-Employed,283390,12,1,233,14,5000,1,2,2,1,5,Lost,100.0,Critical Risk,94805.0
CUST03809,57,40119,606,Business,205071,48,2,115,9,8255,1,3,2,1,6,At Risk,100.0,Critical Risk,178995.0
CUST03810,29,65535,726,Salaried,147961,48,0,214,15,57947,0,2,3,3,8,Loyal,71.8,High Risk,1266506.0
CUST03811,35,65557,703,Freelance,195349,24,1,178,5,40352,1,3,1,2,6,At Risk,94.9,Critical Risk,343321.0
CUST03812,61,76412,599,Business,163543,36,1,51,26,32240,1,4,4,2,10,Champions,75.3,Critical Risk,3496658.0
CUST03813,61,67090,584,Business,235234,36,0,177,28,25348,1,3,4,1,8,Loyal,100.0,Critical Risk,1213380.0
CUST03814,49,31144,798,Self-Employed,212528,48,0,234,1,27844,0,2,1,1,4,Lost,100.0,Critical Risk,37571.0
CUST03815,43,68471,652,Self-Employed,256581,60,3,297,18,71486,1,1,3,4,8,Loyal,100.0,Critical Risk,1408285.0
CUST03816,56,45735,611,Salaried,180612,12,3,177,25,43371,1,3,4,2,9,Loyal,100.0,Critical Risk,1853679.0
CUST03817,56,90508,549,Salaried,93515,48,0,37,10,49593,1,4,2,3,9,Loyal,45.6,Medium Risk,2462782.0
CUST03818,45,38762,709,Business,211313,12,0,16,17,46545,1,4,3,3,10,Champions,100.0,Critical Risk,5501176.0
CUST03819,47,55713,641,Business,74832,36,2,323,24,52533,1,1,4,3,8,Loyal,88.6,Critical Risk,1280081.0
CUST03820,24,89626,581,Salaried,134868,24,0,349,28,27818,1,1,4,1,6,At Risk,78.3,Critical Risk,737484.0
CUST03821,35,86763,753,Business,337542,12,1,266,27,75841,1,2,4,4,10,Champions,100.0,Critical Risk,2470787.0
CUST03822,34,56636,671,Salaried,230843,24,2,201,18,49560,1,2,3,3,8,Loyal,100.0,Critical Risk,1370986.0
CUST03823,27,67799,509,Salaried,140417,24,2,208,18,49924,1,2,3,3,8,Loyal,100.0,Critical Risk,1341516.0
CUST03824,24,68695,727,Salaried,179683,24,1,253,20,31586,1,2,3,2,7,At Risk,92.1,Critical Risk,796469.0
CUST03825,49,63395,659,Salaried,237980,60,1,186,7,37463,1,2,1,2,5,Lost,100.0,Critical Risk,430193.0
CUST03826,49,46832,712,Salaried,213293,60,3,303,11,51448,1,1,2,3,6,At Risk,100.0,Critical Risk,608435.0
CUST03827,41,26921,659,Salaried,239650,12,0,23,24,51311,1,4,4,3,11,Champions,100.0,Critical Risk,7554359.0
CUST03828,34,71939,630,Salaried,157416,24,1,272,20,69186,1,2,3,4,9,Loyal,92.1,Critical Risk,1637140.0
CUST03829,47,68249,667,Salaried,284403,48,1,196,7,62141,1,2,1,4,7,At Risk,100.0,Critical Risk,682883.0
CUST03830,53,51326,692,Self-Employed,209251,48,0,342,29,45870,1,1,4,3,8,Loyal,100.0,Critical Risk,1282785.0
CUST03831,22,56751,712,Salaried,169419,12,2,230,4,49411,1,2,1,3,6,At Risk,100.0,Critical Risk,270694.0
CUST03832,62,44383,743,Business,192204,48,0,91,14,46614,0,4,2,3,9,Loyal,100.0,Critical Risk,1868216.0
CUST03833,62,39967,740,Salaried,254858,60,0,230,13,46206,1,2,2,3,7,At Risk,100.0,Critical Risk,822692.0
CUST03834,42,38545,707,Self-Employed,155045,36,2,216,2,70276,1,2,1,4,7,At Risk,100.0,Critical Risk,203174.0
CUST03835,42,76778,670,Business,266678,60,1,79,11,13838,1,4,2,1,7,At Risk,99.1,Critical Risk,481035.0
CUST03836,49,43059,712,Salaried,217273,60,0,277,8,38539,1,1,2,2,5,Lost,100.0,Critical Risk,358960.0
CUST03837,39,68087,810,Salaried,139682,48,2,349,28,12225,0,1,4,1,6,At Risk,92.6,Critical Risk,324097.0
CUST03838,55,46239,850,Salaried,143618,48,0,281,13,89539,0,1,2,4,7,At Risk,85.2,Critical Risk,1338150.0
CUST03839,30,48352,776,Salaried,155089,12,2,202,21,83428,1,2,3,4,9,Loyal,100.0,Critical Risk,2681239.0
CUST03840,51,67620,699,Salaried,142151,60,2,177,24,30690,1,3,4,1,8,Loyal,87.6,Critical Risk,1259224.0
CUST03841,38,38635,609,Self-Employed,116020,36,0,331,23,70682,1,1,4,4,9,Loyal,100.0,Critical Risk,1614627.0
CUST03842,37,86117,753,Freelance,185573,24,1,248,21,53119,1,2,3,3,8,Loyal,80.5,Critical Risk,1431132.0
CUST03843,67,50564,637,Business,20000,48,0,338,26,7871,0,1,4,1,6,At Risk,51.2,High Risk,199455.0
CUST03844,51,59160,686,Self-Employed,158030,60,1,82,10,81739,1,4,2,4,10,Champions,82.1,Critical Risk,2517699.0
CUST03845,67,47029,692,Self-Employed,113962,48,3,335,2,59898,1,1,1,4,6,At Risk,100.0,Critical Risk,117700.0
CUST03846,40,36836,672,Self-Employed,125408,36,0,22,16,39245,1,4,3,2,9,Loyal,82.8,Critical Risk,3917791.0
CUST03847,30,15000,738,Business,289950,48,2,14,24,14103,1,4,4,1,9,Loyal,100.0,Critical Risk,2446382.0
CUST03848,64,63823,528,Business,293607,12,1,169,15,30894,1,3,3,1,7,At Risk,100.0,Critical Risk,823088.0
CUST03849,24,66081,746,Salaried,274694,12,2,224,2,30368,1,2,1,1,4,Lost,100.0,Critical Risk,85100.0
CUST03850,22,50263,683,Self-Employed,164834,24,2,334,20,32019,1,1,3,2,6,At Risk,100.0,Critical Risk,630874.0
CUST03851,46,39625,702,Salaried,88185,60,1,174,13,57713,1,3,2,3,8,Loyal,79.6,Critical Risk,1300941.0
CUST03852,26,55675,644,Salaried,321701,12,0,181,18,74187,1,2,3,4,9,Loyal,100.0,Critical Risk,2240959.0
CUST03853,47,62405,592,Self-Employed,240138,12,0,364,26,52325,1,1,4,3,8,Loyal,100.0,Critical Risk,1239861.0
CUST03854,30,57756,725,Freelance,293548,36,1,26,22,18259,1,4,3,1,8,Loyal,100.0,Critical Risk,2345916.0
CUST03855,47,44721,713,Salaried,177061,24,1,73,14,35260,1,4,2,2,8,Loyal,100.0,Critical Risk,1645467.0
CUST03856,36,65171,664,Salaried,199188,12,0,258,8,55598,1,2,2,3,7,At Risk,95.9,Critical Risk,551260.0
CUST03857,47,35755,578,Salaried,97249,36,0,286,20,54471,1,1,3,3,7,At Risk,97.7,Critical Risk,1232987.0
CUST03858,65,42442,676,Self-Employed,256869,12,0,269,29,21974,1,2,4,1,7,At Risk,100.0,Critical Risk,761358.0
CUST03859,60,68220,711,Salaried,61952,36,2,219,12,86700,1,2,2,4,8,Loyal,66.3,High Risk,1486286.0
CUST03860,50,64394,682,Salaried,219423,24,1,327,5,32483,1,1,1,2,4,Lost,100.0,Critical Risk,163085.0
CUST03861,64,55432,652,Business,40643,36,1,204,8,61124,1,2,2,4,8,Loyal,55.8,High Risk,742129.0
CUST03862,50,68655,547,Self-Employed,58086,60,1,128,28,25942,1,3,4,1,8,Loyal,59.5,High Risk,1611716.0
CUST03863,40,35567,658,Salaried,220493,24,0,142,15,81952,1,3,3,4,10,Champions,100.0,Critical Risk,2513654.0
CUST03864,55,70336,593,Business,173027,12,0,330,7,82063,1,1,1,4,6,At Risk,95.0,Critical Risk,572090.0
CUST03865,31,49073,676,Freelance,200796,12,1,299,12,60895,1,1,2,4,7,At Risk,100.0,Critical Risk,794993.0
CUST03866,30,41903,587,Self-Employed,239037,48,0,108,23,31651,1,3,4,2,9,Loyal,100.0,Critical Risk,1838825.0
CUST03867,30,40124,719,Business,46114,48,0,124,3,51272,0,3,1,3,7,At Risk,42.7,Medium Risk,349800.0
CUST03868,52,65676,669,Business,189360,24,0,280,3,57378,1,1,1,3,5,Lost,93.8,Critical Risk,198512.0
CUST03869,44,43420,749,Salaried,349159,60,2,263,27,34179,1,2,4,2,8,Loyal,100.0,Critical Risk,1124655.0
CUST03870,49,48010,528,Business,147899,60,2,134,18,28567,1,3,3,1,7,At Risk,100.0,Critical Risk,1100793.0
CUST03871,34,55412,627,Business,69541,36,2,97,3,48176,1,3,1,3,7,At Risk,69.3,High Risk,395151.0
CUST03872,26,54219,682,Salaried,87821,12,1,170,19,91624,1,3,3,4,10,Champions,68.6,High Risk,3077058.0
CUST03873,53,47099,751,Salaried,81022,48,1,280,1,12122,0,1,1,1,3,Lost,74.6,High Risk,13980.0
CUST03874,52,59492,736,Salaried,220803,60,3,352,8,38449,1,1,2,2,5,Lost,100.0,Critical Risk,288986.0
CUST03875,55,48713,601,Salaried,165519,60,0,120,29,30041,1,3,4,1,8,Loyal,95.9,Critical Risk,2031847.0
CUST03876,24,27820,553,Business,269951,24,0,148,3,62786,1,3,1,4,8,Loyal,100.0,Critical Risk,372632.0
CUST03877,59,86800,670,Self-Employed,255218,48,0,292,4,85397,1,1,1,4,6,At Risk,95.9,Critical Risk,379542.0
CUST03878,24,54140,731,Salaried,219446,12,0,301,18,24534,0,1,3,1,5,Lost,100.0,Critical Risk,477595.0
CUST03879,50,56330,561,Business,197087,36,0,200,14,88028,1,2,2,4,8,Loyal,100.0,Critical Risk,1902000.0
CUST03880,60,87479,786,Salaried,128857,12,0,340,13,20690,0,1,2,1,4,Lost,62.1,High Risk,260754.0
CUST03881,52,61286,627,Self-Employed,194901,24,1,93,22,24101,1,3,3,1,7,At Risk,97.5,Critical Risk,1494448.0
CUST03882,53,21891,697,Freelance,159394,24,0,27,3,55002,1,4,1,3,8,Loyal,100.0,Critical Risk,948460.0
CUST03883,64,65055,685,Salaried,52646,60,0,322,17,71894,0,1,3,4,8,Loyal,54.7,High Risk,1244358.0
CUST03884,60,76716,742,Self-Employed,132871,24,1,250,27,54954,1,2,4,3,9,Loyal,73.0,High Risk,1890303.0
CUST03885,36,40271,763,Salaried,63101,36,1,88,24,60410,0,4,4,4,12,Champions,54.9,High Risk,4250535.0
CUST03886,45,93119,685,Business,193696,24,2,111,3,49838,1,3,1,3,7,At Risk,82.7,Critical Risk,369984.0
CUST03887,64,37801,712,Self-Employed,243888,12,0,179,8,33364,1,2,2,2,6,At Risk,100.0,Critical Risk,452078.0
CUST03888,35,51336,728,Self-Employed,138936,48,0,117,16,51236,1,3,3,3,9,Loyal,72.6,High Risk,1949304.0
CUST03889,36,54452,539,Salaried,128470,48,2,161,18,28650,1,3,3,1,7,At Risk,100.0,Critical Risk,953066.0
CUST03890,32,63150,582,Business,259782,24,1,304,7,29841,1,1,1,1,3,Lost,100.0,Critical Risk,223917.0
CUST03891,30,64099,748,Self-Employed,41097,60,1,140,27,51493,0,3,4,3,10,Champions,41.7,Medium Risk,2875147.0
CUST03892,25,47016,655,Freelance,240141,24,2,277,24,42811,1,1,4,2,7,At Risk,100.0,Critical Risk,1196250.0
CUST03893,64,59097,588,Salaried,41917,48,1,251,2,48799,1,2,1,3,6,At Risk,63.9,High Risk,123907.0
CUST03894,30,65281,665,Salaried,286913,12,0,233,6,58598,1,2,1,4,7,At Risk,100.0,Critical Risk,476177.0
CUST03895,66,65931,721,Salaried,293176,48,1,61,11,11528,1,4,2,1,7,At Risk,100.0,Critical Risk,474717.0
CUST03896,67,16060,785,Freelance,82815,48,0,362,17,65727,0,1,3,4,8,Loyal,100.0,Critical Risk,1023428.0
CUST03897,52,32507,668,Business,171077,12,0,164,5,60536,1,3,1,4,8,Loyal,100.0,Critical Risk,551013.0
CUST03898,47,15000,682,Self-Employed,218171,24,0,236,18,84619,1,2,3,4,9,Loyal,100.0,Critical Risk,2040172.0
CUST03899,43,95734,646,Salaried,181812,12,0,2,21,57303,1,4,3,3,10,Champions,53.0,High Risk,11408506.0
CUST03900,33,56062,674,Business,249353,12,3,293,9,26149,1,1,2,1,4,Lost,100.0,Critical Risk,260696.0
CUST03901,48,63510,601,Self-Employed,198260,60,1,327,5,54250,1,1,1,3,5,Lost,100.0,Critical Risk,272369.0
CUST03902,32,70546,721,Freelance,265899,12,0,87,15,44537,1,4,3,2,9,Loyal,91.9,Critical Risk,1974414.0
CUST03903,60,76037,678,Salaried,95688,48,2,294,27,8090,1,1,4,1,6,At Risk,81.8,Critical Risk,241231.0
CUST03904,40,79572,544,Salaried,274777,12,0,44,5,59427,1,4,1,4,9,Loyal,94.9,Critical Risk,1347258.0
CUST03905,24,45276,712,Salaried,166996,48,0,321,1,37938,0,1,1,2,4,Lost,100.0,Critical Risk,38734.0
CUST03906,39,76272,813,Freelance,161873,24,0,358,7,33881,0,1,1,2,4,Lost,74.6,High Risk,219432.0
CUST03907,25,53544,666,Business,206945,48,1,348,21,68496,1,1,3,4,8,Loyal,100.0,Critical Risk,1365466.0
CUST03908,63,48291,603,Salaried,235262,24,2,321,9,61575,1,1,2,4,7,At Risk,100.0,Critical Risk,565801.0
CUST03909,25,59382,747,Salaried,95557,24,3,31,20,82142,1,4,3,4,11,Champions,72.2,High Risk,8883505.0
CUST03910,51,56080,790,Self-Employed,254501,48,1,253,12,35451,0,2,2,2,6,At Risk,100.0,Critical Risk,536357.0
CUST03911,53,57418,731,Salaried,259122,60,0,64,24,42222,1,4,4,2,10,Champions,100.0,Critical Risk,3680246.0
CUST03912,26,60332,696,Salaried,20000,60,2,275,22,50415,1,1,3,3,7,At Risk,60.4,High Risk,1299623.0
CUST03913,26,52815,634,Freelance,97610,36,0,39,19,46742,1,4,3,3,10,Champions,55.9,High Risk,4293454.0
CUST03914,31,43757,651,Salaried,249544,24,1,287,11,5000,1,1,2,1,4,Lost,100.0,Critical Risk,62056.0
CUST03915,44,33011,747,Business,120971,24,1,82,17,11321,1,4,3,1,8,Loyal,97.5,Critical Risk,592800.0
CUST03916,39,48004,678,Salaried,71448,24,1,1,16,38823,1,4,3,2,9,Loyal,52.4,High Risk,6046035.0
CUST03917,65,39484,839,Salaried,218962,12,0,162,13,17140,0,3,2,1,6,At Risk,100.0,Critical Risk,409719.0
CUST03918,63,27329,653,Salaried,247443,12,0,172,29,53619,1,3,4,3,10,Champions,100.0,Critical Risk,2722096.0
CUST03919,36,64020,535,Freelance,125425,24,1,83,11,53913,1,4,2,3,9,Loyal,78.9,Critical Risk,1811387.0
CUST03920,37,81344,740,Salaried,139331,36,2,42,20,61598,1,4,3,4,11,Champions,65.7,High Risk,5728222.0
CUST03921,61,69489,730,Salaried,196913,60,1,59,3,33781,1,4,1,2,7,At Risk,80.3,Critical Risk,387332.0
CUST03922,48,37948,722,Self-Employed,216264,48,0,9,22,52044,1,4,3,3,10,Champions,100.0,Critical Risk,9184908.0
CUST03923,34,50645,756,Salaried,236206,24,0,42,4,12882,0,4,1,1,6,At Risk,100.0,Critical Risk,239589.0
CUST03924,34,102842,632,Salaried,210048,36,0,348,3,38180,1,1,1,2,4,Lost,85.3,Critical Risk,108731.0
CUST03925,55,72431,820,Salaried,205658,12,0,202,26,60464,0,2,4,4,10,Champions,75.6,Critical Risk,2405884.0
CUST03926,26,51291,781,Salaried,227380,12,0,80,3,33722,0,4,1,2,7,At Risk,100.0,Critical Risk,316958.0
CUST03927,36,68526,622,Business,91647,24,1,206,1,62157,1,2,1,4,7,At Risk,70.3,High Risk,93556.0
CUST03928,36,36938,760,Salaried,134549,36,0,266,7,54686,0,2,1,3,6,At Risk,100.0,Critical Risk,461893.0
CUST03929,30,30546,738,Salaried,129657,36,1,231,7,76495,1,2,1,4,7,At Risk,100.0,Critical Risk,730634.0
CUST03930,36,36160,603,Freelance,112514,48,0,176,16,5000,1,3,3,1,7,At Risk,94.7,Critical Risk,137412.0
CUST03931,44,92985,693,Salaried,20000,24,1,136,27,51379,1,3,4,3,10,Champions,36.9,Medium Risk,2935305.0
CUST03932,65,53229,633,Business,199376,36,0,252,23,19648,1,2,4,1,7,At Risk,100.0,Critical Risk,571733.0
CUST03933,30,82448,647,Salaried,164661,36,1,329,23,52415,1,1,4,3,8,Loyal,91.7,Critical Risk,1203896.0
CUST03934,54,79380,800,Freelance,108849,36,1,105,22,63792,0,3,3,4,10,Champions,49.7,Medium Risk,3620140.0
CUST03935,67,65751,749,Salaried,144443,36,0,300,5,48024,0,1,1,3,5,Lost,75.9,Critical Risk,260457.0
CUST03936,32,56043,826,Salaried,230619,60,1,96,13,48525,1,3,2,3,8,Loyal,100.0,Critical Risk,1737744.0
CUST03937,50,70409,746,Salaried,86828,36,3,239,24,66772,1,2,4,4,10,Champions,81.9,Critical Risk,2123131.0
CUST03938,65,60790,717,Business,345139,24,0,359,25,58934,1,1,4,4,9,Loyal,100.0,Critical Risk,1359729.0
CUST03939,51,28415,665,Salaried,176013,24,1,49,25,30803,1,4,4,1,9,Loyal,100.0,Critical Risk,3287455.0
CUST03940,45,74053,676,Salaried,364108,48,1,227,24,34780,1,2,4,2,8,Loyal,100.0,Critical Risk,1156254.0
CUST03941,36,60185,592,Business,43730,12,0,52,20,51707,1,4,3,3,10,Champions,37.6,Medium Risk,4265097.0
CUST03942,64,74037,663,Business,175594,60,2,114,2,36113,1,3,1,2,6,At Risk,90.4,Critical Risk,175166.0
CUST03943,36,46725,554,Self-Employed,178175,12,0,72,3,71669,1,4,1,4,9,Loyal,100.0,Critical Risk,723295.0
CUST03944,56,34869,789,Salaried,199855,24,1,8,13,24073,0,4,2,1,7,At Risk,100.0,Critical Risk,2566885.0
CUST03945,52,48989,711,Business,143099,36,0,66,23,41623,1,4,4,2,10,Champions,74.0,High Risk,3409025.0
CUST03946,23,45841,632,Freelance,139476,12,1,104,16,38679,1,3,3,2,8,Loyal,95.3,Critical Risk,1607725.0
CUST03947,45,81790,650,Freelance,231511,48,1,325,19,44081,1,1,3,2,6,At Risk,100.0,Critical Risk,845648.0
CUST03948,67,25410,718,Freelance,114335,24,1,327,21,50563,0,1,3,3,7,At Risk,100.0,Critical Risk,1066205.0
CUST03949,35,69806,629,Business,152973,36,0,60,4,53222,1,4,1,3,8,Loyal,64.8,High Risk,805224.0
CUST03950,38,56907,740,Self-Employed,284245,48,2,272,13,36004,1,2,2,2,6,At Risk,100.0,Critical Risk,553773.0
CUST03951,37,53561,656,Self-Employed,146504,60,2,205,5,94954,1,2,1,4,7,At Risk,100.0,Critical Risk,717561.0
CUST03952,34,41473,638,Salaried,180573,48,2,262,21,67936,1,2,3,4,9,Loyal,100.0,Critical Risk,1744487.0
CUST03953,34,59929,732,Salaried,250155,12,2,2,26,47088,1,4,4,3,11,Champions,100.0,Critical Risk,11606886.0
CUST03954,25,73624,619,Business,123251,12,1,285,3,12084,1,1,1,1,3,Lost,83.7,Critical Risk,41157.0
CUST03955,34,53143,651,Self-Employed,97528,60,0,331,7,58543,1,1,1,4,6,At Risk,78.4,Critical Risk,407013.0
CUST03956,65,71188,824,Self-Employed,124149,48,3,323,11,61684,0,1,2,4,7,At Risk,93.3,Critical Risk,688905.0
CUST03957,40,25719,622,Self-Employed,329394,24,1,295,10,51650,1,1,2,3,6,At Risk,100.0,Critical Risk,568695.0
CUST03958,46,39244,640,Self-Employed,241386,24,1,276,28,83422,1,1,4,4,9,Loyal,100.0,Critical Risk,2728233.0
CUST03959,28,64499,580,Salaried,20000,60,2,137,11,40882,1,3,2,2,7,At Risk,57.1,High Risk,946059.0
CUST03960,30,48793,644,Salaried,118271,12,1,219,1,25600,1,2,1,1,4,Lost,91.5,Critical Risk,36571.0
CUST03961,25,15570,592,Salaried,187197,12,0,5,29,13066,1,4,4,1,9,Loyal,100.0,Critical Risk,3332617.0
CUST03962,30,80747,603,Salaried,232893,60,0,117,26,33720,1,3,4,2,9,Loyal,85.3,Critical Risk,2084709.0
CUST03963,22,30922,707,Self-Employed,135887,36,2,347,29,55136,1,1,4,3,8,Loyal,100.0,Critical Risk,1521811.0
CUST03964,62,73827,850,Salaried,170985,12,1,180,4,38576,0,2,1,2,5,Lost,71.1,High Risk,260143.0
CUST03965,57,43018,546,Business,188657,60,0,51,1,64959,1,4,1,4,9,Loyal,100.0,Critical Risk,270972.0
CUST03966,43,44379,794,Business,109954,48,0,117,8,63221,0,3,2,4,9,Loyal,63.2,High Risk,1202641.0
CUST03967,38,43890,637,Salaried,25036,48,1,156,6,42265,1,3,1,2,6,At Risk,49.7,Medium Risk,480833.0
CUST03968,55,41630,666,Salaried,168963,36,1,364,4,48323,1,1,1,3,5,Lost,100.0,Critical Risk,176159.0
CUST03969,51,62235,747,Self-Employed,241045,60,3,209,20,70526,1,2,3,4,9,Loyal,100.0,Critical Risk,2097107.0
CUST03970,58,49136,674,Self-Employed,106537,60,2,128,23,24710,1,3,4,1,8,Loyal,86.7,Critical Risk,1261036.0
CUST03971,30,61533,510,Self-Employed,174717,48,1,231,7,33942,1,2,1,2,5,Lost,100.0,Critical Risk,324194.0
CUST03972,51,58522,682,Salaried,310402,36,0,358,28,26828,1,1,4,1,6,At Risk,100.0,Critical Risk,695012.0
CUST03973,47,76373,804,Freelance,134751,36,0,285,1,56613,0,1,1,3,5,Lost,62.1,High Risk,64273.0
CUST03974,67,88061,787,Salaried,331780,24,0,45,23,34677,0,4,4,2,10,Champions,83.6,Critical Risk,3571944.0
CUST03975,66,40953,695,Business,102544,48,1,259,26,65874,1,2,4,4,10,Champions,92.6,Critical Risk,2115547.0
CUST03976,55,19027,635,Salaried,70706,12,0,208,21,35013,1,2,3,2,7,At Risk,100.0,Critical Risk,1097647.0
CUST03977,41,73001,629,Self-Employed,247616,36,3,18,17,38459,1,4,3,2,9,Loyal,100.0,Critical Risk,4378681.0
CUST03978,27,55308,629,Salaried,139385,24,1,264,4,34088,1,2,1,2,5,Lost,98.2,Critical Risk,165619.0
CUST03979,67,54147,701,Self-Employed,229570,24,1,186,15,67238,1,2,3,4,9,Loyal,100.0,Critical Risk,1654508.0
CUST03980,36,61848,726,Salaried,129420,24,1,187,16,69385,1,2,3,4,9,Loyal,76.2,Critical Risk,1813013.0
CUST03981,22,54056,796,Business,136051,24,2,284,24,21447,1,1,4,1,6,At Risk,97.6,Critical Risk,586196.0
CUST03982,22,50779,724,Self-Employed,177280,24,0,200,12,51972,0,2,2,3,7,At Risk,95.4,Critical Risk,962526.0
CUST03983,34,33184,841,Salaried,281994,60,3,37,22,24893,1,4,3,1,8,Loyal,100.0,Critical Risk,2719603.0
CUST03984,57,46144,726,Business,194701,12,3,55,24,29733,1,4,4,1,9,Loyal,100.0,Critical Risk,2846569.0
CUST03985,52,39274,729,Business,73276,24,1,32,22,48958,1,4,3,3,10,Champions,58.7,High Risk,5739164.0
CUST03986,49,20541,615,Business,468581,12,3,84,11,27962,1,4,2,1,7,At Risk,100.0,Critical Risk,931680.0
CUST03987,48,65563,684,Salaried,175282,60,1,155,8,10525,1,3,2,1,6,At Risk,88.3,Critical Risk,160486.0
CUST03988,63,63034,826,Salaried,99814,24,0,111,13,71888,0,3,2,4,9,Loyal,42.5,Medium Risk,2312600.0
CUST03989,59,51043,615,Salaried,230934,60,1,101,20,68957,1,3,3,4,10,Champions,100.0,Critical Risk,3660990.0
CUST03990,50,79476,797,Business,71052,60,0,271,15,91767,0,2,3,4,9,Loyal,44.0,Medium Risk,1633900.0
CUST03991,22,57258,735,Self-Employed,285142,24,1,21,13,37855,1,4,2,2,8,Loyal,100.0,Critical Risk,3123860.0
CUST03992,33,45643,729,Freelance,325250,60,1,201,22,10331,1,2,3,1,6,At Risk,100.0,Critical Risk,349297.0
CUST03993,27,35627,661,Salaried,183810,36,0,200,21,48024,1,2,3,3,8,Loyal,100.0,Critical Risk,1556465.0
CUST03994,58,52406,747,Self-Employed,125231,48,1,117,1,63095,0,3,1,4,8,Loyal,74.9,High Risk,150030.0
CUST03995,54,66848,540,Freelance,231653,60,2,110,4,61424,1,3,1,4,8,Loyal,100.0,Critical Risk,612144.0
CUST03996,61,78531,586,Freelance,153977,60,1,315,7,73960,1,1,1,4,6,At Risk,94.3,Critical Risk,537604.0
CUST03997,61,63111,670,Salaried,68248,24,2,62,14,44090,1,4,2,2,8,Loyal,59.8,High Risk,2287309.0
CUST03998,67,63772,770,Salaried,252363,12,0,251,4,67182,1,2,1,4,7,At Risk,100.0,Critical Risk,341168.0
CUST03999,42,77687,668,Self-Employed,268014,12,1,320,5,40018,1,1,1,2,4,Lost,100.0,Critical Risk,204861.0
CUST04000,55,36362,762,Freelance,91738,60,0,276,23,47747,0,1,4,3,8,Loyal,79.5,Critical Risk,1282675.0
CUST04001,28,50545,654,Freelance,172020,24,0,180,19,46907,1,2,3,3,8,Loyal,97.1,Critical Risk,1502541.0
CUST04002,42,38344,743,Self-Employed,154313,48,1,327,29,13564,1,1,4,1,6,At Risk,100.0,Critical Risk,394979.0
CUST04003,22,17296,735,Salaried,185409,36,1,171,19,62839,1,3,3,4,10,Champions,100.0,Critical Risk,2100185.0
CUST04004,22,38974,671,Salaried,266974,12,1,212,17,42275,1,2,3,2,7,At Risk,100.0,Critical Risk,1055599.0
CUST04005,47,38959,696,Salaried,123026,36,2,26,23,58441,1,4,4,4,12,Champions,96.5,Critical Risk,7849795.0
CUST04006,46,57822,702,Salaried,241126,60,3,71,16,76864,1,4,3,4,11,Champions,100.0,Critical Risk,4175681.0
CUST04007,24,47916,756,Salaried,33434,24,2,238,27,40795,0,2,4,2,8,Loyal,60.4,High Risk,1464607.0
CUST04008,54,78584,830,Freelance,164245,48,0,363,1,47994,0,1,1,3,5,Lost,73.1,High Risk,43849.0
CUST04009,50,49022,700,Salaried,61852,36,0,206,29,18073,0,2,4,1,7,At Risk,53.1,High Risk,788877.0
CUST04010,24,81262,612,Salaried,236589,12,2,10,21,59135,1,4,3,4,11,Champions,96.4,Critical Risk,9747737.0
CUST04011,37,58132,589,Self-Employed,36409,36,0,105,5,43195,1,3,1,2,6,At Risk,40.1,Medium Risk,557109.0
CUST04012,27,79155,822,Salaried,167173,24,0,6,15,33442,0,4,3,2,9,Loyal,44.8,Medium Risk,4308116.0
CUST04013,56,60541,667,Salaried,72526,24,2,67,5,17168,1,4,1,1,6,At Risk,62.8,High Risk,302721.0
CUST04014,57,80403,758,Self-Employed,268301,48,2,268,13,31588,1,2,2,2,6,At Risk,100.0,Critical Risk,492233.0
CUST04015,23,34352,758,Salaried,140785,24,0,218,17,8383,0,2,3,1,6,At Risk,100.0,Critical Risk,204387.0
CUST04016,25,24717,797,Salaried,263494,12,1,258,16,46715,1,2,3,3,8,Loyal,100.0,Critical Risk,926369.0
CUST04017,55,35123,646,Salaried,103102,48,3,87,6,38568,1,4,1,2,7,At Risk,100.0,Critical Risk,683918.0
CUST04018,56,33951,592,Self-Employed,128719,24,0,330,6,38350,1,1,1,2,4,Lost,100.0,Critical Risk,229158.0
CUST04019,57,69659,698,Salaried,303499,48,0,332,2,25890,1,1,1,1,3,Lost,100.0,Critical Risk,51288.0
CUST04020,57,49138,714,Salaried,277542,60,1,289,5,33134,1,1,1,2,4,Lost,100.0,Critical Risk,185774.0
CUST04021,34,79990,686,Salaried,187901,60,1,336,6,36147,1,1,1,2,4,Lost,96.5,Critical Risk,212515.0
CUST04022,44,91562,697,Freelance,266110,60,2,36,2,22178,1,4,1,1,6,At Risk,92.2,Critical Risk,223310.0
CUST04023,43,49254,556,Self-Employed,126903,36,0,279,29,47418,1,1,4,3,8,Loyal,95.8,Critical Risk,1590870.0
CUST04024,47,49746,538,Salaried,172859,48,0,126,21,34376,1,3,3,2,8,Loyal,100.0,Critical Risk,1621489.0
CUST04025,65,48662,683,Business,168179,12,1,21,22,42578,1,4,3,2,9,Loyal,93.0,Critical Risk,5946110.0
CUST04026,28,74927,671,Business,94324,24,2,124,24,31237,1,3,4,2,9,Loyal,68.4,High Risk,1704898.0
CUST04027,53,82444,746,Freelance,138308,48,2,123,6,36719,1,3,1,2,6,At Risk,71.2,High Risk,504167.0
CUST04028,31,50354,751,Salaried,226911,24,1,14,13,19868,1,4,2,1,7,At Risk,100.0,Critical Risk,1866805.0
CUST04029,23,74963,829,Salaried,256710,48,1,283,11,9375,0,1,2,1,4,Lost,100.0,Critical Risk,117811.0
CUST04030,53,24614,595,Business,283673,36,0,162,3,7300,1,3,1,1,5,Lost,100.0,Critical Risk,40270.0
CUST04031,33,20344,688,Freelance,203119,24,1,1,13,5000,1,4,2,1,7,At Risk,100.0,Critical Risk,632667.0
CUST04032,25,69257,647,Business,288513,24,0,199,2,30686,1,2,1,1,4,Lost,100.0,Critical Risk,95120.0
CUST04033,25,49142,598,Freelance,197964,24,1,313,13,57654,1,1,2,3,6,At Risk,100.0,Critical Risk,782742.0
CUST04034,26,66911,509,Freelance,82545,12,0,14,18,56681,1,4,3,3,10,Champions,50.6,High Risk,7374142.0
CUST04035,29,65674,762,Salaried,116833,24,2,20,5,27135,0,4,1,1,6,At Risk,63.6,High Risk,876485.0
CUST04036,45,54399,717,Salaried,85909,12,1,333,28,41866,1,1,4,2,7,At Risk,78.6,Critical Risk,1157972.0
CUST04037,35,76873,676,Freelance,216294,60,3,232,20,19397,1,2,3,1,6,At Risk,100.0,Critical Risk,527367.0
CUST04038,55,45130,779,Salaried,125254,48,1,87,11,67174,0,4,2,4,10,Champions,77.8,Critical Risk,2183835.0
CUST04039,58,39985,689,Self-Employed,224232,60,0,250,25,32932,1,2,4,2,8,Loyal,100.0,Critical Risk,1048881.0
CUST04040,26,65688,627,Business,134450,24,1,268,9,37823,1,2,2,2,6,At Risk,89.2,Critical Risk,408041.0
CUST04041,51,35661,680,Freelance,20000,60,1,223,11,46514,1,2,2,3,7,At Risk,51.9,High Risk,719667.0
CUST04042,24,61543,613,Self-Employed,20000,12,1,220,16,41532,1,2,3,2,7,At Risk,51.8,High Risk,945602.0
CUST04043,50,64856,708,Salaried,217905,48,2,141,18,40782,1,3,3,2,8,Loyal,100.0,Critical Risk,1509508.0
CUST04044,65,61577,770,Business,101318,36,0,243,29,53150,0,2,4,3,9,Loyal,58.7,High Risk,2012854.0
CUST04045,41,64122,726,Self-Employed,55313,36,2,283,3,6759,1,1,1,1,3,Lost,69.5,High Risk,23165.0
CUST04046,49,69328,608,Salaried,159149,24,3,61,14,32257,1,4,2,2,8,Loyal,98.5,Critical Risk,1690598.0
CUST04047,62,57083,709,Salaried,24783,24,1,323,18,32432,1,1,3,2,6,At Risk,55.5,High Risk,592707.0
CUST04048,44,34204,723,Salaried,123018,60,1,191,15,58351,1,2,3,3,8,Loyal,100.0,Critical Risk,1404271.0
CUST04049,38,48986,741,Salaried,153455,48,2,145,5,40979,1,3,1,2,6,At Risk,100.0,Critical Risk,412048.0
CUST04050,34,76275,664,Salaried,73858,12,1,353,21,77797,1,1,3,4,8,Loyal,71.9,High Risk,1530973.0
CUST04051,42,60700,677,Salaried,95410,36,1,3,10,22363,1,4,2,1,7,At Risk,54.3,High Risk,2066454.0
CUST04052,36,46492,817,Salaried,218804,12,2,256,18,49809,1,2,3,3,8,Loyal,100.0,Critical Risk,1118787.0
CUST04053,67,55172,693,Business,222848,60,0,90,29,89136,1,4,4,4,12,Champions,99.6,Critical Risk,7458534.0
CUST04054,40,75578,668,Salaried,20000,36,1,176,7,36156,1,3,1,2,6,At Risk,43.0,Medium Risk,434723.0
CUST04055,63,63127,633,Salaried,198864,36,0,34,27,49654,1,4,4,3,11,Champions,81.6,Critical Risk,6940995.0
CUST04056,36,48433,834,Salaried,284150,36,0,251,14,48188,0,2,2,3,7,At Risk,100.0,Critical Risk,856489.0
CUST04057,67,67814,739,Self-Employed,134377,24,1,225,22,5000,0,2,3,1,6,At Risk,76.2,Critical Risk,153537.0
CUST04058,55,17251,667,Business,69309,60,1,133,5,70754,1,3,1,4,8,Loyal,100.0,Critical Risk,761806.0
CUST04059,35,43842,772,Self-Employed,214915,60,3,266,17,58407,1,2,3,4,9,Loyal,100.0,Critical Risk,1198068.0
CUST04060,34,38283,578,Salaried,248109,12,0,102,13,48865,1,3,2,3,8,Loyal,100.0,Critical Risk,1674111.0
CUST04061,58,57319,543,Business,137295,60,1,170,18,29351,1,3,3,1,7,At Risk,94.2,Critical Risk,933831.0
CUST04062,33,50716,692,Self-Employed,231438,60,0,236,22,37905,1,2,3,2,7,At Risk,100.0,Critical Risk,1116980.0
CUST04063,63,67366,813,Freelance,311043,12,1,215,21,18999,1,2,3,1,6,At Risk,100.0,Critical Risk,579035.0
CUST04064,37,58531,640,Business,195827,12,1,4,11,80836,1,4,2,4,10,Champions,92.5,Critical Risk,8013742.0
CUST04065,58,59856,631,Salaried,105527,12,1,140,3,70937,1,3,1,4,8,Loyal,72.7,High Risk,440091.0
CUST04066,25,65000,690,Freelance,20000,24,0,169,3,52331,0,3,1,3,7,At Risk,31.7,Medium Risk,278844.0
CUST04067,59,28665,847,Salaried,190287,36,0,78,17,18439,0,4,3,1,8,Loyal,100.0,Critical Risk,999249.0
CUST04068,55,69810,427,Salaried,93374,48,1,11,26,21854,1,4,4,1,9,Loyal,68.4,High Risk,4366199.0
CUST04069,59,56902,650,Freelance,300590,60,0,10,23,29908,1,4,4,1,9,Loyal,100.0,Critical Risk,5399520.0
CUST04070,51,51942,692,Self-Employed,200133,48,3,92,22,41568,1,3,3,2,8,Loyal,100.0,Critical Risk,2597596.0
CUST04071,25,90011,676,Business,232089,24,2,192,20,66597,1,2,3,4,9,Loyal,100.0,Critical Risk,2127607.0
CUST04072,48,61886,615,Business,250757,12,0,237,12,61925,1,2,2,4,8,Loyal,100.0,Critical Risk,991706.0
CUST04073,42,54619,717,Salaried,157160,60,0,328,8,61420,1,1,2,4,7,At Risk,94.2,Critical Risk,492034.0
CUST04074,43,53389,753,Salaried,134068,60,0,169,8,31099,0,3,2,2,7,At Risk,71.2,High Risk,441893.0
CUST04075,32,66278,720,Salaried,184686,36,0,290,1,6280,0,1,1,1,3,Lost,89.0,Critical Risk,7021.0
CUST04076,57,82390,793,Business,96372,24,1,324,14,89726,0,1,2,4,7,At Risk,64.2,High Risk,1271844.0
CUST04077,28,83372,710,Salaried,231432,60,2,230,9,44442,1,2,2,2,6,At Risk,100.0,Critical Risk,547812.0
CUST04078,44,62505,651,Salaried,159162,12,2,281,29,25646,1,1,4,1,6,At Risk,100.0,Critical Risk,855001.0
CUST04079,30,49768,772,Freelance,84050,60,1,244,28,24990,0,2,4,1,7,At Risk,69.5,High Risk,910509.0
CUST04080,38,31776,609,Self-Employed,182949,48,0,89,21,39753,1,4,3,2,9,Loyal,100.0,Critical Risk,2427942.0
CUST04081,60,93041,534,Salaried,224413,48,0,237,9,58782,1,2,2,4,8,Loyal,90.7,Critical Risk,706029.0
CUST04082,61,86209,562,Salaried,128891,12,2,185,7,64179,1,2,1,4,7,At Risk,86.1,Critical Risk,740304.0
CUST04083,44,43463,850,Salaried,220121,24,0,100,13,47265,0,3,2,3,8,Loyal,100.0,Critical Risk,1643021.0
CUST04084,50,50320,673,Salaried,248397,60,2,97,11,30822,1,3,2,1,6,At Risk,100.0,Critical Risk,926969.0
CUST04085,25,79452,655,Salaried,195452,60,0,116,13,44617,1,3,2,2,7,At Risk,72.9,High Risk,1388247.0
CUST04086,51,70392,672,Self-Employed,233421,36,0,240,28,72172,1,2,4,4,10,Champions,99.0,Critical Risk,2667623.0
CUST04087,42,58267,686,Self-Employed,136840,24,0,95,14,25013,0,3,2,1,6,At Risk,66.7,High Risk,971988.0
CUST04088,46,82491,494,Freelance,108297,60,1,46,20,48796,1,4,3,3,10,Champions,65.9,High Risk,4317707.0
CUST04089,53,43005,579,Freelance,183581,60,0,63,23,49613,1,4,4,3,11,Champions,100.0,Critical Risk,4185941.0
CUST04090,57,39342,541,Freelance,178217,36,2,163,13,43932,1,3,2,2,7,At Risk,100.0,Critical Risk,1044899.0
CUST04091,42,62370,744,Self-Employed,64908,48,1,305,13,39753,0,1,2,2,5,Lost,63.6,High Risk,552351.0
CUST04092,45,76612,698,Self-Employed,197464,12,0,206,28,36715,0,2,4,2,8,Loyal,79.5,Critical Risk,1547329.0
CUST04093,59,40542,687,Salaried,154261,60,2,74,20,56296,1,4,3,3,10,Champions,100.0,Critical Risk,3719102.0
CUST04094,47,31266,537,Salaried,264243,48,1,50,24,67794,1,4,4,4,12,Champions,100.0,Critical Risk,6865612.0
CUST04095,59,62642,578,Freelance,257788,60,2,5,2,45400,1,4,1,3,8,Loyal,100.0,Critical Risk,798602.0
CUST04096,46,54689,706,Salaried,208306,60,2,312,18,60799,1,1,3,4,8,Loyal,100.0,Critical Risk,1146196.0
CUST04097,47,48014,778,Freelance,167628,24,1,298,16,34644,0,1,3,2,6,At Risk,100.0,Critical Risk,604846.0
CUST04098,64,57992,554,Salaried,119421,12,0,356,11,35528,1,1,2,2,5,Lost,92.0,Critical Risk,363427.0
CUST04099,48,53922,656,Freelance,40401,60,0,168,9,21868,0,3,2,1,6,At Risk,42.9,Medium Risk,351278.0
CUST04100,33,66172,757,Salaried,148036,60,0,161,14,41361,0,3,2,2,7,At Risk,64.7,High Risk,1070150.0
CUST04101,36,68482,507,Business,199195,48,1,244,29,60883,1,2,4,4,10,Champions,100.0,Critical Risk,2297492.0
CUST04102,22,65709,627,Self-Employed,142498,12,1,16,19,14092,1,4,3,1,8,Loyal,70.9,High Risk,1861486.0
CUST04103,45,65091,588,Salaried,317353,36,0,255,1,32552,1,2,1,2,5,Lost,100.0,Critical Risk,40760.0
CUST04104,59,53099,754,Business,120514,60,2,133,16,43916,1,3,3,2,8,Loyal,83.3,Critical Risk,1513094.0
CUST04105,45,58127,619,Salaried,237595,48,1,72,14,15179,1,4,2,1,7,At Risk,100.0,Critical Risk,714882.0
CUST04106,28,37469,566,Salaried,135353,60,2,2,1,36580,1,4,1,2,7,At Risk,100.0,Critical Risk,346797.0
CUST04107,26,48409,604,Salaried,302309,12,3,137,2,46790,1,3,1,3,7,At Risk,100.0,Critical Risk,196869.0
CUST04108,28,31612,617,Freelance,183049,36,2,91,15,35988,1,4,3,2,9,Loyal,100.0,Critical Risk,1545367.0
CUST04109,62,47289,753,Business,238437,36,2,248,8,64188,1,2,2,4,8,Loyal,100.0,Critical Risk,658801.0
CUST04110,59,45254,656,Salaried,347717,60,1,280,10,71430,1,1,2,4,7,At Risk,100.0,Critical Risk,823758.0
CUST04111,37,43370,840,Salaried,195086,60,0,298,26,46345,0,1,4,3,8,Loyal,100.0,Critical Risk,1314840.0
CUST04112,59,73211,701,Self-Employed,233945,48,0,230,22,58296,0,2,4,3,9,Loyal,93.7,Critical Risk,1756536.0
CUST04113,26,47436,714,Business,213445,12,0,40,20,50762,1,4,3,3,10,Champions,100.0,Critical Risk,4843956.0
CUST04114,56,37744,660,Freelance,148675,24,0,191,23,28258,1,2,4,1,7,At Risk,100.0,Critical Risk,1042751.0
CUST04115,39,60235,569,Self-Employed,184078,48,0,308,24,43118,1,1,4,2,7,At Risk,100.0,Critical Risk,1096411.0
CUST04116,67,72973,644,Salaried,231830,12,2,302,26,17041,1,1,4,1,6,At Risk,100.0,Critical Risk,477752.0
CUST04117,38,46589,646,Salaried,346663,12,1,162,20,45367,1,3,3,3,9,Loyal,100.0,Critical Risk,1668409.0
CUST04118,27,15000,674,Salaried,206548,12,1,273,28,47073,1,1,4,3,8,Loyal,100.0,Critical Risk,1554398.0
CUST04119,44,61630,698,Salaried,201934,48,1,244,3,24574,1,2,1,1,4,Lost,100.0,Critical Risk,95931.0
CUST04120,53,32130,601,Salaried,146489,36,0,166,12,18912,1,3,2,1,6,At Risk,100.0,Critical Risk,409060.0
CUST04121,57,55966,708,Salaried,178845,36,0,145,15,53047,1,3,3,3,9,Loyal,86.2,Critical Risk,1600178.0
CUST04122,46,72820,652,Salaried,258415,48,2,338,24,51390,1,1,4,3,8,Loyal,100.0,Critical Risk,1202073.0
CUST04123,50,31106,675,Salaried,247847,48,1,99,20,48782,1,3,3,3,9,Loyal,100.0,Critical Risk,2628108.0
CUST04124,61,43842,767,Salaried,194065,36,0,320,18,20779,0,1,3,1,5,Lost,100.0,Critical Risk,382940.0
CUST04125,47,57618,674,Self-Employed,159064,24,0,32,24,27293,1,4,4,1,9,Loyal,70.6,High Risk,3490316.0
CUST04126,49,67693,590,Self-Employed,281661,12,3,91,10,93450,1,4,2,4,10,Champions,100.0,Critical Risk,2675235.0
CUST04127,47,80878,711,Business,168772,60,2,87,13,82295,1,4,2,4,10,Champions,79.0,Critical Risk,3161861.0
CUST04128,33,97516,607,Self-Employed,147043,24,0,66,28,31659,1,4,4,2,10,Champions,53.3,High Risk,3156634.0
CUST04129,22,33257,735,Self-Employed,237710,12,0,4,10,49335,1,4,2,3,9,Loyal,100.0,Critical Risk,4446241.0
CUST04130,35,83187,701,Business,191871,12,3,44,12,90802,1,4,2,4,10,Champions,90.6,Critical Risk,4940531.0
CUST04131,55,90397,666,Freelance,138611,12,0,212,29,48310,1,2,4,3,9,Loyal,61.5,High Risk,2057792.0
CUST04132,30,52040,575,Salaried,93096,48,2,213,25,88594,1,2,4,4,10,Champions,93.3,Critical Risk,3240161.0
CUST04133,22,41770,726,Salaried,177865,36,1,285,1,108597,1,1,1,4,6,At Risk,100.0,Critical Risk,123291.0
CUST04134,52,51848,734,Business,113912,48,2,73,18,34535,1,4,3,2,9,Loyal,78.4,Critical Risk,2072100.0
CUST04135,22,97001,706,Salaried,274714,12,0,165,18,11929,1,3,3,1,7,At Risk,80.7,Critical Risk,388951.0
CUST04136,41,57501,503,Business,167085,24,1,183,16,36007,1,2,3,2,7,At Risk,100.0,Critical Risk,957999.0
CUST04137,45,28594,730,Salaried,175194,36,1,167,14,101640,1,3,2,4,9,Loyal,100.0,Critical Risk,2552238.0
CUST04138,55,51786,739,Salaried,113040,60,1,72,21,69202,1,4,3,4,11,Champions,67.6,High Risk,4888786.0
CUST04139,61,28283,677,Salaried,198300,24,1,346,28,5292,1,1,4,1,6,At Risk,100.0,Critical Risk,141397.0
CUST04140,67,71927,791,Freelance,202696,60,1,38,7,47918,0,4,1,3,8,Loyal,73.8,High Risk,1643362.0
CUST04141,42,39955,850,Salaried,198154,36,1,336,2,8923,0,1,1,1,3,Lost,100.0,Critical Risk,17487.0
CUST04142,36,54651,622,Salaried,117554,60,3,154,11,6955,1,3,2,1,6,At Risk,100.0,Critical Risk,146584.0
CUST04143,48,43592,623,Business,325426,60,0,133,6,30329,1,3,1,1,5,Lost,100.0,Critical Risk,391861.0
CUST04144,24,71432,553,Salaried,322547,24,1,311,9,36718,1,1,2,2,5,Lost,100.0,Critical Risk,347104.0
CUST04145,45,47334,622,Business,311296,12,0,316,25,34066,1,1,4,2,7,At Risk,100.0,Critical Risk,881850.0
CUST04146,48,59907,663,Business,303194,36,0,159,29,51669,1,3,4,3,10,Champions,100.0,Critical Risk,2797526.0
CUST04147,38,57159,730,Business,117643,60,1,334,3,44916,1,1,1,2,4,Lost,87.3,Critical Risk,132748.0
CUST04148,46,77974,661,Freelance,235366,24,0,361,11,34535,1,1,2,2,5,Lost,100.0,Critical Risk,348825.0
CUST04149,52,77101,682,Freelance,276996,60,2,15,4,79608,1,4,1,4,9,Loyal,100.0,Critical Risk,2256848.0
CUST04150,45,83928,602,Self-Employed,275764,60,2,111,21,68866,1,3,3,4,10,Champions,100.0,Critical Risk,3578698.0
CUST04151,45,80177,674,Salaried,193232,60,3,142,1,26935,1,3,1,1,5,Lost,100.0,Critical Risk,55077.0
CUST04152,35,75111,698,Salaried,129329,60,3,204,21,29020,1,2,3,1,6,At Risk,92.3,Critical Risk,924899.0
CUST04153,39,62707,565,Salaried,155825,24,0,185,21,86345,1,2,3,4,9,Loyal,85.6,Critical Risk,2987966.0
CUST04154,37,50166,734,Salaried,184697,36,1,123,26,67795,1,3,4,4,11,Champions,100.0,Critical Risk,4033696.0
CUST04155,53,39441,678,Salaried,102116,48,1,357,18,54569,1,1,3,3,7,At Risk,100.0,Critical Risk,911101.0
CUST04156,36,46206,735,Self-Employed,159255,60,3,187,2,40326,1,2,1,2,5,Lost,100.0,Critical Risk,131714.0
CUST04157,52,50751,625,Salaried,178783,60,0,346,17,24083,1,1,3,1,5,Lost,100.0,Critical Risk,390680.0
CUST04158,59,78139,560,Salaried,245043,24,2,76,3,59724,1,4,1,4,9,Loyal,100.0,Critical Risk,581314.0
CUST04159,35,49749,590,Salaried,179722,36,2,222,14,42868,1,2,2,2,6,At Risk,100.0,Critical Risk,847410.0
CUST04160,30,58419,671,Salaried,186044,60,0,169,25,46506,1,3,4,3,10,Champions,90.6,Critical Risk,2065047.0
CUST04161,47,68734,666,Salaried,293784,36,0,217,4,61390,1,2,1,4,7,At Risk,100.0,Critical Risk,353568.0
CUST04162,51,52084,672,Self-Employed,275657,36,1,265,1,61908,1,2,1,4,7,At Risk,100.0,Critical Risk,74947.0
CUST04163,31,61313,626,Business,118672,36,1,118,3,83829,1,3,1,4,8,Loyal,74.7,High Risk,594128.0
CUST04164,24,52449,803,Salaried,121464,48,0,35,15,24298,0,4,3,1,8,Loyal,52.6,High Risk,1860581.0
CUST04165,30,29705,506,Salaried,259596,12,1,275,17,25985,1,1,3,1,5,Lost,100.0,Critical Risk,517615.0
CUST04166,29,52290,815,Salaried,147691,36,2,22,21,38116,0,4,3,2,9,Loyal,80.8,Critical Risk,4994173.0
CUST04167,61,72072,789,Business,203291,60,0,82,20,64863,0,4,3,4,11,Champions,67.6,High Risk,3995780.0
CUST04168,65,38433,737,Salaried,174196,36,0,127,8,38482,0,3,2,2,7,At Risk,100.0,Critical Risk,687263.0
CUST04169,32,62304,514,Salaried,207564,60,1,300,6,67305,1,1,1,4,6,At Risk,100.0,Critical Risk,438033.0
CUST04170,42,37506,665,Self-Employed,256475,48,1,347,19,45403,1,1,3,3,7,At Risk,100.0,Critical Risk,821043.0
CUST04171,46,48224,527,Salaried,149136,36,0,329,26,60450,1,1,4,4,9,Loyal,100.0,Critical Risk,1569550.0
CUST04172,41,94589,794,Business,218197,48,3,2,13,36317,1,4,2,2,8,Loyal,80.4,Critical Risk,4475952.0
CUST04173,45,15000,554,Salaried,225930,48,3,24,15,36651,1,4,3,2,9,Loyal,100.0,Critical Risk,3316764.0
CUST04174,61,68347,663,Salaried,162507,36,3,350,11,28659,1,1,2,1,4,Lost,100.0,Critical Risk,297713.0
CUST04175,39,37424,777,Salaried,232531,24,0,141,3,43174,0,3,1,2,6,At Risk,100.0,Critical Risk,266341.0
CUST04176,39,72731,570,Salaried,227561,60,3,175,29,53119,1,3,4,3,10,Champions,100.0,Critical Risk,2658462.0
CUST04177,52,55175,819,Salaried,106149,60,0,41,10,14715,0,4,2,1,7,At Risk,44.1,Medium Risk,693029.0
CUST04178,38,71745,796,Salaried,221900,36,1,259,23,44863,0,2,4,2,8,Loyal,97.1,Critical Risk,1274534.0
CUST04179,48,40883,702,Self-Employed,331441,12,1,94,27,31752,1,3,4,2,9,Loyal,100.0,Critical Risk,2397823.0
CUST04180,67,73056,688,Freelance,167715,36,2,74,5,24442,1,4,1,1,6,At Risk,83.8,Critical Risk,403680.0
CUST04181,67,50260,735,Salaried,346446,36,0,121,1,28211,1,3,1,1,5,Lost,100.0,Critical Risk,65378.0
CUST04182,54,65683,671,Self-Employed,245444,60,0,354,26,23254,1,1,4,1,6,At Risk,100.0,Critical Risk,565123.0
CUST04183,66,61928,689,Salaried,20000,24,2,131,17,65165,1,3,3,4,10,Champions,48.9,Medium Risk,2414023.0
CUST04184,60,54791,525,Salaried,194336,36,1,352,19,39391,1,1,3,2,6,At Risk,100.0,Critical Risk,703157.0
CUST04185,37,15848,619,Salaried,306048,24,1,109,17,24100,1,3,3,1,7,At Risk,100.0,Critical Risk,1027770.0
CUST04186,22,61787,850,Salaried,147918,36,0,310,15,61386,0,1,3,4,8,Loyal,73.4,High Risk,969952.0
CUST04187,62,70109,623,Self-Employed,152253,24,0,14,15,14582,1,4,3,1,8,Loyal,61.1,High Risk,1580920.0
CUST04188,31,34933,709,Salaried,237569,48,2,103,23,36163,1,3,4,2,9,Loyal,100.0,Critical Risk,2176261.0
CUST04189,40,41218,668,Salaried,180020,60,0,267,1,46315,1,2,1,3,6,At Risk,100.0,Critical Risk,55700.0
CUST04190,52,87480,643,Salaried,177460,12,0,163,2,35339,1,3,1,2,6,At Risk,69.0,High Risk,129311.0
CUST04191,35,63830,638,Salaried,175835,48,1,250,22,36136,1,2,4,2,8,Loyal,100.0,Critical Risk,1012817.0
CUST04192,52,30561,678,Self-Employed,229748,60,1,59,29,79759,1,4,4,4,12,Champions,100.0,Critical Risk,8840304.0
CUST04193,29,67280,787,Self-Employed,81665,48,2,277,14,17176,0,1,2,1,4,Lost,71.6,High Risk,279966.0
CUST04194,39,64544,789,Self-Employed,155588,12,0,40,7,49558,0,4,1,3,8,Loyal,55.9,High Risk,1655172.0
CUST04195,25,69457,749,Self-Employed,250951,60,1,134,29,41035,1,3,4,2,9,Loyal,100.0,Critical Risk,2547539.0
CUST04196,23,47998,701,Salaried,195482,24,0,273,16,39802,1,1,3,2,6,At Risk,100.0,Critical Risk,751030.0
CUST04197,56,59740,645,Salaried,182261,24,3,257,27,41475,1,2,4,2,8,Loyal,100.0,Critical Risk,1392627.0
CUST04198,36,84421,727,Self-Employed,154362,60,0,322,16,57127,0,1,3,3,7,At Risk,72.0,High Risk,930604.0
CUST04199,24,46482,769,Salaried,153728,12,2,343,18,71332,1,1,3,4,8,Loyal,100.0,Critical Risk,1234918.0
CUST04200,27,40449,701,Salaried,96897,24,0,234,6,112978,0,2,1,4,7,At Risk,78.0,Critical Risk,914683.0
CUST04201,60,60570,843,Self-Employed,187988,12,2,5,27,65857,0,4,4,4,12,Champions,83.0,Critical Risk,15639054.0
CUST04202,23,67317,678,Business,131571,24,0,121,16,65730,1,3,3,4,10,Champions,61.5,High Risk,2437227.0
CUST04203,57,57659,745,Business,301879,60,2,170,2,35290,1,3,1,2,6,At Risk,100.0,Critical Risk,124754.0
CUST04204,50,80926,712,Salaried,330375,36,0,163,23,26683,1,3,4,1,8,Loyal,100.0,Critical Risk,1122826.0
CUST04205,23,63583,694,Self-Employed,172140,36,2,98,21,22193,1,3,3,1,7,At Risk,93.5,Critical Risk,1264753.0
CUST04206,37,80937,709,Business,146119,24,0,258,12,44526,0,2,2,2,6,At Risk,67.6,High Risk,662220.0
CUST04207,65,48748,631,Salaried,127922,12,1,52,29,37219,1,4,4,2,10,Champions,82.7,Critical Risk,4451561.0
CUST04208,38,49821,749,Salaried,215445,24,0,260,3,34696,0,2,1,2,5,Lost,100.0,Critical Risk,128135.0
CUST04209,40,45841,617,Salaried,67453,48,0,88,1,36313,1,4,1,2,7,At Risk,53.6,High Risk,106460.0
CUST04210,43,15141,705,Business,94478,24,3,96,5,74967,1,3,1,4,8,Loyal,100.0,Critical Risk,1032564.0
CUST04211,45,58482,618,Salaried,136979,60,3,145,20,28591,1,3,3,1,7,At Risk,100.0,Critical Risk,1149941.0
CUST04212,31,46504,640,Self-Employed,118010,60,2,189,15,51323,1,2,3,3,8,Loyal,100.0,Critical Risk,1246091.0
CUST04213,56,53331,633,Business,177608,24,1,65,20,86879,1,4,3,4,11,Champions,97.7,Critical Risk,6248440.0
CUST04214,32,35523,717,Salaried,277004,60,2,253,18,53983,1,2,3,3,8,Loyal,100.0,Critical Risk,1225106.0
CUST04215,58,65160,625,Salaried,222198,60,1,310,10,38556,1,1,2,2,5,Lost,100.0,Critical Risk,406145.0
CUST04216,28,38005,728,Business,137943,60,2,207,23,27462,1,2,4,1,7,At Risk,100.0,Critical Risk,946791.0
CUST04217,31,60841,706,Self-Employed,224447,60,0,333,17,5000,1,1,3,1,5,Lost,100.0,Critical Risk,83965.0
CUST04218,57,65939,740,Salaried,166798,36,1,8,15,60620,1,4,3,4,11,Champions,69.2,High Risk,7458303.0
CUST04219,34,43010,638,Salaried,20000,48,0,286,6,29594,1,1,1,1,3,Lost,48.2,Medium Risk,200964.0
CUST04220,56,61131,711,Salaried,167647,24,1,79,24,36866,1,4,4,2,10,Champions,81.5,Critical Risk,2796071.0
CUST04221,28,86085,698,Salaried,222704,24,0,35,25,49813,1,4,4,3,11,Champions,65.7,High Risk,6357253.0
CUST04222,59,50352,810,Salaried,366221,60,2,137,19,29261,1,3,3,1,7,At Risk,100.0,Critical Risk,1169597.0
CUST04223,30,78387,699,Freelance,216607,12,0,304,11,56074,1,1,2,3,6,At Risk,91.2,Critical Risk,661196.0
CUST04224,32,51800,743,Self-Employed,248121,36,3,337,19,73078,1,1,3,4,8,Loyal,100.0,Critical Risk,1356883.0
CUST04225,52,103864,672,Business,279262,60,0,198,8,5000,1,2,2,1,5,Lost,83.0,Critical Risk,62260.0
CUST04226,55,54280,815,Business,133572,48,0,316,22,20227,0,1,4,1,6,At Risk,77.7,Critical Risk,460774.0
CUST04227,24,48794,715,Salaried,219788,36,1,338,8,32614,1,1,2,2,5,Lost,100.0,Critical Risk,254293.0
CUST04228,43,90764,698,Salaried,168048,36,3,108,10,43232,1,3,2,2,7,At Risk,87.0,Critical Risk,1092019.0
CUST04229,46,15000,678,Salaried,166142,12,0,90,14,40659,1,4,2,2,8,Loyal,100.0,Critical Risk,1642431.0
CUST04230,23,81331,579,Salaried,272077,48,1,126,9,93171,1,3,2,4,9,Loyal,100.0,Critical Risk,1883488.0
CUST04231,50,63015,645,Salaried,133110,48,0,21,9,35261,1,4,2,2,8,Loyal,58.9,High Risk,2014476.0
CUST04232,56,54186,670,Freelance,195338,24,2,313,8,41148,1,1,2,2,5,Lost,100.0,Critical Risk,343783.0
CUST04233,64,52729,696,Self-Employed,194586,48,0,86,28,36233,1,4,4,2,10,Champions,92.1,Critical Risk,3022867.0
CUST04234,50,46820,662,Salaried,251792,48,0,259,25,51571,1,2,4,3,9,Loyal,100.0,Critical Risk,1592505.0
CUST04235,42,48923,672,Self-Employed,245907,60,0,45,24,39283,1,4,4,2,10,Champions,100.0,Critical Risk,4222320.0
CUST04236,34,51715,655,Self-Employed,252554,36,1,153,18,48614,1,3,3,3,9,Loyal,100.0,Critical Risk,1685456.0
CUST04237,54,41545,827,Self-Employed,101880,48,3,37,12,30272,0,4,2,1,7,At Risk,83.8,Critical Risk,1803964.0
CUST04238,42,59149,819,Freelance,195120,24,0,350,15,33351,0,1,3,2,6,At Risk,97.0,Critical Risk,472437.0
CUST04239,41,87414,759,Salaried,202892,60,1,70,3,20622,0,4,1,1,6,At Risk,68.8,High Risk,212029.0
CUST04240,43,57932,720,Salaried,249771,60,2,154,13,42673,1,3,2,2,7,At Risk,100.0,Critical Risk,1062905.0
CUST04241,58,49529,665,Salaried,201773,48,0,313,7,33562,1,1,1,2,4,Lost,100.0,Critical Risk,245353.0
CUST04242,67,61160,732,Salaried,168698,36,2,351,25,41791,1,1,4,2,7,At Risk,100.0,Critical Risk,984111.0
CUST04243,41,86932,726,Freelance,32849,12,1,343,2,53872,0,1,1,3,5,Lost,54.8,High Risk,103627.0
CUST04244,35,51268,685,Self-Employed,288172,60,0,12,27,44839,1,4,4,2,10,Champions,100.0,Critical Risk,9111100.0
CUST04245,42,79855,592,Salaried,367527,60,0,56,7,7168,1,4,1,1,6,At Risk,100.0,Critical Risk,197992.0
CUST04246,40,49780,621,Self-Employed,213659,12,0,231,3,43739,1,2,1,2,5,Lost,100.0,Critical Risk,179044.0
CUST04247,28,82973,604,Salaried,106966,12,1,86,25,40173,1,4,4,2,10,Champions,60.7,High Risk,2992479.0
CUST04248,40,60008,640,Freelance,28682,12,1,336,25,62774,1,1,4,4,9,Loyal,62.4,High Risk,1537752.0
CUST04249,28,61080,651,Salaried,92053,60,2,233,24,13652,1,2,4,1,7,At Risk,83.8,Critical Risk,443753.0
CUST04250,31,32338,710,Business,159026,12,3,109,3,41927,1,3,1,2,6,At Risk,100.0,Critical Risk,315533.0
CUST04251,40,44870,750,Business,104546,36,0,325,9,59427,0,1,2,4,7,At Risk,80.6,Critical Risk,540021.0
CUST04252,23,68184,787,Salaried,185731,12,1,33,22,19822,1,4,4,1,9,Loyal,71.8,High Risk,2290225.0
CUST04253,66,100811,573,Business,142219,60,0,113,8,14604,1,3,2,1,6,At Risk,57.6,High Risk,285242.0
CUST04254,59,79124,652,Salaried,207509,60,1,260,22,5000,1,2,4,1,7,At Risk,98.2,Critical Risk,135413.0
CUST04255,65,64848,631,Self-Employed,199054,36,1,158,26,73170,1,3,4,4,11,Champions,100.0,Critical Risk,3570094.0
CUST04256,43,61032,604,Business,243043,48,1,244,19,5000,1,2,3,1,6,At Risk,100.0,Critical Risk,123619.0
CUST04257,30,62089,636,Business,192454,60,1,358,22,23605,1,1,4,1,6,At Risk,100.0,Critical Risk,480477.0
CUST04258,37,88379,642,Freelance,134198,24,2,344,23,5000,1,1,4,1,6,At Risk,93.8,Critical Risk,110315.0
CUST04259,40,62458,713,Salaried,187217,36,2,194,23,31765,1,2,4,2,8,Loyal,100.0,Critical Risk,1156907.0
CUST04260,45,33329,695,Salaried,235227,60,1,75,26,25376,1,4,4,1,9,Loyal,100.0,Critical Risk,2159805.0
CUST04261,60,55767,814,Salaried,226390,24,1,24,11,10900,1,4,2,1,7,At Risk,95.8,Critical Risk,723364.0
CUST04262,27,70176,609,Salaried,199380,60,1,232,19,12001,1,2,3,1,6,At Risk,100.0,Critical Risk,309970.0
CUST04263,45,70164,606,Salaried,182722,12,1,299,26,33519,1,1,4,2,7,At Risk,100.0,Critical Risk,948123.0
CUST04264,35,75105,722,Business,142899,12,0,69,24,42037,0,4,4,2,10,Champions,53.0,High Risk,3490466.0
CUST04265,64,87632,629,Salaried,180025,24,1,287,23,63248,1,1,4,4,9,Loyal,90.7,Critical Risk,1641320.0
CUST04266,32,81439,667,Business,116545,48,0,139,8,67783,0,3,2,4,9,Loyal,53.4,High Risk,1127786.0
CUST04267,46,58902,631,Salaried,223662,60,1,22,28,18433,1,4,4,1,9,Loyal,100.0,Critical Risk,3220261.0
CUST04268,37,59568,761,Salaried,228664,48,3,121,11,44653,1,3,2,2,7,At Risk,100.0,Critical Risk,1138297.0
CUST04269,60,64070,753,Business,134912,48,0,247,25,22142,0,2,4,1,7,At Risk,69.5,High Risk,712683.0
CUST04270,44,74515,739,Self-Employed,96061,48,1,21,15,42759,0,4,3,2,9,Loyal,45.6,Medium Risk,4071400.0
CUST04271,29,34084,479,Self-Employed,225488,24,0,342,23,39430,1,1,4,2,7,At Risk,100.0,Critical Risk,874544.0
CUST04272,39,28167,672,Self-Employed,166074,60,1,88,28,69709,1,4,4,4,12,Champions,100.0,Critical Risk,5722297.0
CUST04273,52,68944,485,Salaried,110788,48,0,252,25,53538,1,2,4,3,9,Loyal,79.4,Critical Risk,1693360.0
CUST04274,56,56897,615,Salaried,170699,60,0,43,6,54279,1,4,1,3,8,Loyal,80.6,Critical Risk,1495233.0
CUST04275,63,93914,762,Business,170270,60,0,86,22,14819,0,4,4,1,9,Loyal,49.7,Medium Risk,971401.0
CUST04276,44,53557,763,Self-Employed,144653,36,2,349,9,57563,1,1,2,3,6,At Risk,100.0,Critical Risk,490517.0
CUST04277,25,24520,685,Business,165447,48,1,277,10,30862,1,1,2,1,4,Lost,100.0,Critical Risk,359318.0
CUST04278,44,61607,661,Salaried,266625,60,1,53,25,28970,1,4,4,1,9,Loyal,100.0,Critical Risk,2953645.0
CUST04279,64,30794,666,Salaried,29418,24,0,80,24,34840,0,4,4,2,10,Champions,39.1,Medium Risk,2619729.0
CUST04280,34,45238,616,Salaried,419678,12,0,239,20,15437,1,2,3,1,6,At Risk,100.0,Critical Risk,409038.0
CUST04281,38,55393,524,Freelance,219119,48,0,174,22,5000,1,3,4,1,8,Loyal,100.0,Critical Risk,190736.0
CUST04282,53,42958,702,Self-Employed,300895,36,0,80,29,72224,1,4,4,4,12,Champions,100.0,Critical Risk,6562155.0
CUST04283,34,47221,719,Self-Employed,161545,12,1,297,26,43059,1,1,4,2,7,At Risk,100.0,Critical Risk,1225277.0
CUST04284,44,71196,645,Self-Employed,110573,36,1,208,10,51132,1,2,2,3,7,At Risk,73.1,High Risk,763320.0
CUST04285,58,15000,731,Salaried,77125,24,2,358,28,56547,1,1,4,3,8,Loyal,100.0,Critical Risk,1464918.0
CUST04286,50,63629,687,Self-Employed,175799,48,1,203,18,61597,1,2,3,4,9,Loyal,93.8,Critical Risk,1689738.0
CUST04287,25,53802,778,Salaried,215804,24,0,139,16,20776,0,3,3,1,7,At Risk,96.9,Critical Risk,691350.0
CUST04288,48,28011,663,Salaried,80554,60,0,67,19,24323,1,4,3,1,8,Loyal,76.6,Critical Risk,1629759.0
CUST04289,60,41437,548,Self-Employed,175222,36,2,334,3,17031,1,1,1,1,3,Lost,100.0,Critical Risk,50335.0
CUST04290,29,52584,655,Business,234173,12,1,209,29,65924,1,2,4,4,10,Champions,100.0,Critical Risk,2842385.0
CUST04291,35,62452,629,Salaried,186297,24,2,222,25,40779,1,2,4,2,8,Loyal,100.0,Critical Risk,1439491.0
CUST04292,42,35548,610,Business,148461,24,0,119,8,10106,1,3,2,1,6,At Risk,100.0,Critical Risk,189772.0
CUST04293,58,65999,660,Salaried,232109,36,0,105,12,38871,1,3,2,2,7,At Risk,92.8,Critical Risk,1203215.0
CUST04294,60,51778,693,Business,165199,36,1,2,3,45487,1,4,1,3,8,Loyal,85.4,Critical Risk,1293721.0
CUST04295,41,40680,633,Self-Employed,200555,36,1,27,10,32145,1,4,2,2,8,Loyal,100.0,Critical Risk,1847705.0
CUST04296,28,55260,669,Self-Employed,208245,12,0,111,8,38466,1,3,2,2,7,At Risk,97.7,Critical Risk,761496.0
CUST04297,58,30834,801,Business,237768,36,0,282,16,49396,0,1,3,3,7,At Risk,100.0,Critical Risk,905723.0
CUST04298,40,57107,659,Self-Employed,86705,12,1,4,18,31074,1,4,3,2,9,Loyal,54.6,High Risk,5040893.0
CUST04299,50,72501,757,Business,77180,48,0,258,23,42455,0,2,4,2,8,Loyal,49.3,Medium Risk,1210220.0
CUST04300,26,75635,708,Freelance,195370,12,2,88,21,37515,1,4,3,2,9,Loyal,89.2,Critical Risk,2309658.0
CUST04301,53,51649,580,Self-Employed,130075,48,2,172,6,29586,1,3,1,1,5,Lost,100.0,Critical Risk,310759.0
CUST04302,37,63434,653,Salaried,287312,48,0,73,3,27005,1,4,1,1,6,At Risk,100.0,Critical Risk,270050.0
CUST04303,22,29720,842,Self-Employed,266625,12,2,32,18,65836,1,4,3,4,11,Champions,100.0,Critical Risk,6314489.0
CUST04304,34,50254,605,Self-Employed,276088,36,0,19,19,60847,1,4,3,4,11,Champions,100.0,Critical Risk,7603134.0
CUST04305,42,62451,663,Salaried,274496,48,2,354,9,68933,1,1,2,4,7,At Risk,100.0,Critical Risk,579885.0
CUST04306,62,80470,708,Freelance,159837,60,1,228,2,54380,1,2,1,3,6,At Risk,78.8,Critical Risk,150085.0
CUST04307,44,44841,652,Salaried,192846,12,0,144,14,49055,1,3,2,3,8,Loyal,100.0,Critical Risk,1388759.0
CUST04308,42,79136,686,Salaried,165186,60,0,154,5,57888,1,3,1,3,7,At Risk,66.3,High Risk,554570.0
CUST04309,45,17914,619,Salaried,154660,12,0,171,1,45775,1,3,1,3,7,At Risk,100.0,Critical Risk,80520.0
CUST04310,59,72405,780,Salaried,239809,12,1,160,15,23299,0,3,3,1,7,At Risk,94.5,Critical Risk,649171.0
CUST04311,52,33240,831,Business,211985,24,1,283,8,52592,0,1,2,3,6,At Risk,100.0,Critical Risk,480653.0
CUST04312,62,34549,793,Business,77624,36,1,90,24,44463,0,4,4,2,10,Champions,66.5,High Risk,3079019.0
CUST04313,28,32595,692,Self-Employed,31175,24,1,62,3,28369,1,4,1,1,6,At Risk,45.7,Medium Risk,315371.0
CUST04314,34,76955,737,Business,112005,60,3,37,11,72100,1,4,2,4,10,Champions,70.4,High Risk,3938524.0
CUST04315,22,73786,677,Salaried,218705,60,3,277,9,62424,1,1,2,4,7,At Risk,100.0,Critical Risk,654108.0
CUST04316,42,71132,556,Freelance,246392,24,3,46,12,53736,1,4,2,3,9,Loyal,100.0,Critical Risk,2852893.0
CUST04317,35,56670,579,Salaried,33537,60,1,204,12,45444,1,2,2,3,7,At Risk,58.3,High Risk,827629.0
CUST04318,52,17649,627,Self-Employed,20000,12,0,132,1,63331,1,3,1,4,8,Loyal,49.7,Medium Risk,137186.0
CUST04319,42,53680,611,Salaried,169802,36,0,13,29,46417,1,4,4,3,11,Champions,81.7,Critical Risk,9925736.0
CUST04320,28,51633,695,Salaried,120074,36,0,316,20,40395,0,1,3,2,6,At Risk,83.8,Critical Risk,836549.0
CUST04321,30,83908,633,Self-Employed,140052,60,1,95,10,50900,1,3,2,3,8,Loyal,67.0,High Risk,1412814.0
CUST04322,63,75321,506,Salaried,138276,60,1,143,16,38262,1,3,3,2,8,Loyal,83.5,Critical Risk,1244847.0
CUST04323,34,59228,692,Salaried,123297,48,1,285,4,42754,1,1,1,2,4,Lost,86.6,Critical Risk,194155.0
CUST04324,25,69230,533,Business,211133,60,0,341,29,5000,1,1,4,1,6,At Risk,100.0,Critical Risk,140199.0
CUST04325,58,51487,643,Business,229440,60,3,224,10,49904,1,2,2,3,7,At Risk,100.0,Critical Risk,699231.0
CUST04326,63,77076,747,Business,240670,60,0,144,18,46763,0,3,3,3,9,Loyal,81.8,Critical Risk,1702121.0
CUST04327,47,40730,673,Salaried,263224,48,0,71,20,39893,1,4,3,2,9,Loyal,100.0,Critical Risk,2709013.0
CUST04328,48,60306,624,Salaried,292037,48,1,301,17,68208,1,1,3,4,8,Loyal,100.0,Critical Risk,1254017.0
CUST04329,47,15715,649,Salaried,279545,24,0,228,23,68690,1,2,4,4,10,Champions,100.0,Critical Risk,2180161.0
CUST04330,50,98956,530,Freelance,132964,48,1,73,25,19238,1,4,4,1,9,Loyal,66.1,High Risk,1603167.0
CUST04331,57,29071,631,Salaried,198368,12,1,151,19,19595,1,3,3,1,7,At Risk,100.0,Critical Risk,724754.0
CUST04332,43,30299,762,Salaried,73909,36,2,235,12,22719,1,2,2,1,5,Lost,94.5,Critical Risk,366516.0
CUST04333,52,108896,778,Self-Employed,93234,60,0,77,7,42752,0,4,1,2,7,At Risk,28.7,Medium Risk,962391.0
CUST04334,45,53133,600,Salaried,110813,60,0,188,21,23612,1,2,3,1,6,At Risk,75.3,Critical Risk,806174.0
CUST04335,64,73811,639,Salaried,193903,24,0,243,22,21172,1,2,4,1,7,At Risk,87.9,Critical Risk,608269.0
CUST04336,27,81079,659,Salaried,111669,60,0,150,5,59377,0,3,1,4,8,Loyal,53.8,High Risk,581035.0
CUST04337,42,66114,636,Business,146598,36,0,13,20,53597,1,4,3,3,10,Champions,61.0,High Risk,7904204.0
CUST04338,32,67257,720,Salaried,20000,36,0,363,27,44621,0,1,4,2,7,At Risk,45.2,Medium Risk,1100726.0
CUST04339,26,69208,593,Salaried,190266,48,0,13,29,42779,1,4,4,2,10,Champions,74.7,High Risk,9147792.0
CUST04340,59,48464,735,Self-Employed,136711,48,1,343,12,48936,1,1,2,3,6,At Risk,100.0,Critical Risk,564795.0
CUST04341,25,48928,608,Salaried,296495,60,0,143,15,72641,1,3,3,4,10,Champions,100.0,Critical Risk,2215652.0
CUST04342,26,70054,777,Salaried,253976,48,0,311,4,48127,1,1,1,3,5,Lost,100.0,Critical Risk,202203.0
CUST04343,44,28226,754,Freelance,20000,12,0,345,21,76336,0,1,3,4,8,Loyal,49.5,Medium Risk,1533723.0
CUST04344,58,50266,622,Self-Employed,291732,24,1,15,11,13868,1,4,2,1,7,At Risk,100.0,Critical Risk,1081165.0
CUST04345,51,45919,632,Self-Employed,316993,24,1,33,24,49943,1,4,4,3,11,Champions,100.0,Critical Risk,6294974.0
CUST04346,55,44431,739,Salaried,220088,60,0,157,27,58199,1,3,4,3,10,Champions,100.0,Critical Risk,2964089.0
CUST04347,39,30823,684,Self-Employed,327200,60,0,126,24,45598,1,3,4,3,10,Champions,100.0,Critical Risk,2458083.0
CUST04348,28,85483,705,Salaried,305573,60,1,326,20,49576,1,1,3,3,7,At Risk,100.0,Critical Risk,998358.0
CUST04349,63,68536,575,Salaried,92884,48,0,148,28,32572,1,3,4,2,9,Loyal,59.3,High Risk,1804259.0
CUST04350,38,47322,652,Business,123329,12,1,197,24,56125,1,2,4,3,9,Loyal,92.7,Critical Risk,2105589.0
CUST04351,43,28986,736,Salaried,267198,36,0,28,24,49507,1,4,4,3,11,Champions,100.0,Critical Risk,6723741.0
CUST04352,41,66012,732,Salaried,196361,60,1,295,24,29436,1,1,4,1,6,At Risk,100.0,Critical Risk,777856.0
CUST04353,45,60304,640,Salaried,35890,48,2,289,28,56135,1,1,4,3,8,Loyal,70.9,High Risk,1762518.0
CUST04354,31,61560,617,Self-Employed,116261,48,2,338,24,59092,1,1,4,4,9,Loyal,100.0,Critical Risk,1382232.0
CUST04355,35,50500,704,Salaried,261523,12,3,229,7,32192,1,2,1,2,5,Lost,100.0,Critical Risk,309795.0
CUST04356,42,75014,566,Salaried,192843,48,3,79,11,46022,1,4,2,3,9,Loyal,100.0,Critical Risk,1599812.0
CUST04357,33,64443,733,Business,131739,36,0,59,16,65399,0,4,3,4,11,Champions,54.2,High Risk,3999269.0
CUST04358,31,19040,590,Salaried,212130,60,2,166,19,57965,1,3,3,3,9,Loyal,100.0,Critical Risk,1985122.0
CUST04359,54,33740,733,Self-Employed,194062,48,3,90,17,36312,1,4,3,2,9,Loyal,100.0,Critical Risk,1781154.0
CUST04360,54,15000,629,Salaried,186424,24,0,151,10,58947,1,3,2,4,9,Loyal,100.0,Critical Risk,1147502.0
CUST04361,57,45161,792,Salaried,249008,48,0,347,7,29737,0,1,1,1,3,Lost,100.0,Critical Risk,198117.0
CUST04362,48,78122,667,Salaried,20000,60,1,131,15,51662,0,3,3,3,9,Loyal,39.2,Medium Risk,1688653.0
CUST04363,37,83145,719,Salaried,222315,60,1,166,15,57012,1,3,3,3,9,Loyal,86.6,Critical Risk,1541436.0
CUST04364,39,76621,722,Business,175003,48,0,261,7,17189,0,2,1,1,4,Lost,76.4,Critical Risk,147623.0
CUST04365,65,93118,581,Self-Employed,179295,36,1,10,4,35219,1,4,1,2,7,At Risk,68.9,High Risk,1105801.0
CUST04366,48,27563,736,Salaried,208684,36,2,94,13,89394,1,3,2,4,9,Loyal,100.0,Critical Risk,3250380.0
CUST04367,30,67438,850,Salaried,192067,60,0,37,17,41804,0,4,3,2,9,Loyal,60.0,High Risk,3529168.0
CUST04368,54,50853,623,Salaried,45397,12,0,317,28,42490,1,1,4,2,7,At Risk,60.4,High Risk,1228424.0
CUST04369,50,45875,612,Self-Employed,208917,36,1,306,2,79256,1,1,1,4,6,At Risk,100.0,Critical Risk,168925.0
CUST04370,51,23327,704,Salaried,58915,48,1,193,3,14689,1,2,1,1,4,Lost,87.0,Critical Risk,70085.0
CUST04371,34,75615,542,Freelance,91504,48,1,128,2,55050,1,3,1,3,7,At Risk,67.1,High Risk,244295.0
CUST04372,32,61430,848,Freelance,106561,48,2,120,12,25566,0,3,2,1,6,At Risk,64.7,High Risk,715521.0
CUST04373,32,59841,706,Salaried,56392,12,1,152,17,28348,1,3,3,1,7,At Risk,51.8,High Risk,933153.0
CUST04374,67,68043,715,Self-Employed,210373,60,0,319,25,32799,1,1,4,2,7,At Risk,97.9,Critical Risk,841887.0
CUST04375,34,23220,568,Freelance,107275,36,0,92,15,13325,1,3,3,1,7,At Risk,100.0,Critical Risk,567738.0
CUST04376,35,41664,600,Freelance,76379,12,2,6,4,31389,1,4,1,2,7,At Risk,75.3,Critical Risk,1078304.0
CUST04377,63,50044,618,Salaried,148047,24,1,11,24,35838,1,4,4,2,10,Champions,86.9,Critical Risk,6609282.0
CUST04378,54,40689,760,Salaried,287255,48,0,181,24,17663,1,2,4,1,7,At Risk,100.0,Critical Risk,711393.0
CUST04379,39,85223,610,Salaried,88370,48,0,9,5,51598,1,4,1,3,8,Loyal,38.9,Medium Risk,2069590.0
CUST04380,64,61841,817,Self-Employed,420631,60,2,118,28,55539,1,3,4,3,10,Champions,100.0,Critical Risk,3673842.0
CUST04381,46,85778,736,Business,200716,24,0,348,29,51391,0,1,4,3,8,Loyal,83.7,Critical Risk,1414756.0
CUST04382,44,81773,715,Salaried,286485,48,1,179,14,10465,1,2,2,1,5,Lost,100.0,Critical Risk,248149.0
CUST04383,26,36671,777,Salaried,131437,48,1,145,14,49814,1,3,2,3,8,Loyal,98.9,Critical Risk,1402477.0
CUST04384,24,22893,676,Freelance,194556,24,1,146,16,49176,1,3,3,3,9,Loyal,100.0,Critical Risk,1573632.0
CUST04385,38,43500,705,Salaried,157587,24,0,58,9,82291,1,4,2,4,10,Champions,87.8,Critical Risk,2860592.0
CUST04386,34,49047,739,Self-Employed,187678,36,1,139,22,70917,1,3,4,4,11,Champions,100.0,Critical Risk,3244806.0
CUST04387,29,23582,776,Salaried,238058,24,2,164,20,46529,1,3,3,3,9,Loyal,100.0,Critical Risk,1694073.0
CUST04388,28,35816,446,Salaried,163676,24,1,238,5,48938,1,2,1,3,6,At Risk,100.0,Critical Risk,325362.0
CUST04389,56,47681,729,Salaried,111679,24,1,337,13,50998,1,1,2,3,6,At Risk,93.3,Critical Risk,647886.0
CUST04390,30,28375,646,Salaried,292211,36,3,118,29,45758,1,3,4,3,10,Champions,100.0,Critical Risk,3134941.0
CUST04391,55,40398,631,Business,192772,48,3,197,25,25806,1,2,4,1,7,At Risk,100.0,Critical Risk,1008479.0
CUST04392,44,45462,783,Self-Employed,201709,12,1,247,9,48970,0,2,2,3,7,At Risk,100.0,Critical Risk,567430.0
CUST04393,30,69174,648,Business,188532,48,0,54,13,45230,1,4,2,3,9,Loyal,73.6,High Risk,2371451.0
CUST04394,56,57763,769,Self-Employed,63306,48,0,170,29,64207,0,3,4,4,11,Champions,41.8,Medium Risk,3291192.0
CUST04395,46,68243,695,Business,106284,36,1,279,3,31362,0,1,1,2,4,Lost,75.4,Critical Risk,108848.0
CUST04396,30,72687,588,Self-Employed,113035,48,0,362,15,13432,1,1,3,1,5,Lost,79.9,Critical Risk,184543.0
CUST04397,25,61600,699,Salaried,212026,60,1,255,12,56478,1,2,2,3,7,At Risk,100.0,Critical Risk,848623.0
CUST04398,35,52048,790,Salaried,198870,12,1,189,8,37588,1,2,2,2,6,At Risk,100.0,Critical Risk,486727.0
CUST04399,45,50545,594,Salaried,340369,12,1,123,4,29989,1,3,1,1,5,Lost,100.0,Critical Risk,274507.0
CUST04400,59,81971,700,Self-Employed,270980,12,0,320,14,52026,1,1,2,3,6,At Risk,100.0,Critical Risk,745730.0
CUST04401,65,60136,775,Business,182652,60,2,197,21,16742,1,2,3,1,6,At Risk,100.0,Critical Risk,549582.0
CUST04402,64,36380,686,Self-Employed,161877,12,2,303,22,45354,1,1,4,3,8,Loyal,100.0,Critical Risk,1072732.0
CUST04403,24,45297,559,Business,218571,36,0,56,16,38246,1,4,3,2,9,Loyal,100.0,Critical Risk,2414666.0
CUST04404,62,37224,747,Self-Employed,172088,12,1,279,22,64702,1,1,4,4,9,Loyal,100.0,Critical Risk,1646774.0
CUST04405,52,55568,809,Business,145735,24,0,342,20,35253,0,1,3,2,6,At Risk,83.5,Critical Risk,679913.0
CUST04406,32,59442,765,Business,149580,12,2,355,7,59336,0,1,1,4,6,At Risk,100.0,Critical Risk,387237.0
CUST04407,41,44161,707,Salaried,221440,36,0,290,7,12798,1,1,1,1,3,Lost,100.0,Critical Risk,100150.0
CUST04408,64,37294,628,Business,152639,36,3,202,14,40991,1,2,2,2,6,At Risk,100.0,Critical Risk,878256.0
CUST04409,22,39243,647,Salaried,124107,24,0,351,22,45917,1,1,4,3,8,Loyal,100.0,Critical Risk,951519.0
CUST04410,36,39490,741,Salaried,222402,36,0,168,21,60641,1,3,3,4,10,Champions,100.0,Critical Risk,2272926.0
CUST04411,67,45321,674,Salaried,98459,36,0,146,2,73014,0,3,1,4,8,Loyal,68.2,High Risk,292056.0
CUST04412,56,30055,731,Freelance,254619,60,1,177,22,35543,1,3,4,2,9,Loyal,100.0,Critical Risk,1336816.0
CUST04413,46,63030,680,Self-Employed,119122,24,0,342,5,30678,0,1,1,1,3,Lost,78.3,Critical Risk,147919.0
CUST04414,66,70693,642,Salaried,165861,48,1,43,9,24955,1,4,2,1,7,At Risk,75.6,Critical Risk,1031159.0
CUST04415,23,54596,793,Self-Employed,162375,48,2,213,9,32676,1,2,2,2,6,At Risk,100.0,Critical Risk,430223.0
CUST04416,43,70523,574,Self-Employed,107221,48,1,253,25,42333,1,2,4,2,8,Loyal,81.3,Critical Risk,1334330.0
CUST04417,67,69184,578,Salaried,196263,36,0,315,15,42994,1,1,3,2,6,At Risk,100.0,Critical Risk,669679.0
CUST04418,51,77686,644,Self-Employed,177136,24,0,343,28,64680,1,1,4,4,9,Loyal,88.8,Critical Risk,1741843.0
CUST04419,26,53167,801,Salaried,163368,12,2,333,25,44330,0,1,4,2,7,At Risk,100.0,Critical Risk,1094753.0
CUST04420,25,61645,646,Salaried,189885,60,1,361,14,82730,1,1,2,4,7,At Risk,100.0,Critical Risk,1063523.0
CUST04421,37,23409,850,Salaried,106884,60,0,259,22,54466,0,2,4,3,9,Loyal,100.0,Critical Risk,1480074.0
CUST04422,62,54117,580,Salaried,40295,36,0,326,16,66413,1,1,3,4,8,Loyal,61.3,High Risk,1069936.0
CUST04423,23,70898,772,Freelance,152655,12,1,231,25,26848,0,2,4,1,7,At Risk,77.7,Critical Risk,915843.0
CUST04424,59,38661,812,Self-Employed,197660,12,1,177,19,36954,0,3,3,2,8,Loyal,100.0,Critical Risk,1200356.0
CUST04425,29,48712,680,Self-Employed,103896,60,0,105,7,39591,1,3,1,2,6,At Risk,63.7,High Risk,714876.0
CUST04426,29,37893,640,Business,198466,48,2,99,24,37225,1,3,4,2,9,Loyal,100.0,Critical Risk,2406576.0
CUST04427,22,80324,750,Business,152692,48,0,226,23,5000,0,2,4,1,7,At Risk,63.9,High Risk,159905.0
CUST04428,39,33182,736,Salaried,299488,36,0,154,2,45215,1,3,1,3,7,At Risk,100.0,Critical Risk,173265.0
CUST04429,59,71901,649,Self-Employed,180025,12,0,358,18,19817,1,1,3,1,5,Lost,94.1,Critical Risk,330032.0
CUST04430,33,92059,547,Salaried,161018,48,0,306,23,68958,1,1,4,4,9,Loyal,82.2,Critical Risk,1690226.0
CUST04431,60,45327,613,Self-Employed,137975,36,1,162,11,48508,1,3,2,3,8,Loyal,100.0,Critical Risk,981157.0
CUST04432,65,42593,689,Salaried,107974,60,2,10,11,37788,1,4,2,2,8,Loyal,83.2,Critical Risk,3262770.0
CUST04433,44,71916,669,Salaried,76040,36,3,9,6,24766,1,4,1,1,6,At Risk,65.1,High Risk,1192034.0
CUST04434,38,74078,790,Self-Employed,47472,12,1,326,23,66130,0,1,4,4,9,Loyal,54.0,High Risk,1531480.0
CUST04435,35,51845,778,Salaried,105142,12,1,227,5,55733,0,2,1,3,6,At Risk,74.5,High Risk,386007.0
CUST04436,59,70828,792,Business,252515,60,3,154,24,67769,1,3,4,4,11,Champions,100.0,Critical Risk,3116307.0
CUST04437,52,68217,542,Salaried,175641,24,0,205,21,35099,1,2,3,2,7,At Risk,90.7,Critical Risk,1114012.0
CUST04438,26,77071,665,Salaried,20000,24,0,142,21,9638,0,3,3,1,7,At Risk,30.3,Medium Risk,413867.0
CUST04439,58,37331,541,Salaried,20000,48,0,132,8,46417,1,3,2,3,8,Loyal,44.0,Medium Risk,804378.0
CUST04440,25,32159,783,Self-Employed,226662,60,0,56,22,28346,0,4,4,1,9,Loyal,100.0,Critical Risk,2460739.0
CUST04441,24,64550,617,Freelance,278365,60,0,234,5,23212,1,2,1,1,4,Lost,100.0,Critical Risk,156606.0
CUST04442,34,70549,715,Salaried,44777,36,0,46,11,49890,0,4,2,3,9,Loyal,26.3,Medium Risk,2427980.0
CUST04443,22,20116,571,Self-Employed,59121,48,2,350,13,53373,1,1,2,3,6,At Risk,100.0,Critical Risk,655252.0
CUST04444,62,57207,638,Salaried,345156,48,1,105,27,46505,1,3,4,3,10,Champions,100.0,Critical Risk,3238917.0
CUST04445,57,85936,716,Salaried,212947,48,0,270,18,39941,0,2,3,2,7,At Risk,81.5,Critical Risk,856158.0
CUST04446,56,79708,663,Business,134028,48,1,162,9,31092,1,3,2,2,7,At Risk,70.5,High Risk,514545.0
CUST04447,62,61395,742,Salaried,307272,36,0,165,2,71533,1,3,1,4,8,Loyal,100.0,Critical Risk,259152.0
CUST04448,30,70238,669,Salaried,321000,24,1,150,28,5000,1,3,4,1,8,Loyal,100.0,Critical Risk,273995.0
CUST04449,34,106210,736,Business,119301,60,0,60,10,68363,0,4,2,4,10,Champions,35.7,Medium Risk,2585751.0
CUST04450,26,68510,800,Salaried,190767,36,0,83,18,25563,0,4,3,1,8,Loyal,66.1,High Risk,1405430.0
CUST04451,34,37858,776,Salaried,156883,24,2,243,3,57795,1,2,1,3,6,At Risk,100.0,Critical Risk,226424.0
CUST04452,31,81471,728,Salaried,181176,36,2,139,17,61359,1,3,3,4,10,Champions,84.8,Critical Risk,2169416.0
CUST04453,59,60234,675,Salaried,170757,36,1,282,14,53703,1,1,2,3,6,At Risk,100.0,Critical Risk,861609.0
CUST04454,29,27782,628,Salaried,98304,24,0,162,15,65643,1,3,3,4,10,Champions,100.0,Critical Risk,1810556.0
CUST04455,37,44022,636,Salaried,128288,36,0,128,15,37786,1,3,3,2,8,Loyal,84.4,Critical Risk,1257619.0
CUST04456,62,41684,844,Self-Employed,53965,60,0,318,15,52830,0,1,3,3,7,At Risk,52.5,High Risk,815922.0
CUST04457,44,59215,635,Salaried,160301,12,1,124,9,44357,1,3,2,2,7,At Risk,90.0,Critical Risk,907868.0
CUST04458,44,57695,727,Self-Employed,293803,12,2,271,17,23477,1,2,3,1,6,At Risk,100.0,Critical Risk,473739.0
CUST04459,63,35893,756,Salaried,232709,48,0,150,11,53215,1,3,2,3,8,Loyal,100.0,Critical Risk,1145621.0
CUST04460,66,52872,571,Salaried,240843,36,0,199,17,93609,1,2,3,4,9,Loyal,100.0,Critical Risk,2466428.0
CUST04461,54,53542,820,Business,227061,60,0,343,25,35877,0,1,4,2,7,At Risk,100.0,Critical Risk,862655.0
CUST04462,64,35521,632,Business,180900,24,0,176,22,26242,1,3,4,1,8,Loyal,100.0,Critical Risk,991639.0
CUST04463,35,89802,649,Freelance,214409,48,1,224,5,64989,1,2,1,4,7,At Risk,90.8,Critical Risk,455297.0
CUST04464,60,79240,625,Salaried,183651,24,0,334,7,39058,1,1,1,2,4,Lost,90.2,Critical Risk,269347.0
CUST04465,42,53994,796,Freelance,137626,24,1,297,14,63690,0,1,2,4,7,At Risk,89.3,Critical Risk,975880.0
CUST04466,56,45817,763,Salaried,29384,12,1,272,5,53475,0,2,1,3,6,At Risk,51.5,High Risk,316343.0
CUST04467,22,30060,652,Salaried,248134,60,1,279,23,75708,1,1,4,4,9,Loyal,100.0,Critical Risk,2014481.0
CUST04468,43,81591,709,Freelance,164520,36,0,26,16,51493,0,4,3,3,10,Champions,52.7,High Risk,4811506.0
CUST04469,53,80323,682,Salaried,147031,36,2,309,20,62132,1,1,3,4,8,Loyal,94.2,Critical Risk,1312775.0
CUST04470,57,15000,644,Business,188574,36,1,326,10,56176,1,1,2,3,6,At Risk,100.0,Critical Risk,565634.0
CUST04471,31,64384,670,Salaried,229431,12,2,128,10,51527,1,3,2,3,8,Loyal,100.0,Critical Risk,1143304.0
CUST04472,63,38575,761,Salaried,50635,12,2,188,16,54229,0,2,3,3,8,Loyal,68.2,High Risk,1410679.0
CUST04473,37,33248,788,Salaried,251234,24,1,68,20,51427,0,4,3,3,10,Champions,100.0,Critical Risk,3592508.0
CUST04474,53,66265,648,Salaried,220709,60,2,308,12,5000,1,1,2,1,4,Lost,100.0,Critical Risk,63570.0
CUST04475,54,57319,719,Salaried,235155,24,3,210,24,5000,1,2,4,1,7,At Risk,100.0,Critical Risk,177688.0
CUST04476,29,71789,784,Salaried,20000,12,1,322,8,5000,0,1,2,1,4,Lost,46.8,Medium Risk,40725.0
CUST04477,53,60824,775,Salaried,68398,24,1,93,25,36179,0,3,4,2,9,Loyal,45.6,Medium Risk,2549292.0
CUST04478,64,56876,795,Salaried,58204,24,1,230,19,27283,0,2,3,1,6,At Risk,53.4,High Risk,709972.0
CUST04479,26,83414,563,Salaried,281566,48,2,16,24,60853,1,4,4,4,12,Champions,100.0,Critical Risk,10153758.0
CUST04480,44,36142,640,Self-Employed,226557,48,0,249,26,50130,1,2,4,3,9,Loyal,100.0,Critical Risk,1666318.0
CUST04481,45,54536,713,Salaried,133400,36,1,103,22,60597,1,3,4,4,11,Champions,77.4,Critical Risk,3488128.0
CUST04482,30,58747,695,Self-Employed,244128,24,0,166,6,56939,1,3,1,3,7,At Risk,100.0,Critical Risk,615785.0
CUST04483,36,55508,637,Self-Employed,226326,48,2,19,2,24281,1,4,1,1,6,At Risk,100.0,Critical Risk,319372.0
CUST04484,67,55095,578,Salaried,274733,24,1,363,24,66248,1,1,4,4,9,Loyal,100.0,Critical Risk,1452647.0
CUST04485,53,24553,619,Salaried,20000,48,0,211,16,5000,1,2,3,1,6,At Risk,50.4,High Risk,117980.0
CUST04486,25,48347,611,Salaried,182670,24,2,353,29,40469,1,1,4,2,7,At Risk,100.0,Critical Risk,1099780.0
CUST04487,43,30109,545,Salaried,126058,48,3,44,7,50176,1,4,1,3,8,Loyal,100.0,Critical Risk,1592543.0
CUST04488,59,42845,656,Salaried,400384,48,1,162,17,78508,1,3,3,4,10,Champions,100.0,Critical Risk,2454117.0
CUST04489,51,88491,798,Business,42385,24,1,232,4,44625,0,2,1,2,5,Lost,42.4,Medium Risk,242654.0
CUST04490,22,80149,795,Salaried,87508,48,0,79,18,90619,0,4,3,4,11,Champions,32.3,Medium Risk,5154691.0
CUST04491,38,36147,558,Salaried,186020,12,0,101,13,45033,1,3,2,2,7,At Risk,100.0,Critical Risk,1554048.0
CUST04492,39,58455,826,Business,20000,24,1,156,27,39135,0,3,4,2,9,Loyal,31.4,Medium Risk,2003509.0
CUST04493,33,47135,745,Business,90341,48,2,243,6,56433,1,2,1,3,6,At Risk,85.9,Critical Risk,442176.0
CUST04494,36,64041,712,Self-Employed,76783,48,1,14,12,46506,0,4,2,3,9,Loyal,45.2,Medium Risk,4033590.0
CUST04495,48,44041,728,Self-Employed,146831,48,1,123,8,75702,0,3,2,4,9,Loyal,95.7,Critical Risk,1385892.0
CUST04496,41,58726,661,Salaried,239726,12,3,243,17,57652,1,2,3,3,8,Loyal,100.0,Critical Risk,1279895.0
CUST04497,49,97994,642,Freelance,187774,24,1,55,21,53496,1,4,3,3,10,Champions,68.0,High Risk,4481386.0
CUST04498,45,64762,704,Self-Employed,261202,60,1,158,7,16944,1,3,1,1,5,Lost,100.0,Critical Risk,222581.0
CUST04499,61,45193,684,Self-Employed,183182,60,3,248,18,30869,1,2,3,1,6,At Risk,100.0,Critical Risk,712862.0
CUST04500,39,90941,724,Freelance,195776,12,1,283,17,48928,1,1,3,3,7,At Risk,85.5,Critical Risk,950229.0
CUST04501,42,85417,671,Salaried,182161,12,1,266,14,76475,1,2,2,4,8,Loyal,87.5,Critical Risk,1291859.0
CUST04502,65,33253,694,Self-Employed,243953,24,1,101,1,57594,1,3,1,3,7,At Risk,100.0,Critical Risk,152886.0
CUST04503,45,40408,682,Salaried,266501,12,0,144,1,52659,1,3,1,3,7,At Risk,100.0,Critical Risk,106485.0
CUST04504,44,71772,612,Self-Employed,124934,24,0,227,10,21011,1,2,2,1,5,Lost,70.8,High Risk,291044.0
CUST04505,32,42991,788,Salaried,123233,24,0,53,4,68196,0,4,1,4,9,Loyal,66.2,High Risk,1112471.0
CUST04506,26,60093,746,Salaried,275925,48,3,110,18,67173,1,3,3,4,10,Champions,100.0,Critical Risk,3012468.0
CUST04507,50,53163,850,Salaried,143113,36,3,106,20,33604,1,3,3,2,8,Loyal,92.6,Critical Risk,1721468.0
CUST04508,52,35390,740,Salaried,75754,60,0,59,5,55056,0,4,1,3,8,Loyal,55.7,High Risk,1052117.0
CUST04509,29,60403,593,Salaried,159598,24,1,130,8,57645,1,3,2,3,8,Loyal,92.2,Critical Risk,1010951.0
CUST04510,23,36005,609,Business,119277,36,2,329,15,46691,1,1,3,3,7,At Risk,100.0,Critical Risk,699407.0
CUST04511,43,72116,568,Business,149849,12,0,288,20,55679,1,1,3,3,7,At Risk,85.7,Critical Risk,1252563.0
CUST04512,65,55183,686,Salaried,152817,12,2,253,3,51742,1,2,1,3,6,At Risk,100.0,Critical Risk,195708.0
CUST04513,55,36203,641,Self-Employed,206483,60,0,301,5,35901,1,1,1,2,4,Lost,100.0,Critical Risk,194131.0
CUST04514,66,70855,697,Freelance,212705,24,1,281,4,71827,1,1,1,4,6,At Risk,100.0,Critical Risk,330291.0
CUST04515,26,56321,591,Freelance,267481,48,1,359,20,49760,1,1,3,3,7,At Risk,100.0,Critical Risk,918453.0
CUST04516,38,54257,753,Self-Employed,125062,48,2,31,15,63363,0,4,3,4,11,Champions,75.7,Critical Risk,5139443.0
CUST04517,45,71888,652,Salaried,241805,48,0,221,17,35706,1,2,3,2,7,At Risk,99.8,Critical Risk,860411.0
CUST04518,58,82924,723,Salaried,204569,24,1,144,13,43195,1,3,2,2,7,At Risk,80.4,Critical Risk,1135514.0
CUST04519,31,70715,492,Business,72176,60,1,61,18,52707,1,4,3,3,10,Champions,61.5,High Risk,3551641.0
CUST04520,39,66995,694,Salaried,235472,12,1,339,1,71582,1,1,1,4,6,At Risk,100.0,Critical Risk,69580.0
CUST04521,59,66896,741,Self-Employed,291743,12,0,78,8,27415,1,4,2,1,7,At Risk,100.0,Critical Risk,699142.0
CUST04522,51,55693,687,Salaried,113106,24,2,31,29,63594,1,4,4,4,12,Champions,75.0,Critical Risk,9972481.0
CUST04523,66,33266,639,Salaried,291637,36,0,166,23,38248,1,3,4,2,9,Loyal,100.0,Critical Risk,1585639.0
CUST04524,39,72126,633,Freelance,147207,36,2,298,27,80836,1,1,4,4,9,Loyal,100.0,Critical Risk,2381581.0
CUST04525,55,33292,724,Salaried,177383,12,0,64,19,83398,1,4,3,4,11,Champions,100.0,Critical Risk,5754877.0
CUST04526,50,28809,755,Business,391178,12,2,271,6,48157,1,2,1,3,6,At Risk,100.0,Critical Risk,342972.0
CUST04527,34,72563,591,Self-Employed,101688,48,1,330,29,73953,1,1,4,4,9,Loyal,84.0,Critical Risk,2135859.0
CUST04528,66,51914,690,Business,43842,48,1,342,16,61816,1,1,3,4,8,Loyal,66.6,High Risk,953779.0
CUST04529,57,22170,623,Business,210622,60,1,287,18,44814,1,1,3,2,6,At Risk,100.0,Critical Risk,910133.0
CUST04530,34,48500,814,Salaried,268076,48,1,138,1,34153,0,3,1,2,6,At Risk,100.0,Critical Risk,71438.0
CUST04531,46,46766,673,Self-Employed,269038,36,2,86,22,5000,1,4,4,1,9,Loyal,100.0,Critical Risk,327755.0
CUST04532,58,96238,645,Salaried,218353,60,0,260,13,38877,1,2,2,2,6,At Risk,81.7,Critical Risk,622163.0
CUST04533,31,64715,610,Salaried,135515,48,1,256,16,40330,1,2,3,2,7,At Risk,90.4,Critical Risk,805221.0
CUST04534,32,60997,649,Self-Employed,132913,24,0,99,17,39851,0,3,3,2,8,Loyal,66.3,High Risk,1824911.0
CUST04535,30,52738,655,Self-Employed,362886,60,0,303,14,28003,1,1,2,1,4,Lost,100.0,Critical Risk,421488.0
CUST04536,22,54157,718,Salaried,90210,24,0,288,11,50031,0,1,2,3,6,At Risk,66.6,High Risk,619028.0
CUST04537,44,67655,622,Freelance,266882,24,3,263,26,27868,1,2,4,1,7,At Risk,100.0,Critical Risk,883029.0
CUST04538,61,30192,697,Business,62253,36,2,321,19,62895,1,1,3,4,8,Loyal,98.7,Critical Risk,1220075.0
CUST04539,46,35924,689,Self-Employed,158393,60,0,25,27,28644,1,4,4,1,9,Loyal,100.0,Critical Risk,4590026.0
CUST04540,55,15000,648,Salaried,167110,36,0,153,25,37904,1,3,4,2,9,Loyal,100.0,Critical Risk,1825193.0
CUST04541,37,44800,687,Salaried,85634,12,0,4,20,26536,0,4,3,1,8,Loyal,50.4,High Risk,4783032.0
CUST04542,67,65662,692,Self-Employed,187129,60,0,252,10,36785,1,2,2,2,6,At Risk,89.2,Critical Risk,465391.0
CUST04543,52,54323,707,Freelance,246922,24,1,185,11,28357,1,2,2,1,5,Lost,100.0,Critical Risk,514011.0
CUST04544,59,61289,811,Salaried,83676,12,2,136,13,43520,0,3,2,2,7,At Risk,61.3,High Risk,1197115.0
CUST04545,33,46722,821,Business,120962,36,1,196,9,37398,0,2,2,2,6,At Risk,80.0,Critical Risk,528398.0
CUST04546,28,71370,810,Salaried,116676,24,1,121,21,34286,0,3,3,2,8,Loyal,55.6,High Risk,1668585.0
CUST04547,61,40004,644,Business,165508,12,1,267,26,56849,1,2,4,3,9,Loyal,100.0,Critical Risk,1777585.0
CUST04548,43,57257,662,Self-Employed,268476,60,0,289,22,33759,1,1,4,2,7,At Risk,100.0,Critical Risk,832826.0
CUST04549,62,21247,756,Self-Employed,179550,12,1,336,4,87141,1,1,1,4,6,At Risk,100.0,Critical Risk,341546.0
CUST04550,39,53275,641,Business,112156,48,1,276,3,18321,1,1,1,1,3,Lost,90.0,Critical Risk,64197.0
CUST04551,37,74236,615,Self-Employed,191599,60,0,232,1,41696,1,2,1,2,5,Lost,87.8,Critical Risk,56682.0
CUST04552,66,48233,686,Salaried,49977,36,0,168,27,54158,0,3,4,3,10,Champions,46.5,Medium Risk,2609912.0
CUST04553,22,61952,587,Business,216429,12,0,278,25,39096,1,1,4,2,7,At Risk,100.0,Critical Risk,1134343.0
CUST04554,29,61135,684,Freelance,320184,12,1,307,20,42390,1,1,3,2,6,At Risk,100.0,Critical Risk,900865.0
CUST04555,34,31981,702,Salaried,70730,24,0,19,16,52773,0,4,3,3,10,Champions,56.6,High Risk,5553051.0
CUST04556,55,79773,807,Business,337132,36,0,20,5,54713,0,4,1,3,8,Loyal,89.3,Critical Risk,1767278.0
CUST04557,67,22669,675,Self-Employed,203243,24,2,106,2,23441,1,3,1,1,5,Lost,100.0,Critical Risk,120084.0
CUST04558,66,42277,726,Self-Employed,158248,24,0,216,12,46242,1,2,2,3,7,At Risk,100.0,Critical Risk,802138.0
CUST04559,49,42922,675,Freelance,282429,36,0,145,25,61620,1,3,4,4,11,Champions,100.0,Critical Risk,3097975.0
CUST04560,52,80035,614,Self-Employed,131545,36,0,137,14,60476,1,3,2,4,9,Loyal,61.3,High Risk,1781166.0
CUST04561,34,54842,639,Business,297437,36,0,112,3,39312,1,3,1,2,6,At Risk,100.0,Critical Risk,289876.0
CUST04562,35,74542,850,Business,96120,60,1,91,11,51826,0,4,2,3,9,Loyal,43.3,Medium Risk,1632011.0
CUST04563,52,64685,727,Salaried,167495,24,0,178,7,15374,0,3,1,1,5,Lost,75.4,Critical Risk,183126.0
CUST04564,39,51305,741,Business,111852,24,1,8,12,17032,0,4,2,1,7,At Risk,62.2,High Risk,1676408.0
CUST04565,30,56180,653,Self-Employed,62604,12,2,220,6,36493,1,2,1,2,5,Lost,74.7,High Risk,311578.0
CUST04566,35,58147,609,Freelance,269286,12,1,176,2,72889,1,3,1,4,8,Loyal,100.0,Critical Risk,250395.0
CUST04567,43,38478,593,Salaried,303794,36,0,358,19,41228,1,1,3,2,6,At Risk,100.0,Critical Risk,724756.0
CUST04568,59,65072,748,Self-Employed,191899,48,0,42,1,69027,0,4,1,4,9,Loyal,69.9,High Risk,320954.0
CUST04569,50,58123,456,Salaried,211588,48,1,95,12,21553,1,3,2,1,6,At Risk,100.0,Critical Risk,717887.0
CUST04570,62,44708,749,Freelance,321183,36,0,121,18,35285,1,3,3,2,8,Loyal,100.0,Critical Risk,1471889.0
CUST04571,26,54823,725,Self-Employed,100008,48,1,132,16,5000,1,3,3,1,7,At Risk,66.4,High Risk,173294.0
CUST04572,26,15000,650,Salaried,246884,60,3,24,4,44799,1,4,1,2,7,At Risk,100.0,Critical Risk,1081100.0
CUST04573,51,52743,750,Salaried,167149,60,0,266,21,50382,0,2,3,3,8,Loyal,92.5,Critical Risk,1276622.0
CUST04574,22,78322,827,Self-Employed,72085,12,1,127,26,66446,0,3,4,4,11,Champions,40.5,Medium Risk,3856713.0
CUST04575,54,49507,781,Business,148783,12,0,189,26,74729,0,2,4,4,10,Champions,80.7,Critical Risk,3144914.0
CUST04576,52,73411,428,Business,310015,36,2,197,14,24780,1,2,2,1,5,Lost,100.0,Critical Risk,542295.0
CUST04577,24,55287,597,Salaried,281761,12,1,137,5,20587,1,3,1,1,5,Lost,100.0,Critical Risk,216549.0
CUST04578,56,70911,648,Self-Employed,89232,60,1,273,21,52338,1,1,3,3,7,At Risk,72.3,High Risk,1296190.0
CUST04579,35,39958,697,Salaried,267524,24,0,299,6,65752,1,1,1,4,6,At Risk,100.0,Critical Risk,429201.0
CUST04580,43,43161,679,Freelance,147585,12,0,64,13,37823,0,4,2,2,8,Loyal,86.1,Critical Risk,1785772.0
CUST04581,28,59101,648,Freelance,161001,36,1,101,24,30312,1,3,4,1,8,Loyal,87.5,Critical Risk,1931150.0
CUST04582,54,46544,635,Salaried,290130,12,0,15,4,48048,1,4,1,3,8,Loyal,100.0,Critical Risk,1362137.0
CUST04583,28,34588,832,Salaried,282730,24,1,260,16,43426,0,2,3,2,7,At Risk,100.0,Critical Risk,855338.0
CUST04584,32,31682,678,Business,317342,60,0,113,6,44163,1,3,1,2,6,At Risk,100.0,Critical Risk,646936.0
CUST04585,44,22830,638,Salaried,20000,12,2,335,7,30924,1,1,1,1,3,Lost,80.5,Critical Risk,212681.0
CUST04586,58,39928,767,Self-Employed,48025,36,1,74,8,44773,0,4,2,2,8,Loyal,46.2,Medium Risk,1183142.0
CUST04587,48,31332,634,Self-Employed,126526,12,0,9,20,29025,1,4,3,1,8,Loyal,97.2,Critical Risk,4656758.0
CUST04588,61,56519,757,Business,222069,36,1,40,21,21788,1,4,3,1,8,Loyal,98.6,Critical Risk,2183072.0
CUST04589,22,76046,653,Salaried,91541,36,0,57,10,18466,1,4,2,1,7,At Risk,43.1,Medium Risk,720865.0
CUST04590,33,56115,688,Salaried,255843,48,1,23,13,42588,1,4,2,2,8,Loyal,100.0,Critical Risk,3396304.0
CUST04591,52,51595,615,Salaried,130302,36,2,25,7,16263,1,4,1,1,6,At Risk,89.7,Critical Risk,675642.0
CUST04592,38,50381,773,Freelance,116665,60,0,24,4,55183,0,4,1,3,8,Loyal,53.9,High Risk,1331689.0
CUST04593,60,30295,594,Salaried,99236,12,2,362,7,5000,1,1,1,1,3,Lost,100.0,Critical Risk,32058.0
CUST04594,56,32640,489,Business,101618,60,1,316,14,31070,1,1,2,2,5,Lost,100.0,Critical Risk,450405.0
CUST04595,56,32424,682,Self-Employed,389454,24,2,137,22,37433,1,3,4,2,9,Loyal,100.0,Critical Risk,1732490.0
CUST04596,67,40497,644,Salaried,102634,12,0,328,26,66047,1,1,4,4,9,Loyal,92.6,Critical Risk,1719578.0
CUST04597,58,15000,547,Business,41221,60,1,329,19,55580,1,1,3,3,7,At Risk,100.0,Critical Risk,1054575.0
CUST04598,58,68753,644,Business,122316,24,1,21,10,8811,1,4,2,1,7,At Risk,62.3,High Risk,559307.0
CUST04599,30,53276,723,Salaried,236662,36,1,290,1,41597,1,1,1,2,4,Lost,100.0,Critical Risk,46502.0
CUST04600,52,82320,609,Salaried,158230,48,1,123,8,5000,1,3,2,1,6,At Risk,76.1,Critical Risk,91536.0
CUST04601,44,76832,618,Freelance,183359,12,1,94,12,52306,1,3,2,3,8,Loyal,82.3,Critical Risk,1755558.0
CUST04602,62,72128,670,Salaried,20000,24,0,91,20,29391,0,4,3,1,8,Loyal,26.1,Medium Risk,1682779.0
CUST04603,45,33237,706,Salaried,125738,36,1,160,19,39215,1,3,3,2,8,Loyal,100.0,Critical Risk,1384000.0
CUST04604,49,72948,723,Salaried,152139,36,0,162,19,32993,0,3,3,2,8,Loyal,64.3,High Risk,1152677.0
CUST04605,35,43576,783,Salaried,117088,12,0,141,19,84441,0,3,3,4,10,Champions,70.2,High Risk,3299146.0
CUST04606,55,40310,676,Self-Employed,257733,24,0,122,10,5392,1,3,2,1,6,At Risk,100.0,Critical Risk,124169.0
CUST04607,52,66630,559,Business,157645,48,0,43,2,27318,1,4,1,1,6,At Risk,72.0,High Risk,250845.0
CUST04608,27,51657,536,Freelance,127607,36,1,292,2,49177,1,1,1,3,5,Lost,100.0,Critical Risk,109282.0
CUST04609,66,62423,770,Salaried,121905,60,1,7,28,34746,0,4,4,2,10,Champions,55.5,High Risk,8163313.0
CUST04610,44,51540,624,Business,33084,12,1,98,10,66862,1,3,2,4,9,Loyal,47.3,Medium Risk,1814471.0
CUST04611,43,95183,773,Salaried,232677,60,0,247,27,5855,0,2,4,1,7,At Risk,74.8,High Risk,203531.0
CUST04612,22,24819,570,Salaried,157166,24,2,103,12,83782,1,3,2,4,9,Loyal,100.0,Critical Risk,2630575.0
CUST04613,58,41845,702,Salaried,314086,12,1,64,3,56686,1,4,1,3,8,Loyal,100.0,Critical Risk,617624.0
CUST04614,57,64453,646,Salaried,212571,36,3,305,23,30525,1,1,4,1,6,At Risk,100.0,Critical Risk,750388.0
CUST04615,60,54372,678,Salaried,112595,24,1,295,16,52804,0,1,3,3,7,At Risk,88.2,Critical Risk,930242.0
CUST04616,48,68828,709,Salaried,178079,36,2,318,23,51577,1,1,4,3,8,Loyal,100.0,Critical Risk,1221407.0
CUST04617,56,53966,684,Salaried,178502,24,0,239,13,52811,1,2,2,3,7,At Risk,97.9,Critical Risk,909576.0
CUST04618,61,48567,537,Self-Employed,113608,12,0,286,1,35397,1,1,1,2,4,Lost,93.1,Critical Risk,40062.0
CUST04619,44,59529,674,Self-Employed,111255,36,0,326,15,18773,1,1,3,1,5,Lost,77.0,Critical Risk,283537.0
CUST04620,34,74174,646,Freelance,104388,36,3,322,25,37756,1,1,4,2,7,At Risk,99.4,Critical Risk,961014.0
CUST04621,65,67457,699,Salaried,164599,12,1,162,1,58780,1,3,1,4,8,Loyal,83.1,Critical Risk,108084.0
CUST04622,51,26809,644,Salaried,20000,12,1,191,1,84468,1,2,1,4,7,At Risk,55.6,High Risk,135520.0
CUST04623,66,49456,659,Self-Employed,102665,24,1,230,29,14216,1,2,4,1,7,At Risk,84.3,Critical Risk,564639.0
CUST04624,49,69909,647,Salaried,342782,48,3,247,17,50280,1,2,3,3,8,Loyal,100.0,Critical Risk,1100485.0
CUST04625,26,24258,474,Salaried,206536,36,1,359,9,47648,1,1,2,3,6,At Risk,100.0,Critical Risk,395762.0
CUST04626,42,32694,721,Self-Employed,171416,24,1,62,8,61389,1,4,2,4,10,Champions,100.0,Critical Risk,1819857.0
CUST04627,42,53611,752,Salaried,176901,12,0,72,17,30845,0,4,3,1,8,Loyal,79.0,Critical Risk,1763993.0
CUST04628,32,33110,808,Salaried,180022,36,3,14,24,55433,1,4,4,3,11,Champions,100.0,Critical Risk,9615705.0
CUST04629,27,70986,718,Freelance,213188,12,3,135,9,22956,1,3,2,1,6,At Risk,100.0,Critical Risk,439711.0
CUST04630,65,70483,559,Salaried,183318,60,1,96,29,64463,1,3,4,4,11,Champions,91.1,Critical Risk,5149742.0
CUST04631,56,61883,754,Salaried,155449,24,2,135,23,45866,1,3,4,3,10,Champions,88.3,Critical Risk,2245161.0
CUST04632,29,68744,701,Self-Employed,194737,24,0,298,20,43755,1,1,3,2,6,At Risk,92.0,Critical Risk,954892.0
CUST04633,38,39323,649,Salaried,169961,36,2,62,26,60844,1,4,4,4,12,Champions,100.0,Critical Risk,5862026.0
CUST04634,47,47660,804,Salaried,219350,60,1,14,6,41450,1,4,1,2,7,At Risk,100.0,Critical Risk,1797535.0
CUST04635,36,74099,646,Self-Employed,99033,36,1,72,2,43971,1,4,1,2,7,At Risk,57.5,High Risk,295842.0
CUST04636,23,44265,618,Business,255862,48,1,174,25,86388,1,3,4,4,11,Champions,100.0,Critical Risk,3744848.0
CUST04637,61,31130,704,Salaried,174418,36,0,148,23,49689,1,3,4,3,10,Champions,100.0,Critical Risk,2260917.0
CUST04638,22,62468,686,Freelance,96292,24,1,347,21,45768,1,1,3,3,7,At Risk,81.3,Critical Risk,914763.0
CUST04639,64,79336,711,Business,262112,48,0,331,8,67427,0,1,2,4,7,At Risk,100.0,Critical Risk,535747.0
CUST04640,53,78800,582,Business,270137,48,2,109,23,66260,1,3,4,4,11,Champions,100.0,Critical Risk,3823043.0
CUST04641,63,108870,580,Salaried,296360,48,2,83,13,5000,1,4,2,1,7,At Risk,100.0,Critical Risk,198536.0
CUST04642,49,60776,784,Self-Employed,257994,24,2,354,5,83856,1,1,1,4,6,At Risk,100.0,Critical Risk,391901.0
CUST04643,52,51517,682,Business,264374,48,1,229,25,26605,1,2,4,1,7,At Risk,100.0,Critical Risk,914390.0
CUST04644,50,69144,688,Salaried,146687,48,0,287,1,39724,1,1,1,2,4,Lost,77.8,Critical Risk,44820.0
CUST04645,60,59899,632,Salaried,239674,36,1,95,14,21603,1,3,2,1,6,At Risk,100.0,Critical Risk,839478.0
CUST04646,26,56396,596,Salaried,259576,24,2,130,14,23108,1,3,2,1,6,At Risk,100.0,Critical Risk,709200.0
CUST04647,40,51915,669,Business,96638,48,1,99,10,16054,1,3,2,1,6,At Risk,68.5,High Risk,432451.0
CUST04648,38,58032,651,Salaried,312320,36,0,21,23,40933,1,4,4,2,10,Champions,100.0,Critical Risk,5976218.0
CUST04649,51,59068,774,Salaried,115302,60,1,81,10,5000,0,4,2,1,7,At Risk,61.2,High Risk,155319.0
CUST04650,63,57336,623,Salaried,118092,24,1,63,15,20370,1,4,3,1,8,Loyal,72.9,High Risk,1120862.0
CUST04651,40,71991,561,Freelance,246604,36,0,229,14,45327,1,2,2,3,7,At Risk,100.0,Critical Risk,872395.0
CUST04652,27,21862,685,Salaried,304054,48,2,166,27,23827,1,3,4,1,8,Loyal,100.0,Critical Risk,1159581.0
CUST04653,57,65724,660,Salaried,269233,48,1,22,3,38105,1,4,1,2,7,At Risk,100.0,Critical Risk,713247.0
CUST04654,46,53239,793,Salaried,156454,36,3,191,13,63734,1,2,2,4,8,Loyal,100.0,Critical Risk,1329309.0
CUST04655,43,57921,762,Freelance,130338,12,0,99,6,49647,0,3,1,3,7,At Risk,59.5,High Risk,802413.0
CUST04656,59,99491,685,Business,146109,24,0,245,13,48711,0,2,2,3,7,At Risk,61.5,High Risk,821079.0
CUST04657,28,71039,600,Salaried,20000,12,0,15,15,41695,0,4,3,2,9,Loyal,25.0,Medium Risk,4432624.0
CUST04658,50,37012,614,Business,233059,36,2,336,15,46814,1,1,3,3,7,At Risk,100.0,Critical Risk,688072.0
CUST04659,34,76492,650,Self-Employed,130087,60,0,149,6,55887,1,3,1,3,7,At Risk,60.8,High Risk,659798.0
CUST04660,41,60645,416,Salaried,164459,12,0,42,3,30491,1,4,1,1,6,At Risk,89.3,Critical Risk,425320.0
CUST04661,38,43060,800,Salaried,196873,60,1,56,8,64607,0,4,2,4,10,Champions,100.0,Critical Risk,2039486.0
CUST04662,32,70237,690,Business,249349,24,0,318,28,47526,1,1,4,3,8,Loyal,100.0,Critical Risk,1370143.0
CUST04663,37,54627,484,Salaried,204415,48,0,238,24,26172,1,2,4,1,7,At Risk,100.0,Critical Risk,835216.0
CUST04664,51,63560,763,Business,141385,36,1,354,29,45928,0,1,4,3,8,Loyal,89.9,Critical Risk,1244937.0
CUST04665,66,73762,785,Self-Employed,171537,12,0,103,29,50151,0,3,4,3,10,Champions,59.7,High Risk,3805364.0
CUST04666,53,75952,615,Business,234155,48,0,348,9,76775,1,1,2,4,7,At Risk,100.0,Critical Risk,655932.0
CUST04667,25,31026,737,Self-Employed,152108,36,3,141,19,40602,1,3,3,2,8,Loyal,100.0,Critical Risk,1586337.0
CUST04668,55,36916,629,Salaried,23657,60,0,223,28,35362,1,2,4,2,8,Loyal,47.2,Medium Risk,1392677.0
CUST04669,49,24740,764,Salaried,161776,48,0,88,24,68946,1,4,4,4,12,Champions,100.0,Critical Risk,4851140.0
CUST04670,23,44551,558,Self-Employed,164142,24,2,133,28,42692,1,3,4,2,9,Loyal,100.0,Critical Risk,2574114.0
CUST04671,33,52295,703,Self-Employed,153785,24,1,27,1,14889,1,4,1,1,6,At Risk,81.7,Critical Risk,85582.0
CUST04672,27,68586,699,Self-Employed,295168,48,2,21,12,30197,1,4,2,1,7,At Risk,100.0,Critical Risk,2300224.0
CUST04673,28,57287,781,Salaried,248517,24,2,244,11,60415,1,2,2,4,8,Loyal,100.0,Critical Risk,864764.0
CUST04674,25,41779,577,Salaried,161037,36,2,174,13,29892,1,3,2,1,6,At Risk,100.0,Critical Risk,673813.0
CUST04675,30,36177,646,Freelance,112021,24,2,171,17,66551,1,3,3,4,10,Champions,100.0,Critical Risk,1990115.0
CUST04676,22,67579,707,Self-Employed,254278,24,1,274,12,25344,1,1,2,1,4,Lost,100.0,Critical Risk,357510.0
CUST04677,27,58315,841,Self-Employed,186619,48,0,65,26,13670,0,4,4,1,9,Loyal,70.0,High Risk,1278111.0
CUST04678,43,73791,672,Salaried,126297,60,1,32,3,51340,1,4,1,3,8,Loyal,59.8,High Risk,820691.0
CUST04679,43,58768,672,Salaried,141452,48,1,364,24,17711,1,1,4,1,6,At Risk,100.0,Critical Risk,387387.0
CUST04680,30,36037,590,Self-Employed,115302,60,0,291,15,25334,1,1,3,1,5,Lost,100.0,Critical Risk,423523.0
CUST04681,26,66043,649,Self-Employed,248944,36,3,88,21,56460,1,4,3,3,10,Champions,100.0,Critical Risk,3476031.0
CUST04682,50,58778,629,Salaried,164553,36,0,346,19,84907,1,1,3,4,8,Loyal,100.0,Critical Risk,1539425.0
CUST04683,67,60511,757,Freelance,72096,36,1,27,2,25645,0,4,1,1,6,At Risk,42.8,Medium Risk,294817.0
CUST04684,47,52137,553,Self-Employed,206799,24,0,213,1,41440,1,2,1,2,5,Lost,100.0,Critical Risk,60624.0
CUST04685,55,55852,691,Salaried,65400,60,0,91,20,68767,0,4,3,4,11,Champions,42.5,Medium Risk,3937248.0
CUST04686,28,71954,785,Salaried,224156,48,1,59,3,33832,1,4,1,2,7,At Risk,81.9,Critical Risk,387917.0
CUST04687,37,53963,624,Salaried,276704,48,1,244,14,54784,1,2,2,3,7,At Risk,100.0,Critical Risk,998026.0
CUST04688,29,59207,557,Salaried,111056,60,0,228,6,59758,1,2,1,4,7,At Risk,77.6,Critical Risk,494783.0
CUST04689,51,41174,638,Salaried,239270,60,1,175,5,35203,1,3,1,2,6,At Risk,100.0,Critical Risk,303761.0
CUST04690,54,16783,658,Self-Employed,186879,12,0,274,17,67952,1,1,3,4,8,Loyal,100.0,Critical Risk,1357946.0
CUST04691,56,37945,673,Self-Employed,229884,36,0,268,16,36631,1,2,3,2,7,At Risk,100.0,Critical Risk,702545.0
CUST04692,43,60329,799,Salaried,173602,48,0,363,20,43560,0,1,3,2,6,At Risk,91.1,Critical Risk,795965.0
CUST04693,35,64090,615,Salaried,189322,24,0,281,7,41395,1,1,1,2,4,Lost,99.3,Critical Risk,333116.0
CUST04694,54,73675,760,Salaried,141251,24,1,302,17,34728,0,1,3,2,6,At Risk,79.7,Critical Risk,636595.0
CUST04695,45,38724,724,Salaried,260470,12,0,216,29,40161,1,2,4,2,8,Loyal,100.0,Critical Risk,1683581.0
CUST04696,60,43530,648,Freelance,133050,48,1,98,11,53563,1,3,2,3,8,Loyal,93.9,Critical Risk,1598925.0
CUST04697,28,79012,704,Salaried,189364,48,1,215,11,68933,1,2,2,4,8,Loyal,86.2,Critical Risk,1100461.0
CUST04698,62,32430,682,Self-Employed,211468,12,0,349,9,45694,1,1,2,3,6,At Risk,100.0,Critical Risk,389377.0
CUST04699,67,64876,728,Freelance,222831,24,0,159,4,23500,0,3,1,1,5,Lost,90.6,Critical Risk,175499.0
CUST04700,51,81145,777,Self-Employed,237357,60,0,29,8,29743,0,4,2,1,7,At Risk,66.2,High Risk,1325947.0
CUST04701,65,64230,696,Salaried,133328,36,0,226,3,53391,1,2,1,3,6,At Risk,71.3,High Risk,222717.0
CUST04702,67,31130,836,Salaried,144869,60,1,331,28,62690,0,1,4,4,9,Loyal,100.0,Critical Risk,1743379.0
CUST04703,58,44464,491,Freelance,336939,36,0,176,14,46120,1,3,2,3,8,Loyal,100.0,Critical Risk,1109050.0
CUST04704,63,45083,675,Salaried,107158,48,1,223,15,78702,1,2,3,4,9,Loyal,88.6,Critical Risk,1660476.0
CUST04705,63,72218,743,Business,223069,24,1,177,12,39276,1,3,2,2,7,At Risk,94.1,Critical Risk,805756.0
CUST04706,59,66005,675,Business,255731,60,2,284,15,87920,1,1,3,4,8,Loyal,100.0,Critical Risk,1501910.0
CUST04707,62,80503,759,Self-Employed,220110,60,1,314,22,36299,1,1,4,2,7,At Risk,97.1,Critical Risk,831615.0
CUST04708,31,55904,650,Freelance,153686,12,3,172,27,52660,1,3,4,3,10,Champions,100.0,Critical Risk,2489037.0
CUST04709,26,61113,688,Salaried,175692,24,2,275,13,46276,1,1,2,3,6,At Risk,100.0,Critical Risk,704910.0
CUST04710,54,42540,683,Self-Employed,202052,36,0,216,1,67684,1,2,1,4,7,At Risk,100.0,Critical Risk,97840.0
CUST04711,52,66118,690,Business,228477,12,2,201,8,37094,1,2,2,2,6,At Risk,100.0,Critical Risk,456061.0
CUST04712,32,55176,850,Salaried,288535,36,1,103,14,47218,0,3,2,3,8,Loyal,100.0,Critical Risk,1729634.0
CUST04713,67,75805,724,Salaried,186375,24,1,152,21,33734,0,3,3,2,8,Loyal,80.8,Critical Risk,1371730.0
CUST04714,63,31337,741,Business,299816,48,0,66,15,36114,1,4,3,2,9,Loyal,100.0,Critical Risk,1929016.0
CUST04715,49,81395,647,Salaried,251800,24,3,257,19,32979,1,2,3,2,7,At Risk,100.0,Critical Risk,779248.0
CUST04716,49,67713,669,Business,110641,60,1,53,4,28520,1,4,1,1,6,At Risk,60.2,High Risk,465242.0
CUST04717,30,19908,632,Salaried,228651,36,0,6,11,54110,1,4,2,3,9,Loyal,100.0,Critical Risk,5111804.0
CUST04718,31,66130,638,Salaried,175447,60,3,176,21,41542,1,3,3,2,8,Loyal,100.0,Critical Risk,1498444.0
CUST04719,31,63601,617,Salaried,103665,12,0,68,16,30846,1,4,3,1,8,Loyal,55.1,High Risk,1723834.0
CUST04720,54,25856,733,Salaried,77079,48,1,172,5,51319,1,3,1,3,7,At Risk,92.3,Critical Risk,449195.0
CUST04721,32,42217,799,Business,145810,48,2,215,10,70118,1,2,2,4,8,Loyal,100.0,Critical Risk,1017617.0
CUST04722,44,32330,694,Salaried,272902,24,0,311,16,6975,1,1,3,1,5,Lost,100.0,Critical Risk,117220.0
CUST04723,39,62787,622,Salaried,203078,12,0,190,28,44751,1,2,4,2,8,Loyal,96.9,Critical Risk,2019228.0
CUST04724,66,79434,684,Freelance,224019,24,0,205,24,58830,1,2,4,4,10,Champions,85.3,Critical Risk,2133958.0
CUST04725,31,43696,619,Salaried,231552,60,1,349,23,54011,1,1,4,3,8,Loyal,100.0,Critical Risk,1176193.0
CUST04726,64,63906,708,Salaried,229003,36,1,21,22,10949,1,4,4,1,9,Loyal,93.7,Critical Risk,1529052.0
CUST04727,67,40087,733,Salaried,169000,60,1,165,15,13716,1,3,3,1,7,At Risk,100.0,Critical Risk,372680.0
CUST04728,28,48668,577,Salaried,127319,24,2,212,18,43707,1,2,3,2,7,At Risk,100.0,Critical Risk,1155553.0
CUST04729,29,69686,760,Salaried,196444,48,2,291,6,52081,1,1,1,3,5,Lost,100.0,Critical Risk,348267.0
CUST04730,50,17934,594,Salaried,113363,60,0,72,9,63375,1,4,2,4,10,Champions,100.0,Critical Risk,1918773.0
CUST04731,59,68474,646,Self-Employed,171976,48,0,92,12,57719,1,3,2,3,8,Loyal,72.6,High Risk,1967387.0
CUST04732,31,35647,567,Salaried,131996,60,0,83,14,51706,1,4,2,3,9,Loyal,100.0,Critical Risk,2211026.0
CUST04733,67,69343,628,Salaried,238067,60,2,213,16,22069,1,2,3,1,6,At Risk,100.0,Critical Risk,516565.0
CUST04734,26,72500,793,Salaried,227433,48,2,249,18,44833,1,2,3,2,7,At Risk,100.0,Critical Risk,1031709.0
CUST04735,63,36965,652,Salaried,31537,24,0,202,23,26283,0,2,4,1,7,At Risk,48.1,Medium Risk,925140.0
CUST04736,63,76242,657,Salaried,193530,60,1,86,16,50074,1,4,3,3,10,Champions,81.9,Critical Risk,2387201.0
CUST04737,40,61514,728,Salaried,167382,60,0,2,19,51260,1,4,3,3,10,Champions,63.5,High Risk,9233457.0
CUST04738,51,76134,471,Salaried,193166,36,2,45,23,33141,1,4,4,2,10,Champions,100.0,Critical Risk,3413726.0
CUST04739,63,44814,745,Salaried,163589,60,1,305,24,70206,0,1,4,4,9,Loyal,100.0,Critical Risk,1800892.0
CUST04740,32,57771,766,Salaried,314018,48,1,20,22,50204,1,4,4,3,11,Champions,100.0,Critical Risk,7135188.0
CUST04741,41,78770,674,Business,244690,48,1,303,12,38036,1,1,2,2,5,Lost,100.0,Critical Risk,490715.0
CUST04742,56,47024,650,Salaried,256522,48,0,15,22,52791,1,4,4,3,11,Champions,100.0,Critical Risk,8231296.0
CUST04743,66,40737,808,Business,195588,12,0,326,3,74552,0,1,1,4,6,At Risk,100.0,Critical Risk,225198.0
CUST04744,60,44616,679,Business,97432,12,0,289,21,56886,1,1,3,3,7,At Risk,79.9,Critical Risk,1339574.0
CUST04745,33,63562,773,Salaried,211502,36,1,271,20,26867,1,2,3,1,6,At Risk,100.0,Critical Risk,637818.0
CUST04746,34,79142,651,Self-Employed,55580,36,2,115,13,37518,1,3,2,2,7,At Risk,58.0,High Risk,1175069.0
CUST04747,65,51030,715,Salaried,122526,36,1,88,29,66307,1,4,4,4,12,Champions,75.1,Critical Risk,5637426.0
CUST04748,65,58925,637,Business,134191,36,1,8,9,47911,1,4,2,3,9,Loyal,71.7,High Risk,3536801.0
CUST04749,51,62479,588,Salaried,310314,36,0,285,20,22361,1,1,3,1,5,Lost,100.0,Critical Risk,507730.0
CUST04750,64,81718,850,Self-Employed,175154,60,2,299,15,68453,0,1,3,4,8,Loyal,87.4,Critical Risk,1117080.0
CUST04751,47,55175,659,Salaried,92780,12,3,354,7,61914,1,1,1,4,6,At Risk,100.0,Critical Risk,405097.0
CUST04752,48,46145,516,Business,115414,48,1,280,12,41225,1,1,2,2,5,Lost,100.0,Critical Risk,570507.0
CUST04753,60,30101,670,Self-Employed,229736,60,1,140,25,56377,1,3,4,3,10,Champions,100.0,Critical Risk,2914675.0
CUST04754,35,17402,634,Salaried,264914,36,2,273,5,60869,1,1,1,4,6,At Risk,100.0,Critical Risk,358921.0
CUST04755,29,49931,620,Business,98317,36,0,233,13,32705,1,2,2,2,6,At Risk,75.3,Critical Risk,575826.0
CUST04756,27,57172,794,Salaried,203903,12,0,106,11,43548,0,3,2,2,7,At Risk,84.1,Critical Risk,1226984.0
CUST04757,40,47117,638,Business,234757,60,0,327,6,76761,1,1,1,4,6,At Risk,100.0,Critical Risk,462467.0
CUST04758,37,41316,722,Business,294458,36,1,142,22,63281,1,3,4,4,11,Champions,100.0,Critical Risk,2846759.0
CUST04759,28,22796,772,Business,153386,24,2,259,22,19217,1,2,4,1,7,At Risk,100.0,Critical Risk,522208.0
CUST04760,63,61495,722,Salaried,125133,12,0,345,13,18671,0,1,2,1,4,Lost,78.4,Critical Risk,232225.0
CUST04761,33,70317,713,Salaried,206885,36,3,170,17,33451,1,3,3,2,8,Loyal,100.0,Critical Risk,1005150.0
CUST04762,61,57513,726,Self-Employed,199577,24,1,119,17,13399,1,3,3,1,7,At Risk,98.2,Critical Risk,534667.0
CUST04763,52,68380,654,Freelance,126223,36,0,215,13,57213,1,2,2,3,7,At Risk,68.8,High Risk,1079426.0
CUST04764,53,50373,689,Business,268331,12,2,364,7,54830,1,1,1,3,5,Lost,100.0,Critical Risk,349789.0
CUST04765,48,82592,508,Self-Employed,246500,48,0,97,8,30504,1,3,2,1,6,At Risk,92.5,Critical Risk,667204.0
CUST04766,36,93535,657,Salaried,181907,48,0,132,23,43447,1,3,4,2,9,Loyal,63.8,High Risk,2164615.0
CUST04767,61,61928,677,Salaried,369362,48,1,214,7,26534,1,2,1,1,4,Lost,100.0,Critical Risk,270636.0
CUST04768,66,31512,617,Self-Employed,260940,24,0,52,27,49649,1,4,4,3,11,Champions,100.0,Critical Risk,5528711.0
CUST04769,49,46182,721,Self-Employed,234337,12,1,159,13,38500,1,3,2,2,7,At Risk,100.0,Critical Risk,934437.0
CUST04770,59,65449,789,Self-Employed,88730,24,0,274,24,45966,0,1,4,3,8,Loyal,54.1,High Risk,1296819.0
CUST04771,43,62518,704,Self-Employed,273802,36,2,123,27,43331,1,3,4,2,9,Loyal,100.0,Critical Risk,2677285.0
CUST04772,56,62283,653,Business,20000,60,2,10,3,68059,1,4,1,4,9,Loyal,41.6,Medium Risk,1602680.0
CUST04773,24,50684,673,Freelance,146311,36,1,272,23,28979,1,2,4,1,7,At Risk,100.0,Critical Risk,788586.0
CUST04774,33,69428,850,Salaried,135555,24,0,260,10,62369,0,2,2,4,8,Loyal,60.4,High Risk,767780.0
CUST04775,25,58644,726,Salaried,211452,48,0,156,26,44359,1,3,4,2,9,Loyal,94.0,Critical Risk,2186841.0
CUST04776,62,42293,785,Salaried,67410,36,2,351,16,10215,0,1,3,1,5,Lost,85.5,Critical Risk,153950.0
CUST04777,46,83996,744,Salaried,159414,12,1,287,4,48392,0,1,1,3,5,Lost,79.3,Critical Risk,218400.0
CUST04778,41,66314,679,Self-Employed,146548,48,0,33,2,6234,1,4,1,1,6,At Risk,59.3,High Risk,65479.0
CUST04779,53,58142,577,Self-Employed,240980,36,1,362,26,41102,1,1,4,2,7,At Risk,100.0,Critical Risk,978816.0
CUST04780,31,59559,714,Salaried,106977,60,2,84,21,71792,1,4,3,4,11,Champions,72.7,High Risk,4566686.0
CUST04781,60,47910,563,Salaried,320313,36,0,160,17,12963,1,3,3,1,7,At Risk,100.0,Critical Risk,409341.0
CUST04782,60,15000,660,Salaried,323376,36,0,111,1,35577,1,3,1,2,6,At Risk,100.0,Critical Risk,88038.0
CUST04783,60,51338,840,Self-Employed,295627,60,0,187,9,38597,0,2,2,2,6,At Risk,100.0,Critical Risk,567298.0
CUST04784,58,48303,671,Freelance,56101,24,0,233,4,44115,0,2,1,2,5,Lost,55.4,High Risk,238990.0
CUST04785,38,78925,615,Salaried,268279,48,2,310,12,57216,1,1,2,3,6,At Risk,100.0,Critical Risk,723250.0
CUST04786,66,58495,775,Salaried,202662,12,0,114,25,13563,0,3,4,1,8,Loyal,84.1,Critical Risk,822341.0
CUST04787,36,58541,787,Salaried,273193,60,0,278,23,56746,0,1,4,3,8,Loyal,100.0,Critical Risk,1514730.0
CUST04788,67,46604,659,Self-Employed,317529,24,2,196,18,49021,1,2,3,3,8,Loyal,100.0,Critical Risk,1385239.0
CUST04789,67,34688,525,Freelance,182134,24,0,318,23,11372,1,1,4,1,6,At Risk,100.0,Critical Risk,269303.0
CUST04790,56,72534,709,Salaried,65199,36,1,257,3,58448,0,2,1,4,7,At Risk,59.4,High Risk,218060.0
CUST04791,64,44187,666,Salaried,35671,12,0,6,8,47867,0,4,2,3,9,Loyal,30.0,Medium Risk,3288744.0
CUST04792,52,38805,840,Salaried,64432,48,0,238,5,63406,0,2,1,4,7,At Risk,53.5,High Risk,421552.0
CUST04793,59,72543,652,Business,248371,48,1,224,8,5000,1,2,2,1,5,Lost,100.0,Critical Risk,56046.0
CUST04794,39,67302,545,Business,344388,12,0,121,11,47892,1,3,2,3,8,Loyal,100.0,Critical Risk,1220866.0
CUST04795,60,65961,788,Self-Employed,252917,24,1,164,19,30812,0,3,3,1,7,At Risk,100.0,Critical Risk,1065742.0
CUST04796,39,15000,664,Business,196035,24,0,74,6,52014,1,4,1,3,8,Loyal,100.0,Critical Risk,1030866.0
CUST04797,29,73496,657,Self-Employed,127735,48,2,68,9,74488,1,4,2,4,10,Champions,74.4,High Risk,2341561.0
CUST04798,66,85943,726,Self-Employed,224834,24,1,234,12,47702,1,2,2,3,7,At Risk,90.6,Critical Risk,772402.0
CUST04799,27,36382,825,Salaried,20000,36,1,336,23,72685,0,1,4,4,9,Loyal,50.4,High Risk,1638096.0
CUST04800,30,33308,562,Salaried,201537,24,2,154,1,19744,1,3,1,1,5,Lost,100.0,Critical Risk,37830.0
CUST04801,67,45983,674,Salaried,112857,36,1,102,28,69316,1,3,4,4,11,Champions,80.3,Critical Risk,5114870.0
CUST04802,30,64462,682,Salaried,334542,12,0,17,6,37135,1,4,1,2,7,At Risk,100.0,Critical Risk,1520106.0
CUST04803,45,79343,570,Self-Employed,176190,60,0,122,13,34715,1,3,2,2,7,At Risk,74.8,High Risk,1039260.0
CUST04804,57,89232,740,Business,204794,24,0,186,22,87891,0,2,4,4,10,Champions,69.2,High Risk,3171976.0
CUST04805,33,45783,740,Freelance,20000,24,0,52,10,59237,0,4,2,4,10,Champions,21.0,Low Risk,2443108.0
CUST04806,26,41696,688,Freelance,203840,12,0,59,9,17765,1,4,2,1,7,At Risk,100.0,Critical Risk,611079.0
CUST04807,42,45243,652,Self-Employed,60407,24,1,342,8,22333,1,1,2,1,4,Lost,79.2,Critical Risk,172292.0
CUST04808,45,54711,730,Business,156412,36,1,39,17,47942,1,4,3,3,10,Champions,79.1,Critical Risk,3940134.0
CUST04809,59,51283,708,Business,306072,48,0,344,24,5000,1,1,4,1,6,At Risk,100.0,Critical Risk,115112.0
CUST04810,51,56123,596,Business,127653,36,2,253,26,63828,1,2,4,4,10,Champions,100.0,Critical Risk,2092324.0
CUST04811,47,64691,626,Salaried,208296,48,0,80,5,56101,1,4,1,3,8,Loyal,87.3,Critical Risk,878835.0
CUST04812,57,15000,615,Business,20000,48,0,323,12,21809,1,1,2,1,4,Lost,70.3,High Risk,265712.0
CUST04813,49,61190,697,Freelance,88385,24,1,324,27,35168,1,1,4,2,7,At Risk,76.6,Critical Risk,961389.0
CUST04814,48,72518,722,Freelance,87773,12,1,221,9,49910,1,2,2,3,7,At Risk,61.7,High Risk,636716.0
CUST04815,41,53392,647,Self-Employed,132484,12,0,156,21,65690,1,3,3,4,10,Champions,77.2,Critical Risk,2615656.0
CUST04816,43,78279,850,Business,154207,60,2,314,25,51145,0,1,4,3,8,Loyal,85.2,Critical Risk,1331521.0
CUST04817,55,64103,693,Self-Employed,159069,60,1,134,14,73783,0,3,2,4,9,Loyal,82.1,Critical Risk,2211326.0
CUST04818,33,86860,682,Business,236649,12,1,137,2,35231,1,3,1,2,6,At Risk,88.0,Critical Risk,148234.0
CUST04819,35,44728,569,Salaried,301061,24,1,295,1,15330,1,1,1,1,3,Lost,100.0,Critical Risk,16879.0
CUST04820,64,69670,589,Salaried,305552,36,0,193,18,45321,1,2,3,3,8,Loyal,100.0,Critical Risk,1297425.0
CUST04821,55,68287,480,Salaried,181679,24,1,232,26,13609,1,2,4,1,7,At Risk,100.0,Critical Risk,481003.0
CUST04822,51,50697,800,Business,217561,48,0,277,9,46933,0,1,2,3,6,At Risk,100.0,Critical Risk,491786.0
CUST04823,56,42195,711,Self-Employed,87059,36,0,128,4,26014,1,3,1,1,5,Lost,61.9,High Risk,230884.0
CUST04824,54,66479,726,Salaried,284037,48,1,117,26,74541,1,3,4,4,11,Champions,100.0,Critical Risk,4608431.0
CUST04825,36,38139,582,Business,208583,60,2,59,28,11881,1,4,4,1,9,Loyal,100.0,Critical Risk,1271454.0
CUST04826,32,69342,654,Self-Employed,182732,36,1,300,7,28580,1,1,1,1,3,Lost,100.0,Critical Risk,217004.0
CUST04827,52,68107,692,Salaried,148118,48,1,86,27,33521,1,4,4,2,10,Champions,72.1,High Risk,2696730.0
CUST04828,45,80786,640,Salaried,221573,36,2,238,14,83753,1,2,2,4,8,Loyal,100.0,Critical Risk,1559118.0
CUST04829,50,53823,850,Salaried,160671,48,0,120,5,39851,0,3,1,2,6,At Risk,69.6,High Risk,464716.0
CUST04830,26,46426,701,Salaried,189111,60,1,13,16,64280,1,4,3,4,11,Champions,100.0,Critical Risk,7583741.0
CUST04831,53,47237,664,Self-Employed,137993,24,0,71,13,56283,1,4,2,3,9,Loyal,77.8,Critical Risk,2484305.0
CUST04832,34,65319,767,Business,170377,24,0,245,28,33171,0,2,4,2,8,Loyal,78.3,Critical Risk,1204290.0
CUST04833,62,69853,606,Business,225072,24,1,111,23,82716,1,3,4,4,11,Champions,100.0,Critical Risk,4707802.0
CUST04834,59,45584,846,Freelance,172478,24,2,35,1,48716,1,4,1,3,8,Loyal,98.8,Critical Risk,248690.0
CUST04835,60,15000,777,Business,72688,12,0,158,16,52958,0,3,3,3,9,Loyal,100.0,Critical Risk,1590101.0
CUST04836,57,86982,737,Salaried,195386,24,0,32,23,49839,0,4,4,3,11,Champions,55.8,High Risk,6108006.0
CUST04837,50,40649,659,Salaried,153965,48,0,117,1,31333,1,3,1,2,6,At Risk,99.3,Critical Risk,74505.0
CUST04838,47,69360,794,Freelance,195315,36,2,54,24,44583,1,4,4,2,10,Champions,84.8,Critical Risk,4315437.0
CUST04839,46,24300,506,Salaried,307471,48,0,359,12,44332,1,1,2,2,5,Lost,100.0,Critical Risk,490959.0
CUST04840,65,41493,638,Salaried,113519,48,2,103,17,61106,1,3,3,4,10,Champions,98.6,Critical Risk,2718012.0
CUST04841,60,52581,559,Salaried,166794,12,2,342,15,30507,1,1,3,1,5,Lost,100.0,Critical Risk,441284.0
CUST04842,39,41148,787,Salaried,99361,24,2,63,11,52346,1,4,2,3,9,Loyal,78.1,Critical Risk,2112253.0
CUST04843,63,65435,694,Salaried,142713,12,0,178,16,66789,1,3,3,4,10,Champions,69.6,High Risk,1818404.0
CUST04844,36,73504,670,Salaried,262396,60,0,114,4,34887,1,3,1,2,6,At Risk,93.9,Critical Risk,338439.0
CUST04845,29,64881,655,Business,235626,12,1,65,15,67952,1,4,3,4,11,Champions,100.0,Critical Risk,3665391.0
CUST04846,30,65252,727,Salaried,262809,36,1,298,14,51166,1,1,2,3,6,At Risk,100.0,Critical Risk,781639.0
CUST04847,26,85724,727,Business,204683,12,1,49,25,59010,1,4,4,4,12,Champions,70.7,High Risk,6297851.0
CUST04848,65,48409,684,Salaried,130769,24,1,154,14,52794,1,3,2,3,8,Loyal,88.8,Critical Risk,1416154.0
CUST04849,63,78987,647,Salaried,22287,60,1,28,5,63505,1,4,1,4,9,Loyal,32.7,Medium Risk,1796847.0
CUST04850,43,77805,634,Salaried,215802,48,0,356,4,16362,1,1,1,1,3,Lost,100.0,Critical Risk,60862.0
CUST04851,65,39485,731,Freelance,232376,48,0,126,7,26348,1,3,1,1,5,Lost,100.0,Critical Risk,414272.0
CUST04852,49,33242,753,Self-Employed,136302,36,0,178,23,18511,0,3,4,1,8,Loyal,100.0,Critical Risk,724475.0
CUST04853,29,71191,584,Salaried,174143,12,2,46,3,41190,1,4,1,2,7,At Risk,92.0,Critical Risk,546704.0
CUST04854,46,68459,719,Salaried,40477,48,0,9,6,7041,0,4,1,1,6,At Risk,22.1,Low Risk,338896.0
CUST04855,53,24391,720,Salaried,256108,24,1,127,14,50189,1,3,2,3,8,Loyal,100.0,Critical Risk,1568598.0
CUST04856,61,70251,660,Salaried,57753,36,2,354,12,45205,1,1,2,3,6,At Risk,79.4,Critical Risk,507037.0
CUST04857,64,48523,617,Salaried,118866,48,1,18,27,43350,1,4,4,2,10,Champions,77.4,Critical Risk,7838794.0
CUST04858,44,58945,574,Salaried,55206,24,3,265,14,10589,1,2,2,1,5,Lost,90.6,Critical Risk,179469.0
CUST04859,33,53815,481,Salaried,254520,60,1,7,8,58832,1,4,2,4,10,Champions,100.0,Critical Risk,3949183.0
CUST04860,58,19721,601,Salaried,159023,60,2,83,3,28432,1,4,1,1,6,At Risk,100.0,Critical Risk,260528.0
CUST04861,66,60148,671,Self-Employed,195859,36,1,225,29,21716,1,2,4,1,7,At Risk,100.0,Critical Risk,879020.0
CUST04862,63,51363,616,Salaried,230281,60,0,59,3,57997,1,4,1,3,8,Loyal,100.0,Critical Risk,664992.0
CUST04863,29,50731,834,Business,191836,36,2,113,20,26171,0,3,3,1,7,At Risk,100.0,Critical Risk,1277915.0
CUST04864,30,66893,672,Self-Employed,111501,12,0,361,19,86492,1,1,3,4,8,Loyal,76.0,Critical Risk,1508986.0
CUST04865,28,84712,714,Business,84486,36,0,292,22,16100,0,1,4,1,6,At Risk,53.8,High Risk,393556.0
CUST04866,29,48504,775,Salaried,306361,36,2,87,15,27644,1,4,3,1,8,Loyal,100.0,Critical Risk,1225513.0
CUST04867,26,51437,739,Salaried,182905,24,3,279,28,37190,1,1,4,2,7,At Risk,100.0,Critical Risk,1204697.0
CUST04868,60,26503,653,Salaried,333152,60,1,299,26,49793,1,1,4,3,8,Loyal,100.0,Critical Risk,1408452.0
CUST04869,65,39269,688,Salaried,143970,12,0,324,15,40728,1,1,3,2,6,At Risk,100.0,Critical Risk,618546.0
CUST04870,40,53976,670,Salaried,46853,36,3,246,21,42182,1,2,3,2,7,At Risk,80.7,Critical Risk,1144513.0
CUST04871,47,75598,665,Salaried,349824,36,0,13,21,25324,1,4,3,1,8,Loyal,100.0,Critical Risk,3921383.0
CUST04872,22,85685,682,Freelance,20000,60,3,230,5,55476,1,2,1,3,6,At Risk,65.8,High Risk,379901.0
CUST04873,33,96069,597,Self-Employed,244391,48,1,318,27,43070,1,1,4,2,7,At Risk,100.0,Critical Risk,1197334.0
CUST04874,66,63682,583,Salaried,85439,24,1,268,15,39766,1,2,3,2,7,At Risk,78.3,Critical Risk,715004.0
CUST04875,40,39665,523,Salaried,165035,24,0,108,10,35054,1,3,2,2,7,At Risk,100.0,Critical Risk,885447.0
CUST04876,31,53253,597,Self-Employed,209573,36,1,183,11,57421,1,2,2,3,7,At Risk,100.0,Critical Risk,1050320.0
CUST04877,53,71471,633,Self-Employed,36070,36,1,357,12,54552,1,1,2,3,6,At Risk,65.2,High Risk,607212.0
CUST04878,35,69012,714,Business,141771,24,0,185,13,59014,0,2,2,4,8,Loyal,66.2,High Risk,1264205.0
CUST04879,51,48096,698,Salaried,248375,12,1,142,7,19520,1,3,1,1,5,Lost,100.0,Critical Risk,279404.0
CUST04880,42,61288,745,Business,206064,48,0,241,12,47912,1,2,2,3,7,At Risk,94.7,Critical Risk,756233.0
CUST04881,40,81747,694,Salaried,41851,60,0,225,17,51162,0,2,3,3,8,Loyal,40.1,Medium Risk,1213997.0
CUST04882,43,55840,744,Business,20000,60,1,13,27,40254,0,4,4,2,10,Champions,25.9,Medium Risk,8014205.0
CUST04883,55,21068,738,Freelance,22008,12,1,74,29,62699,0,4,4,4,12,Champions,45.1,Medium Risk,6006054.0
CUST04884,22,85645,765,Salaried,136339,24,1,13,11,44669,0,4,2,2,8,Loyal,49.1,Medium Risk,3623152.0
CUST04885,26,65216,612,Freelance,237094,60,3,355,24,57031,1,1,4,3,8,Loyal,100.0,Critical Risk,1276096.0
CUST04886,62,71575,773,Salaried,183555,48,0,94,27,35542,0,3,4,2,9,Loyal,64.6,High Risk,2684034.0
CUST04887,44,49072,670,Self-Employed,274179,12,1,73,5,58436,1,4,1,4,9,Loyal,100.0,Critical Risk,973933.0
CUST04888,37,54662,679,Salaried,271331,24,1,187,19,9219,1,2,3,1,6,At Risk,100.0,Critical Risk,286057.0
CUST04889,59,52943,572,Self-Employed,153833,24,1,251,11,48827,1,2,2,3,7,At Risk,100.0,Critical Risk,681880.0
CUST04890,53,73039,632,Self-Employed,180224,24,0,171,1,59365,1,3,1,4,8,Loyal,79.3,Critical Risk,104425.0
CUST04891,59,42248,631,Business,186051,48,1,296,8,57370,1,1,2,3,6,At Risk,100.0,Critical Risk,503821.0
CUST04892,39,51610,524,Salaried,90277,24,1,244,6,37734,1,2,1,2,5,Lost,88.7,Critical Risk,294608.0
CUST04893,27,73432,620,Salaried,199607,60,1,295,14,35955,1,1,2,2,5,Lost,100.0,Critical Risk,554238.0
CUST04894,34,71251,666,Salaried,179641,24,0,120,24,44268,1,3,4,2,9,Loyal,73.7,High Risk,2477877.0
CUST04895,64,52730,741,Freelance,195635,24,1,324,1,33906,0,1,1,2,4,Lost,100.0,Critical Risk,34329.0
CUST04896,42,59283,600,Salaried,147246,36,0,229,8,51396,1,2,2,3,7,At Risk,86.7,Critical Risk,565259.0
CUST04897,54,43160,634,Salaried,90522,12,1,354,23,56055,1,1,4,3,8,Loyal,96.8,Critical Risk,1205075.0
CUST04898,59,30350,754,Salaried,130110,36,0,215,27,43185,0,2,4,2,8,Loyal,100.0,Critical Risk,1692200.0
CUST04899,62,71590,587,Salaried,279088,12,2,231,1,52907,1,2,1,3,6,At Risk,100.0,Critical Risk,72191.0
CUST04900,55,25580,796,Salaried,222059,60,0,266,24,9080,0,2,4,1,7,At Risk,100.0,Critical Risk,262945.0
CUST04901,61,33948,850,Business,241567,48,2,104,9,48504,0,3,2,3,8,Loyal,100.0,Critical Risk,1134061.0
CUST04902,32,60007,560,Business,148586,12,0,121,4,28422,1,3,1,1,5,Lost,80.6,Critical Risk,263467.0
CUST04903,36,81676,613,Self-Employed,220026,36,0,361,10,42035,1,1,2,2,5,Lost,100.0,Critical Risk,385982.0
CUST04904,22,54537,622,Salaried,20562,48,2,172,12,15651,1,3,2,1,6,At Risk,58.3,High Risk,328784.0
CUST04905,59,69095,580,Business,104798,24,0,145,15,75757,1,3,3,4,10,Champions,61.9,High Risk,2285232.0
CUST04906,28,55979,812,Self-Employed,54678,48,2,32,23,27118,0,4,4,1,9,Loyal,44.9,Medium Risk,3323440.0
CUST04907,59,69285,632,Salaried,224160,36,1,231,4,40725,1,2,1,2,5,Lost,100.0,Critical Risk,222275.0
CUST04908,66,36471,791,Salaried,87724,60,0,176,18,34189,0,3,3,2,8,Loyal,66.9,High Risk,1057043.0
CUST04909,55,49992,767,Freelance,98880,60,1,48,5,35928,0,4,1,2,7,At Risk,59.5,High Risk,775960.0
CUST04910,28,51030,832,Salaried,70996,36,0,279,23,68981,0,1,4,4,9,Loyal,52.1,High Risk,1835485.0
CUST04911,51,19478,701,Freelance,186659,36,0,40,28,58216,1,4,4,3,11,Champions,100.0,Critical Risk,7777353.0
CUST04912,66,43235,646,Salaried,258417,36,0,229,16,49701,1,2,3,3,8,Loyal,100.0,Critical Risk,1093235.0
CUST04913,66,79447,669,Self-Employed,40283,60,0,180,9,66010,0,2,2,4,8,Loyal,38.1,Medium Risk,1001584.0
CUST04914,53,53073,636,Business,166658,60,1,258,9,49220,1,2,2,3,7,At Risk,100.0,Critical Risk,549024.0
CUST04915,28,42218,720,Salaried,67756,48,0,145,7,50686,0,3,1,3,7,At Risk,53.5,High Risk,713514.0
CUST04916,64,83090,734,Salaried,225390,36,2,55,17,61634,1,4,3,4,11,Champions,87.2,Critical Risk,4179661.0
CUST04917,25,40014,526,Self-Employed,171369,12,1,54,12,60543,1,4,2,4,10,Champions,100.0,Critical Risk,2930147.0
CUST04918,32,32336,784,Freelance,123431,48,2,285,24,23708,1,1,4,1,6,At Risk,100.0,Critical Risk,645978.0
CUST04919,56,59739,728,Salaried,184060,36,0,139,6,49469,1,3,1,3,7,At Risk,81.9,Critical Risk,617305.0
CUST04920,29,50242,658,Business,121923,36,1,81,14,30628,1,4,2,1,7,At Risk,79.2,Critical Risk,1331992.0
CUST04921,53,33163,614,Self-Employed,224488,12,0,237,10,21131,1,2,2,1,5,Lost,100.0,Critical Risk,282004.0
CUST04922,53,69362,742,Business,93195,24,0,10,5,16461,0,4,1,1,6,At Risk,35.5,Medium Risk,646050.0
CUST04923,26,50834,738,Salaried,239315,60,0,79,9,78071,1,4,2,4,10,Champions,100.0,Critical Risk,2220461.0
CUST04924,59,81060,638,Business,148171,36,2,309,6,51934,1,1,1,3,5,Lost,97.4,Critical Risk,329191.0
CUST04925,46,45612,539,Freelance,112079,36,1,194,3,16719,1,2,1,1,4,Lost,97.7,Critical Risk,79424.0
CUST04926,44,59671,792,Salaried,48655,60,1,346,27,53306,0,1,4,3,8,Loyal,59.0,High Risk,1373413.0
CUST04927,47,41007,528,Freelance,256232,12,1,34,3,27880,1,4,1,1,6,At Risk,100.0,Critical Risk,433030.0
CUST04928,44,33522,694,Business,200058,48,0,97,18,22409,1,3,3,1,7,At Risk,100.0,Critical Risk,1102825.0
CUST04929,43,53527,838,Salaried,180421,12,2,265,2,35769,0,2,1,2,5,Lost,100.0,Critical Risk,86605.0
CUST04930,54,29207,631,Business,175106,12,1,293,3,39837,1,1,1,2,4,Lost,100.0,Critical Risk,132387.0
CUST04931,28,77512,708,Salaried,175814,12,1,92,24,37727,1,3,4,2,9,Loyal,73.3,High Risk,2571895.0
CUST04932,37,36993,639,Self-Employed,110427,12,0,28,27,39929,1,4,4,2,10,Champions,77.3,Critical Risk,6100780.0
CUST04933,51,66811,690,Self-Employed,285722,12,1,327,25,49931,1,1,4,3,8,Loyal,100.0,Critical Risk,1253426.0
CUST04934,30,62169,738,Salaried,147297,48,2,19,26,51989,1,4,4,3,11,Champions,77.1,Critical Risk,8889651.0
CUST04935,49,31986,850,Self-Employed,74785,12,0,223,11,43609,0,2,2,2,6,At Risk,65.1,High Risk,674721.0
CUST04936,41,65663,558,Salaried,288557,48,1,113,3,77827,1,3,1,4,8,Loyal,100.0,Critical Risk,570037.0
CUST04937,54,85641,661,Salaried,353686,12,2,146,5,51496,1,3,1,3,7,At Risk,100.0,Critical Risk,514960.0
CUST04938,32,54745,626,Salaried,109840,12,3,191,21,70674,1,2,3,4,9,Loyal,100.0,Critical Risk,2381170.0
CUST04939,64,34645,801,Self-Employed,171916,24,1,4,29,20134,1,4,4,1,9,Loyal,100.0,Critical Risk,5262182.0
CUST04940,36,87320,818,Salaried,265300,60,0,23,17,58020,1,4,3,3,10,Champions,65.0,High Risk,6050657.0
CUST04941,36,60576,607,Salaried,142917,12,0,15,25,40599,1,4,4,2,10,Champions,66.1,High Risk,7193512.0
CUST04942,54,68354,682,Salaried,144959,24,2,318,14,83873,1,1,2,4,7,At Risk,100.0,Critical Risk,1209001.0
CUST04943,33,65562,709,Business,253678,48,2,99,28,47065,1,3,4,3,10,Champions,100.0,Critical Risk,3549847.0
CUST04944,25,36425,674,Self-Employed,133397,60,0,231,25,45431,1,2,4,3,9,Loyal,100.0,Critical Risk,1549749.0
CUST04945,35,32008,682,Freelance,58264,24,2,319,20,68933,1,1,3,4,8,Loyal,94.8,Critical Risk,1415502.0
CUST04946,67,76178,614,Salaried,168058,48,0,22,8,56137,1,4,2,3,9,Loyal,63.1,High Risk,2802052.0
CUST04947,27,48416,785,Salaried,207855,36,0,171,25,59328,0,3,4,4,11,Champions,100.0,Critical Risk,2609002.0
CUST04948,24,57529,766,Salaried,135666,12,0,220,7,34251,0,2,1,2,5,Lost,71.4,High Risk,341175.0
CUST04949,50,43032,604,Business,62976,36,3,151,10,36988,1,3,2,2,7,At Risk,89.6,Critical Risk,720033.0
CUST04950,58,47101,648,Self-Employed,160313,60,1,165,15,56402,1,3,3,3,9,Loyal,100.0,Critical Risk,1532511.0
CUST04951,63,70682,646,Business,57253,36,0,332,18,45604,0,1,3,3,7,At Risk,58.3,High Risk,813075.0
CUST04952,23,93620,770,Self-Employed,184113,12,1,97,4,57247,0,3,1,3,7,At Risk,63.1,High Risk,626072.0
CUST04953,22,47035,721,Self-Employed,20000,60,0,245,8,65419,0,2,2,4,8,Loyal,38.0,Medium Risk,678591.0
CUST04954,29,56792,637,Business,254277,36,1,280,16,41083,1,1,3,2,6,At Risk,100.0,Critical Risk,758056.0
CUST04955,28,81201,588,Salaried,143979,48,1,60,18,39876,1,4,3,2,9,Loyal,69.4,High Risk,2714874.0
CUST04956,38,52480,630,Self-Employed,349153,24,1,360,4,42795,1,1,1,2,4,Lost,100.0,Critical Risk,157581.0
CUST04957,37,85796,620,Salaried,173964,60,0,263,5,36300,1,2,1,2,5,Lost,78.9,Critical Risk,221194.0
CUST04958,53,63694,574,Salaried,93851,60,2,36,29,35465,1,4,4,2,10,Champions,72.5,High Risk,5177890.0
CUST04959,40,71453,732,Salaried,157553,24,0,115,21,34166,0,3,3,2,8,Loyal,62.1,High Risk,1728597.0
CUST04960,58,43792,771,Business,194734,48,0,316,24,52871,1,1,4,3,8,Loyal,100.0,Critical Risk,1313901.0
CUST04961,54,15000,701,Salaried,60709,48,0,351,16,55221,0,1,3,3,7,At Risk,100.0,Critical Risk,832234.0
CUST04962,67,60963,749,Business,252556,36,3,314,25,33053,1,1,4,2,7,At Risk,100.0,Critical Risk,860510.0
CUST04963,46,30249,606,Freelance,209845,48,1,3,10,77011,1,4,2,4,10,Champions,100.0,Critical Risk,7116206.0
CUST04964,24,68110,593,Salaried,166405,24,0,199,5,23755,1,2,1,1,4,Lost,83.9,Critical Risk,184089.0
CUST04965,65,44228,719,Salaried,42078,36,2,353,18,55864,1,1,3,3,7,At Risk,77.6,Critical Risk,942302.0
CUST04966,58,47486,715,Freelance,256671,48,2,167,25,62007,1,3,4,4,11,Champions,100.0,Critical Risk,2780412.0
CUST04967,57,30192,681,Salaried,161981,24,2,167,19,34838,1,3,3,2,8,Loyal,100.0,Critical Risk,1187231.0
CUST04968,62,68016,670,Business,192280,24,1,120,20,33080,1,3,3,2,8,Loyal,89.5,Critical Risk,1543029.0
CUST04969,49,28215,752,Self-Employed,136716,36,1,84,20,90651,0,4,3,4,11,Champions,100.0,Critical Risk,5491720.0
CUST04970,62,66965,624,Salaried,71181,24,0,34,21,46979,1,4,3,3,10,Champions,40.5,Medium Risk,5107717.0
CUST04971,23,65563,831,Salaried,118208,24,1,114,13,53604,0,3,2,3,8,Loyal,56.8,High Risk,1690040.0
CUST04972,40,60325,816,Salaried,303786,60,0,338,27,20406,0,1,4,1,6,At Risk,100.0,Critical Risk,536986.0
CUST04973,32,83684,640,Salaried,240111,12,1,37,17,62081,1,4,3,4,11,Champions,85.7,Critical Risk,5240988.0
CUST04974,24,58759,665,Business,79484,60,2,171,24,53639,1,3,4,3,10,Champions,74.6,High Risk,2264471.0
CUST04975,30,69856,725,Freelance,46850,48,1,226,2,66786,0,2,1,4,7,At Risk,51.1,High Risk,185729.0
CUST04976,63,34517,710,Salaried,156067,36,0,156,24,24562,0,3,4,1,8,Loyal,100.0,Critical Risk,1117730.0
CUST04977,24,44985,801,Business,191998,12,1,209,28,5000,0,2,4,1,7,At Risk,100.0,Critical Risk,208147.0
CUST04978,60,84380,729,Salaried,143030,12,1,190,2,56722,1,2,1,3,6,At Risk,68.3,High Risk,182813.0
CUST04979,25,77502,650,Salaried,124569,60,1,108,28,78749,0,3,4,4,11,Champions,65.6,High Risk,5569652.0
CUST04980,29,78196,747,Salaried,153824,24,2,176,17,54769,1,3,3,3,9,Loyal,81.3,Critical Risk,1599255.0
CUST04981,25,58224,792,Self-Employed,141826,12,1,87,4,38001,0,4,1,2,7,At Risk,70.1,High Risk,449243.0
CUST04982,53,38747,681,Business,145560,48,1,194,5,12918,1,2,1,1,4,Lost,100.0,Critical Risk,102279.0
CUST04983,56,46557,621,Salaried,225612,36,1,332,15,9145,1,1,3,1,5,Lost,100.0,Critical Risk,135872.0
CUST04984,27,61234,701,Self-Employed,152408,36,0,183,9,35528,0,2,2,2,6,At Risk,75.7,Critical Risk,531706.0
CUST04985,58,61604,729,Salaried,34064,24,0,229,19,61128,0,2,3,4,9,Loyal,38.7,Medium Risk,1596696.0
CUST04986,65,70563,699,Business,182666,12,2,168,6,50878,1,3,1,3,7,At Risk,96.6,Critical Risk,544855.0
CUST04987,57,68234,719,Freelance,180895,24,0,324,12,56113,0,1,2,3,6,At Risk,89.2,Critical Risk,681761.0
CUST04988,65,32462,744,Salaried,38374,24,1,310,21,43765,0,1,3,2,6,At Risk,66.8,High Risk,968135.0
CUST04989,62,32222,708,Salaried,213821,48,1,60,15,56393,1,4,3,3,10,Champions,100.0,Critical Risk,3199499.0
CUST04990,50,73073,743,Self-Employed,22352,24,2,310,3,72209,1,1,1,4,6,At Risk,59.4,High Risk,228193.0
CUST04991,35,70325,782,Self-Employed,146718,24,3,24,23,64829,1,4,4,4,12,Champions,78.6,Critical Risk,8995693.0
CUST04992,52,70003,531,Business,267282,36,0,251,17,74263,1,2,3,4,9,Loyal,100.0,Critical Risk,1602789.0
CUST04993,37,35826,705,Freelance,237903,36,2,47,20,65529,1,4,3,4,11,Champions,100.0,Critical Risk,5728883.0
CUST04994,34,112604,699,Salaried,113987,60,0,158,18,19587,0,3,3,1,7,At Risk,44.2,Medium Risk,661628.0
CUST04995,55,69203,571,Salaried,186179,36,1,166,17,22967,1,3,3,1,7,At Risk,97.7,Critical Risk,703754.0
CUST04996,50,34525,733,Salaried,91057,60,0,236,18,44408,0,2,3,2,7,At Risk,80.7,Critical Risk,1070681.0
CUST04997,40,46740,697,Business,222205,12,3,283,27,44152,1,1,4,2,7,At Risk,100.0,Critical Risk,1361872.0
CUST04998,53,36940,650,Salaried,125417,48,2,48,24,99636,1,4,4,4,12,Champions,100.0,Critical Risk,10329129.0
CUST04999,51,60596,811,Salaried,249277,36,1,49,7,46941,0,4,1,3,8,Loyal,99.1,Critical Risk,1402740.0
CUST05000,27,35114,697,Self-Employed,246894,60,1,260,3,45573,1,2,1,3,6,At Risk,100.0,Critical Risk,168305.0
